ticker,report_date,time,fiscal_quarter_ending
A,2023-02-28,time-not-supplied,2023-01-31
A,2023-05-23,time-not-supplied,2023-04-30
A,2023-08-15,time-not-supplied,2023-07-31
A,2023-11-20,time-not-supplied,2023-10-31
A,2024-02-27,time-not-supplied,2024-01-31
A,2024-05-29,time-not-supplied,2024-04-30
A,2024-08-21,time-not-supplied,2024-07-31
A,2024-11-25,time-not-supplied,2024-10-31
A,2025-02-26,time-not-supplied,2025-01-31
A,2025-05-28,time-not-supplied,2025-04-30
A,2025-08-27,time-not-supplied,2025-07-31
A,2025-11-24,time-after-hours,2025-10-31
A,2026-02-25,time-not-supplied,2026-01-31
A,2026-05-26,after-market-close,2026-06-30
AAPL,2023-02-02,time-not-supplied,2022-12-31
AAPL,2023-05-04,time-not-supplied,2023-03-31
AAPL,2023-08-03,time-not-supplied,2023-06-30
AAPL,2023-11-02,time-not-supplied,2023-09-30
AAPL,2024-02-01,time-not-supplied,2023-12-31
AAPL,2024-05-02,time-not-supplied,2024-03-31
AAPL,2024-08-01,time-not-supplied,2024-06-30
AAPL,2024-10-31,time-not-supplied,2024-09-30
AAPL,2025-01-30,time-not-supplied,2024-12-31
AAPL,2025-05-01,time-not-supplied,2025-03-31
AAPL,2025-07-31,time-not-supplied,2025-06-30
AAPL,2025-10-30,time-not-supplied,2025-09-30
AAPL,2026-01-29,time-not-supplied,2025-12-31
AAPL,2026-04-29,after-market-close,2026-06-30
ABBV,2023-02-09,time-not-supplied,2022-12-31
ABBV,2023-04-27,time-not-supplied,2023-03-31
ABBV,2023-07-27,time-not-supplied,2023-06-30
ABBV,2023-10-27,time-not-supplied,2023-09-30
ABBV,2024-02-02,time-not-supplied,2023-12-31
ABBV,2024-04-26,time-not-supplied,2024-03-31
ABBV,2024-07-25,time-not-supplied,2024-06-30
ABBV,2024-10-30,time-not-supplied,2024-09-30
ABBV,2025-01-31,time-not-supplied,2024-12-31
ABBV,2025-04-25,time-not-supplied,2025-03-31
ABBV,2025-07-31,time-not-supplied,2025-06-30
ABBV,2025-10-31,time-not-supplied,2025-09-30
ABBV,2026-02-04,time-pre-market,2025-12-31
ABBV,2026-04-23,before-market-open,2026-03-31
ABNB,2023-02-14,time-not-supplied,2022-12-31
ABNB,2023-05-09,time-not-supplied,2023-03-31
ABNB,2023-08-03,time-not-supplied,2023-06-30
ABNB,2023-11-01,time-not-supplied,2023-09-30
ABNB,2024-02-13,time-not-supplied,2023-12-31
ABNB,2024-05-08,time-not-supplied,2024-03-31
ABNB,2024-08-06,time-not-supplied,2024-06-30
ABNB,2024-11-07,time-not-supplied,2024-09-30
ABNB,2025-02-13,time-not-supplied,2024-12-31
ABNB,2025-05-01,time-not-supplied,2025-03-31
ABNB,2025-08-06,time-not-supplied,2025-06-30
ABNB,2025-11-06,time-not-supplied,2025-09-30
ABNB,2026-02-12,time-after-hours,2025-12-31
ABNB,2026-04-29,after-market-close,2026-03-31
ABT,2023-01-25,time-not-supplied,2022-12-31
ABT,2023-04-19,time-not-supplied,2023-03-31
ABT,2023-07-20,time-not-supplied,2023-06-30
ABT,2023-10-18,time-not-supplied,2023-09-30
ABT,2024-01-24,time-not-supplied,2023-12-31
ABT,2024-04-17,time-not-supplied,2024-03-31
ABT,2024-07-18,time-not-supplied,2024-06-30
ABT,2024-10-16,time-not-supplied,2024-09-30
ABT,2025-01-22,time-not-supplied,2024-12-31
ABT,2025-04-16,time-not-supplied,2025-03-31
ABT,2025-07-17,time-not-supplied,2025-06-30
ABT,2025-10-15,time-not-supplied,2025-09-30
ABT,2026-01-22,time-not-supplied,2025-12-31
ABT,2026-04-14,before-market-open,2026-03-31
ACGL,2023-02-13,time-not-supplied,2022-12-31
ACGL,2023-04-26,time-not-supplied,2023-03-31
ACGL,2023-07-26,time-not-supplied,2023-06-30
ACGL,2023-10-30,time-not-supplied,2023-09-30
ACGL,2024-02-14,time-not-supplied,2023-12-31
ACGL,2024-04-29,time-not-supplied,2024-03-31
ACGL,2024-07-30,time-not-supplied,2024-06-30
ACGL,2024-10-30,time-not-supplied,2024-09-30
ACGL,2025-02-10,time-not-supplied,2024-12-31
ACGL,2025-04-29,time-not-supplied,2025-03-31
ACGL,2025-07-29,time-not-supplied,2025-06-30
ACGL,2025-10-27,time-not-supplied,2025-09-30
ACGL,2026-02-09,time-not-supplied,2025-12-31
ACGL,2026-04-27,after-market-close,2026-03-31
ACN,2023-03-23,time-not-supplied,2023-02-28
ACN,2023-06-22,time-not-supplied,2023-05-31
ACN,2023-09-28,time-not-supplied,2023-08-31
ACN,2023-12-19,time-not-supplied,2023-11-30
ACN,2024-03-21,time-not-supplied,2024-02-29
ACN,2024-06-20,time-not-supplied,2024-05-31
ACN,2024-09-26,time-not-supplied,2024-08-31
ACN,2024-12-19,time-not-supplied,2024-11-30
ACN,2025-03-20,time-not-supplied,2025-02-28
ACN,2025-06-20,time-not-supplied,2025-05-31
ACN,2025-09-25,time-pre-market,2025-08-31
ACN,2025-12-18,time-not-supplied,2025-11-30
ACN,2026-03-19,before-market-open,2026-06-30
ADBE,2023-03-15,time-not-supplied,2023-02-28
ADBE,2023-06-15,time-not-supplied,2023-05-31
ADBE,2023-09-14,time-not-supplied,2023-08-31
ADBE,2023-12-13,time-not-supplied,2023-11-30
ADBE,2024-03-14,time-not-supplied,2024-02-29
ADBE,2024-06-13,time-not-supplied,2024-05-31
ADBE,2024-09-12,time-not-supplied,2024-08-31
ADBE,2024-12-11,time-not-supplied,2024-11-30
ADBE,2025-03-12,time-not-supplied,2025-02-28
ADBE,2025-06-12,time-not-supplied,2025-05-31
ADBE,2025-09-11,time-not-supplied,2025-08-31
ADBE,2025-12-10,time-not-supplied,2025-11-30
ADBE,2026-03-12,after-market-close,2026-03-31
ADI,2023-02-15,time-not-supplied,2023-01-31
ADI,2023-05-24,time-not-supplied,2023-04-30
ADI,2023-08-23,time-not-supplied,2023-07-31
ADI,2023-11-21,time-not-supplied,2023-10-31
ADI,2024-02-21,time-not-supplied,2024-01-31
ADI,2024-05-22,time-not-supplied,2024-04-30
ADI,2024-08-21,time-not-supplied,2024-07-31
ADI,2024-11-26,time-not-supplied,2024-10-31
ADI,2025-02-19,time-not-supplied,2025-01-31
ADI,2025-05-22,time-not-supplied,2025-04-30
ADI,2025-08-20,time-not-supplied,2025-07-31
ADI,2025-11-25,time-not-supplied,2025-10-31
ADI,2026-02-18,time-pre-market,2026-01-31
ADI,2026-05-20,before-market-open,2026-06-30
ADM,2023-01-26,time-not-supplied,2022-12-31
ADM,2023-04-25,time-not-supplied,2023-03-31
ADM,2023-07-25,time-not-supplied,2023-06-30
ADM,2023-10-24,time-not-supplied,2023-09-30
ADM,2024-03-12,time-not-supplied,2023-12-31
ADM,2024-04-30,time-not-supplied,2024-03-31
ADM,2024-07-30,time-not-supplied,2024-06-30
ADM,2024-11-18,time-not-supplied,2024-09-30
ADM,2025-02-04,time-not-supplied,2024-12-31
ADM,2025-05-06,time-not-supplied,2025-03-31
ADM,2025-08-05,time-not-supplied,2025-06-30
ADM,2025-11-04,time-not-supplied,2025-09-30
ADM,2026-02-03,time-not-supplied,2025-12-31
ADM,2026-05-04,before-market-open,2026-03-31
ADP,2023-01-25,time-not-supplied,2022-12-31
ADP,2023-04-26,time-not-supplied,2023-03-31
ADP,2023-07-26,time-not-supplied,2023-06-30
ADP,2023-10-25,time-not-supplied,2023-09-30
ADP,2024-01-31,time-not-supplied,2023-12-31
ADP,2024-05-01,time-not-supplied,2024-03-31
ADP,2024-07-31,time-not-supplied,2024-06-30
ADP,2024-10-30,time-not-supplied,2024-09-30
ADP,2025-01-29,time-not-supplied,2024-12-31
ADP,2025-04-30,time-not-supplied,2025-03-31
ADP,2025-07-30,time-not-supplied,2025-06-30
ADP,2025-10-29,time-not-supplied,2025-09-30
ADP,2026-01-28,time-pre-market,2025-12-31
ADP,2026-04-28,before-market-open,2026-09-30
ADSK,2023-02-23,time-not-supplied,2023-01-31
ADSK,2023-05-25,time-not-supplied,2023-04-30
ADSK,2023-08-23,time-not-supplied,2023-07-31
ADSK,2023-11-21,time-not-supplied,2023-10-31
ADSK,2024-02-29,time-not-supplied,2024-01-31
ADSK,2024-06-11,time-not-supplied,2024-04-30
ADSK,2024-08-29,time-not-supplied,2024-07-31
ADSK,2024-11-26,time-not-supplied,2024-10-31
ADSK,2025-02-27,time-not-supplied,2025-01-31
ADSK,2025-05-22,time-not-supplied,2025-04-30
ADSK,2025-08-28,time-not-supplied,2025-07-31
ADSK,2025-11-25,time-not-supplied,2025-10-31
ADSK,2026-02-26,time-not-supplied,2026-01-31
ADSK,2026-05-20,time-not-supplied,2027-03-31
AEE,2023-02-15,time-not-supplied,2022-12-31
AEE,2023-05-04,time-not-supplied,2023-03-31
AEE,2023-08-02,time-not-supplied,2023-06-30
AEE,2023-11-08,time-not-supplied,2023-09-30
AEE,2024-02-22,time-not-supplied,2023-12-31
AEE,2024-05-02,time-not-supplied,2024-03-31
AEE,2024-08-01,time-not-supplied,2024-06-30
AEE,2024-11-06,time-not-supplied,2024-09-30
AEE,2025-02-13,time-not-supplied,2024-12-31
AEE,2025-05-01,time-not-supplied,2025-03-31
AEE,2025-07-31,time-not-supplied,2025-06-30
AEE,2025-11-05,time-not-supplied,2025-09-30
AEE,2026-02-11,time-after-hours,2025-12-31
AEE,2026-04-29,time-not-supplied,2026-03-31
AEP,2023-02-23,time-not-supplied,2022-12-31
AEP,2023-05-04,time-not-supplied,2023-03-31
AEP,2023-07-27,time-not-supplied,2023-06-30
AEP,2023-11-02,time-not-supplied,2023-09-30
AEP,2024-02-26,time-not-supplied,2023-12-31
AEP,2024-04-30,time-not-supplied,2024-03-31
AEP,2024-07-30,time-not-supplied,2024-06-30
AEP,2024-11-06,time-not-supplied,2024-09-30
AEP,2025-02-13,time-not-supplied,2024-12-31
AEP,2025-05-06,time-not-supplied,2025-03-31
AEP,2025-07-30,time-not-supplied,2025-06-30
AEP,2025-10-29,time-not-supplied,2025-09-30
AEP,2026-02-12,time-pre-market,2025-12-31
AEP,2026-05-04,before-market-open,2026-03-31
AES,2023-02-27,time-not-supplied,2022-12-31
AES,2023-05-04,time-not-supplied,2023-03-31
AES,2023-08-03,time-not-supplied,2023-06-30
AES,2023-11-02,time-not-supplied,2023-09-30
AES,2024-02-26,time-not-supplied,2023-12-31
AES,2024-05-02,time-not-supplied,2024-03-31
AES,2024-08-01,time-not-supplied,2024-06-30
AES,2024-10-31,time-not-supplied,2024-09-30
AES,2025-02-28,time-not-supplied,2024-12-31
AES,2025-05-01,time-not-supplied,2025-03-31
AES,2025-07-31,time-not-supplied,2025-06-30
AES,2025-11-04,time-not-supplied,2025-09-30
AES,2026-02-26,time-after-hours,2025-12-31
AES,2026-03-31,time-not-supplied,2026-03-31
AFL,2023-02-01,time-not-supplied,2022-12-31
AFL,2023-04-26,time-not-supplied,2023-03-31
AFL,2023-08-01,time-not-supplied,2023-06-30
AFL,2023-11-01,time-not-supplied,2023-09-30
AFL,2024-01-31,time-not-supplied,2023-12-31
AFL,2024-05-01,time-not-supplied,2024-03-31
AFL,2024-07-31,time-not-supplied,2024-06-30
AFL,2024-10-30,time-not-supplied,2024-09-30
AFL,2025-02-05,time-not-supplied,2024-12-31
AFL,2025-04-30,time-not-supplied,2025-03-31
AFL,2025-08-05,time-not-supplied,2025-06-30
AFL,2025-11-04,time-not-supplied,2025-09-30
AFL,2026-02-04,time-after-hours,2025-12-31
AFL,2026-04-29,after-market-close,2026-03-31
AIG,2023-02-15,time-not-supplied,2022-12-31
AIG,2023-05-04,time-not-supplied,2023-03-31
AIG,2023-08-01,time-not-supplied,2023-06-30
AIG,2023-11-01,time-not-supplied,2023-09-30
AIG,2024-02-13,time-not-supplied,2023-12-31
AIG,2024-05-01,time-not-supplied,2024-03-31
AIG,2024-07-31,time-not-supplied,2024-06-30
AIG,2024-11-04,time-not-supplied,2024-09-30
AIG,2025-02-11,time-not-supplied,2024-12-31
AIG,2025-05-01,time-not-supplied,2025-03-31
AIG,2025-08-06,time-not-supplied,2025-06-30
AIG,2025-11-04,time-not-supplied,2025-09-30
AIG,2026-02-10,time-after-hours,2025-12-31
AIG,2026-04-29,after-market-close,2026-03-31
AIZ,2023-02-07,time-not-supplied,2022-12-31
AIZ,2023-05-02,time-not-supplied,2023-03-31
AIZ,2023-08-01,time-not-supplied,2023-06-30
AIZ,2023-10-31,time-not-supplied,2023-09-30
AIZ,2024-02-06,time-not-supplied,2023-12-31
AIZ,2024-05-07,time-not-supplied,2024-03-31
AIZ,2024-08-06,time-not-supplied,2024-06-30
AIZ,2024-11-05,time-not-supplied,2024-09-30
AIZ,2025-02-11,time-not-supplied,2024-12-31
AIZ,2025-05-06,time-not-supplied,2025-03-31
AIZ,2025-08-05,time-not-supplied,2025-06-30
AIZ,2025-11-04,time-not-supplied,2025-09-30
AIZ,2026-02-10,time-after-hours,2025-12-31
AIZ,2026-05-04,time-not-supplied,2026-03-31
AJG,2023-01-26,time-not-supplied,2022-12-31
AJG,2023-04-27,time-not-supplied,2023-03-31
AJG,2023-07-27,time-not-supplied,2023-06-30
AJG,2023-10-26,time-not-supplied,2023-09-30
AJG,2024-01-25,time-not-supplied,2023-12-31
AJG,2024-04-25,time-not-supplied,2024-03-31
AJG,2024-07-25,time-not-supplied,2024-06-30
AJG,2024-10-24,time-not-supplied,2024-09-30
AJG,2025-01-30,time-not-supplied,2024-12-31
AJG,2025-05-01,time-not-supplied,2025-03-31
AJG,2025-07-31,time-not-supplied,2025-06-30
AJG,2025-10-30,time-not-supplied,2025-09-30
AJG,2026-01-29,time-not-supplied,2025-12-31
AJG,2026-04-29,after-market-close,2026-03-31
AKAM,2023-02-14,time-not-supplied,2022-12-31
AKAM,2023-05-09,time-not-supplied,2023-03-31
AKAM,2023-08-08,time-not-supplied,2023-06-30
AKAM,2023-11-07,time-not-supplied,2023-09-30
AKAM,2024-02-13,time-not-supplied,2023-12-31
AKAM,2024-05-09,time-not-supplied,2024-03-31
AKAM,2024-08-08,time-not-supplied,2024-06-30
AKAM,2024-11-07,time-not-supplied,2024-09-30
AKAM,2025-02-20,time-not-supplied,2024-12-31
AKAM,2025-05-08,time-not-supplied,2025-03-31
AKAM,2025-08-07,time-not-supplied,2025-06-30
AKAM,2025-11-06,time-not-supplied,2025-09-30
AKAM,2026-02-19,time-after-hours,2025-12-31
AKAM,2026-05-06,after-market-close,2026-03-31
ALB,2023-02-15,time-not-supplied,2022-12-31
ALB,2023-05-03,time-not-supplied,2023-03-31
ALB,2023-08-02,time-not-supplied,2023-06-30
ALB,2023-11-01,time-not-supplied,2023-09-30
ALB,2024-02-14,time-not-supplied,2023-12-31
ALB,2024-05-01,time-not-supplied,2024-03-31
ALB,2024-07-31,time-not-supplied,2024-06-30
ALB,2024-11-06,time-not-supplied,2024-09-30
ALB,2025-02-12,time-not-supplied,2024-12-31
ALB,2025-04-30,time-not-supplied,2025-03-31
ALB,2025-07-30,time-not-supplied,2025-06-30
ALB,2025-11-05,time-not-supplied,2025-09-30
ALB,2026-02-11,time-after-hours,2025-12-31
ALB,2026-04-28,after-market-close,2026-03-31
ALGN,2023-02-01,time-not-supplied,2022-12-31
ALGN,2023-04-26,time-not-supplied,2023-03-31
ALGN,2023-07-26,time-not-supplied,2023-06-30
ALGN,2023-10-25,time-not-supplied,2023-09-30
ALGN,2024-01-31,time-not-supplied,2023-12-31
ALGN,2024-04-24,time-not-supplied,2024-03-31
ALGN,2024-07-24,time-not-supplied,2024-06-30
ALGN,2024-10-23,time-not-supplied,2024-09-30
ALGN,2025-02-05,time-not-supplied,2024-12-31
ALGN,2025-04-30,time-not-supplied,2025-03-31
ALGN,2025-07-30,time-not-supplied,2025-06-30
ALGN,2025-10-29,time-not-supplied,2025-09-30
ALGN,2026-02-04,time-after-hours,2025-12-31
ALGN,2026-04-29,after-market-close,2026-03-31
ALL,2023-02-01,time-not-supplied,2022-12-31
ALL,2023-05-03,time-not-supplied,2023-03-31
ALL,2023-08-01,time-not-supplied,2023-06-30
ALL,2023-11-01,time-not-supplied,2023-09-30
ALL,2024-02-07,time-not-supplied,2023-12-31
ALL,2024-05-01,time-not-supplied,2024-03-31
ALL,2024-07-31,time-not-supplied,2024-06-30
ALL,2024-10-30,time-not-supplied,2024-09-30
ALL,2025-02-05,time-not-supplied,2024-12-31
ALL,2025-04-30,time-not-supplied,2025-03-31
ALL,2025-07-30,time-not-supplied,2025-06-30
ALL,2025-11-05,time-not-supplied,2025-09-30
ALL,2026-02-04,time-after-hours,2025-12-31
ALL,2026-04-29,after-market-close,2026-03-31
ALLE,2023-02-22,time-not-supplied,2022-12-31
ALLE,2023-04-26,time-not-supplied,2023-03-31
ALLE,2023-07-26,time-not-supplied,2023-06-30
ALLE,2023-10-31,time-not-supplied,2023-09-30
ALLE,2024-02-20,time-not-supplied,2023-12-31
ALLE,2024-04-25,time-not-supplied,2024-03-31
ALLE,2024-07-24,time-not-supplied,2024-06-30
ALLE,2024-10-24,time-not-supplied,2024-09-30
ALLE,2025-02-18,time-not-supplied,2024-12-31
ALLE,2025-04-24,time-not-supplied,2025-03-31
ALLE,2025-07-24,time-not-supplied,2025-06-30
ALLE,2025-10-23,time-pre-market,2025-09-30
ALLE,2026-02-17,time-pre-market,2025-12-31
ALLE,2026-04-22,time-not-supplied,2026-03-31
AMAT,2023-02-16,time-not-supplied,2023-01-31
AMAT,2023-05-18,time-not-supplied,2023-04-30
AMAT,2023-08-17,time-not-supplied,2023-07-31
AMAT,2023-11-16,time-not-supplied,2023-10-31
AMAT,2024-02-15,time-not-supplied,2024-01-31
AMAT,2024-05-16,time-not-supplied,2024-04-30
AMAT,2024-08-15,time-not-supplied,2024-07-31
AMAT,2024-11-14,time-not-supplied,2024-10-31
AMAT,2025-02-13,time-not-supplied,2025-01-31
AMAT,2025-05-15,time-not-supplied,2025-04-30
AMAT,2025-08-14,time-not-supplied,2025-07-31
AMAT,2025-11-13,time-not-supplied,2025-10-31
AMAT,2026-02-12,time-after-hours,2026-01-31
AMAT,2026-05-14,after-market-close,2026-06-30
AMCR,2023-02-07,time-not-supplied,2022-12-31
AMCR,2023-05-02,time-not-supplied,2023-03-31
AMCR,2023-08-16,time-not-supplied,2023-06-30
AMCR,2023-10-31,time-not-supplied,2023-09-30
AMCR,2024-02-06,time-not-supplied,2023-12-31
AMCR,2024-04-30,time-not-supplied,2024-03-31
AMCR,2024-08-15,time-not-supplied,2024-06-30
AMCR,2024-10-31,time-not-supplied,2024-09-30
AMCR,2025-02-04,time-not-supplied,2024-12-31
AMCR,2025-04-30,time-not-supplied,2025-03-31
AMCR,2025-08-14,time-not-supplied,2025-06-30
AMCR,2025-11-05,time-not-supplied,2025-09-30
AMCR,2026-02-03,time-not-supplied,2025-12-31
AMCR,2026-04-28,time-not-supplied,2026-09-30
AMD,2023-01-31,time-not-supplied,2022-12-31
AMD,2023-05-02,time-not-supplied,2023-03-31
AMD,2023-08-01,time-not-supplied,2023-06-30
AMD,2023-10-31,time-not-supplied,2023-09-30
AMD,2024-01-30,time-not-supplied,2023-12-31
AMD,2024-04-30,time-not-supplied,2024-03-31
AMD,2024-07-30,time-not-supplied,2024-06-30
AMD,2024-10-29,time-not-supplied,2024-09-30
AMD,2025-02-04,time-not-supplied,2024-12-31
AMD,2025-05-06,time-not-supplied,2025-03-31
AMD,2025-08-05,time-not-supplied,2025-06-30
AMD,2025-11-04,time-not-supplied,2025-09-30
AMD,2026-02-03,time-not-supplied,2025-12-31
AMD,2026-05-04,after-market-close,2026-03-31
AME,2023-02-02,time-not-supplied,2022-12-31
AME,2023-05-02,time-not-supplied,2023-03-31
AME,2023-08-01,time-not-supplied,2023-06-30
AME,2023-10-31,time-not-supplied,2023-09-30
AME,2024-02-06,time-not-supplied,2023-12-31
AME,2024-05-02,time-not-supplied,2024-03-31
AME,2024-08-01,time-not-supplied,2024-06-30
AME,2024-10-31,time-not-supplied,2024-09-30
AME,2025-02-04,time-not-supplied,2024-12-31
AME,2025-05-01,time-not-supplied,2025-03-31
AME,2025-07-31,time-not-supplied,2025-06-30
AME,2025-10-30,time-not-supplied,2025-09-30
AME,2026-02-03,time-not-supplied,2025-12-31
AME,2026-04-29,before-market-open,2026-03-31
AMGN,2023-01-31,time-not-supplied,2022-12-31
AMGN,2023-04-27,time-not-supplied,2023-03-31
AMGN,2023-08-03,time-not-supplied,2023-06-30
AMGN,2023-10-31,time-not-supplied,2023-09-30
AMGN,2024-02-06,time-not-supplied,2023-12-31
AMGN,2024-05-02,time-not-supplied,2024-03-31
AMGN,2024-08-06,time-not-supplied,2024-06-30
AMGN,2024-10-30,time-not-supplied,2024-09-30
AMGN,2025-02-04,time-not-supplied,2024-12-31
AMGN,2025-05-01,time-not-supplied,2025-03-31
AMGN,2025-08-05,time-not-supplied,2025-06-30
AMGN,2025-11-04,time-not-supplied,2025-09-30
AMGN,2026-02-03,time-not-supplied,2025-12-31
AMGN,2026-04-29,after-market-close,2026-03-31
AMP,2023-01-25,time-not-supplied,2022-12-31
AMP,2023-04-24,time-not-supplied,2023-03-31
AMP,2023-07-26,time-not-supplied,2023-06-30
AMP,2023-10-25,time-not-supplied,2023-09-30
AMP,2024-01-24,time-not-supplied,2023-12-31
AMP,2024-04-22,time-not-supplied,2024-03-31
AMP,2024-07-24,time-not-supplied,2024-06-30
AMP,2024-10-23,time-not-supplied,2024-09-30
AMP,2025-01-29,time-not-supplied,2024-12-31
AMP,2025-04-24,time-not-supplied,2025-03-31
AMP,2025-07-24,time-not-supplied,2025-06-30
AMP,2025-10-30,time-not-supplied,2025-09-30
AMP,2026-01-29,time-not-supplied,2025-12-31
AMP,2026-04-22,after-market-close,2026-03-31
AMT,2023-02-23,time-not-supplied,2022-12-31
AMT,2023-04-26,time-not-supplied,2023-03-31
AMT,2023-07-27,time-not-supplied,2023-06-30
AMT,2023-10-26,time-not-supplied,2023-09-30
AMT,2024-02-27,time-not-supplied,2023-12-31
AMT,2024-04-30,time-not-supplied,2024-03-31
AMT,2024-07-30,time-not-supplied,2024-06-30
AMT,2024-10-29,time-not-supplied,2024-09-30
AMT,2025-02-25,time-not-supplied,2024-12-31
AMT,2025-04-29,time-not-supplied,2025-03-31
AMT,2025-07-29,time-not-supplied,2025-06-30
AMT,2025-10-28,time-not-supplied,2025-09-30
AMT,2026-02-24,time-not-supplied,2025-12-31
AMT,2026-04-27,time-not-supplied,2026-03-31
AMZN,2023-02-02,time-not-supplied,2022-12-31
AMZN,2023-04-27,time-not-supplied,2023-03-31
AMZN,2023-08-03,time-not-supplied,2023-06-30
AMZN,2023-10-26,time-not-supplied,2023-09-30
AMZN,2024-02-01,time-not-supplied,2023-12-31
AMZN,2024-04-30,time-not-supplied,2024-03-31
AMZN,2024-08-01,time-not-supplied,2024-06-30
AMZN,2024-10-31,time-not-supplied,2024-09-30
AMZN,2025-02-06,time-not-supplied,2024-12-31
AMZN,2025-05-01,time-not-supplied,2025-03-31
AMZN,2025-07-31,time-not-supplied,2025-06-30
AMZN,2025-10-30,time-not-supplied,2025-09-30
AMZN,2026-02-05,time-not-supplied,2025-12-31
AMZN,2026-04-29,after-market-close,2026-03-31
ANET,2023-02-13,time-not-supplied,2022-12-31
ANET,2023-05-01,time-not-supplied,2023-03-31
ANET,2023-07-31,time-not-supplied,2023-06-30
ANET,2023-10-30,time-not-supplied,2023-09-30
ANET,2024-02-12,time-not-supplied,2023-12-31
ANET,2024-05-07,time-not-supplied,2024-03-31
ANET,2024-07-30,time-not-supplied,2024-06-30
ANET,2024-11-07,time-not-supplied,2024-09-30
ANET,2025-02-18,time-not-supplied,2024-12-31
ANET,2025-05-06,time-not-supplied,2025-03-31
ANET,2025-08-05,time-not-supplied,2025-06-30
ANET,2025-11-04,time-not-supplied,2025-09-30
ANET,2026-02-12,time-after-hours,2025-12-31
ANET,2026-05-04,after-market-close,2026-03-31
AON,2023-02-03,time-not-supplied,2022-12-31
AON,2023-04-28,time-not-supplied,2023-03-31
AON,2023-07-28,time-not-supplied,2023-06-30
AON,2023-10-27,time-not-supplied,2023-09-30
AON,2024-02-02,time-not-supplied,2023-12-31
AON,2024-04-26,time-not-supplied,2024-03-31
AON,2024-07-26,time-not-supplied,2024-06-30
AON,2024-10-25,time-not-supplied,2024-09-30
AON,2025-01-31,time-not-supplied,2024-12-31
AON,2025-04-25,time-not-supplied,2025-03-31
AON,2025-07-25,time-not-supplied,2025-06-30
AON,2025-10-31,time-not-supplied,2025-09-30
AON,2026-01-30,time-pre-market,2025-12-31
AON,2026-04-23,before-market-open,2026-03-31
AOS,2023-01-31,time-not-supplied,2022-12-31
AOS,2023-04-27,time-not-supplied,2023-03-31
AOS,2023-07-27,time-not-supplied,2023-06-30
AOS,2023-10-26,time-not-supplied,2023-09-30
AOS,2024-01-30,time-not-supplied,2023-12-31
AOS,2024-04-25,time-not-supplied,2024-03-31
AOS,2024-07-23,time-not-supplied,2024-06-30
AOS,2024-10-22,time-not-supplied,2024-09-30
AOS,2025-01-30,time-not-supplied,2024-12-31
AOS,2025-04-29,time-not-supplied,2025-03-31
AOS,2025-07-24,time-not-supplied,2025-06-30
AOS,2025-10-28,time-not-supplied,2025-09-30
AOS,2026-01-29,time-not-supplied,2025-12-31
AOS,2026-04-27,time-not-supplied,2026-03-31
APA,2023-02-22,time-not-supplied,2022-12-31
APA,2023-05-03,time-not-supplied,2023-03-31
APA,2023-08-02,time-not-supplied,2023-06-30
APA,2023-11-01,time-not-supplied,2023-09-30
APA,2024-02-21,time-not-supplied,2023-12-31
APA,2024-05-01,time-not-supplied,2024-03-31
APA,2024-07-31,time-not-supplied,2024-06-30
APA,2024-11-06,time-not-supplied,2024-09-30
APA,2025-02-26,time-not-supplied,2024-12-31
APA,2025-05-07,time-not-supplied,2025-03-31
APA,2025-08-06,time-not-supplied,2025-06-30
APA,2025-11-05,time-not-supplied,2025-09-30
APA,2026-02-25,time-not-supplied,2025-12-31
APA,2026-05-05,after-market-close,2026-03-31
APD,2023-02-02,time-not-supplied,2022-12-31
APD,2023-05-09,time-not-supplied,2023-03-31
APD,2023-08-03,time-not-supplied,2023-06-30
APD,2023-11-07,time-not-supplied,2023-09-30
APD,2024-02-05,time-not-supplied,2023-12-31
APD,2024-04-30,time-not-supplied,2024-03-31
APD,2024-08-01,time-not-supplied,2024-06-30
APD,2024-11-07,time-not-supplied,2024-09-30
APD,2025-02-06,time-not-supplied,2024-12-31
APD,2025-05-01,time-not-supplied,2025-03-31
APD,2025-07-31,time-not-supplied,2025-06-30
APD,2025-11-06,time-not-supplied,2025-09-30
APD,2026-01-30,time-pre-market,2025-12-31
APD,2026-02-05,time-not-supplied,2025-12-31
APD,2026-04-29,before-market-open,2026-06-30
APH,2023-01-25,time-not-supplied,2022-12-31
APH,2023-04-26,time-not-supplied,2023-03-31
APH,2023-07-26,time-not-supplied,2023-06-30
APH,2023-10-25,time-not-supplied,2023-09-30
APH,2024-01-24,time-not-supplied,2023-12-31
APH,2024-04-24,time-not-supplied,2024-03-31
APH,2024-07-24,time-not-supplied,2024-06-30
APH,2024-10-23,time-not-supplied,2024-09-30
APH,2025-01-22,time-not-supplied,2024-12-31
APH,2025-04-23,time-not-supplied,2025-03-31
APH,2025-07-23,time-not-supplied,2025-06-30
APH,2025-10-22,time-not-supplied,2025-09-30
APH,2026-01-28,time-pre-market,2025-12-31
APH,2026-04-21,time-not-supplied,2026-03-31
APO,2023-02-09,time-not-supplied,2022-12-31
APO,2023-05-09,time-not-supplied,2023-03-31
APO,2023-08-03,time-not-supplied,2023-06-30
APO,2023-11-01,time-not-supplied,2023-09-30
APO,2024-02-08,time-not-supplied,2023-12-31
APO,2024-05-02,time-not-supplied,2024-03-31
APO,2024-08-01,time-not-supplied,2024-06-30
APO,2024-11-05,time-not-supplied,2024-09-30
APO,2025-02-04,time-not-supplied,2024-12-31
APO,2025-05-02,time-not-supplied,2025-03-31
APO,2025-08-05,time-not-supplied,2025-06-30
APO,2025-11-04,time-not-supplied,2025-09-30
APO,2026-02-09,time-not-supplied,2025-12-31
APO,2026-04-30,before-market-open,2026-03-31
APTV,2023-02-02,time-not-supplied,2022-12-31
APTV,2023-05-04,time-not-supplied,2023-03-31
APTV,2023-08-03,time-not-supplied,2023-06-30
APTV,2023-11-02,time-not-supplied,2023-09-30
APTV,2024-01-31,time-not-supplied,2023-12-31
APTV,2024-05-02,time-not-supplied,2024-03-31
APTV,2024-08-01,time-not-supplied,2024-06-30
APTV,2024-10-31,time-not-supplied,2024-09-30
APTV,2025-02-06,time-not-supplied,2024-12-31
APTV,2025-05-01,time-not-supplied,2025-03-31
APTV,2025-07-31,time-not-supplied,2025-06-30
APTV,2025-10-30,time-not-supplied,2025-09-30
APTV,2026-02-02,time-pre-market,2025-12-31
APTV,2026-04-29,before-market-open,2026-03-31
ARE,2023-01-30,time-not-supplied,2022-12-31
ARE,2023-04-24,time-not-supplied,2023-03-31
ARE,2023-07-24,time-not-supplied,2023-06-30
ARE,2023-10-23,time-not-supplied,2023-09-30
ARE,2024-01-29,time-not-supplied,2023-12-31
ARE,2024-04-22,time-not-supplied,2024-03-31
ARE,2024-07-22,time-not-supplied,2024-06-30
ARE,2024-10-21,time-not-supplied,2024-09-30
ARE,2025-01-27,time-not-supplied,2024-12-31
ARE,2025-04-28,time-not-supplied,2025-03-31
ARE,2025-07-21,time-not-supplied,2025-06-30
ARE,2025-10-27,time-not-supplied,2025-09-30
ARE,2026-01-26,time-not-supplied,2025-12-31
ARE,2026-04-27,time-not-supplied,2026-03-31
ATO,2023-02-07,time-not-supplied,2022-12-31
ATO,2023-05-03,time-not-supplied,2023-03-31
ATO,2023-08-02,time-not-supplied,2023-06-30
ATO,2023-11-08,time-not-supplied,2023-09-30
ATO,2024-02-06,time-not-supplied,2023-12-31
ATO,2024-05-08,time-not-supplied,2024-03-31
ATO,2024-08-07,time-not-supplied,2024-06-30
ATO,2024-11-06,time-not-supplied,2024-09-30
ATO,2025-02-04,time-not-supplied,2024-12-31
ATO,2025-05-07,time-not-supplied,2025-03-31
ATO,2025-08-06,time-not-supplied,2025-06-30
ATO,2025-11-05,time-not-supplied,2025-09-30
ATO,2026-02-03,time-not-supplied,2025-12-31
ATO,2026-05-05,time-not-supplied,2026-06-30
AVB,2023-02-08,time-not-supplied,2022-12-31
AVB,2023-04-26,time-not-supplied,2023-03-31
AVB,2023-07-31,time-not-supplied,2023-06-30
AVB,2023-10-25,time-not-supplied,2023-09-30
AVB,2024-01-31,time-not-supplied,2023-12-31
AVB,2024-04-25,time-not-supplied,2024-03-31
AVB,2024-07-31,time-not-supplied,2024-06-30
AVB,2024-11-04,time-not-supplied,2024-09-30
AVB,2025-02-05,time-not-supplied,2024-12-31
AVB,2025-04-30,time-not-supplied,2025-03-31
AVB,2025-07-30,time-not-supplied,2025-06-30
AVB,2025-10-29,time-not-supplied,2025-09-30
AVB,2026-02-04,time-after-hours,2025-12-31
AVB,2026-04-28,after-market-close,2026-03-31
AVGO,2023-03-02,time-not-supplied,2023-01-31
AVGO,2023-06-01,time-not-supplied,2023-04-30
AVGO,2023-08-31,time-not-supplied,2023-07-31
AVGO,2023-12-07,time-not-supplied,2023-10-31
AVGO,2024-03-07,time-not-supplied,2024-01-31
AVGO,2024-06-12,time-not-supplied,2024-04-30
AVGO,2024-09-05,time-not-supplied,2024-07-31
AVGO,2024-12-12,time-not-supplied,2024-10-31
AVGO,2025-03-06,time-not-supplied,2025-01-31
AVGO,2025-06-05,time-not-supplied,2025-04-30
AVGO,2025-09-04,time-not-supplied,2025-07-31
AVGO,2025-12-11,time-not-supplied,2025-10-31
AVGO,2026-03-04,after-market-close,2026-03-31
AVY,2023-02-02,time-not-supplied,2022-12-31
AVY,2023-04-26,time-not-supplied,2023-03-31
AVY,2023-07-25,time-not-supplied,2023-06-30
AVY,2023-10-25,time-not-supplied,2023-09-30
AVY,2024-01-31,time-not-supplied,2023-12-31
AVY,2024-04-24,time-not-supplied,2024-03-31
AVY,2024-07-23,time-not-supplied,2024-06-30
AVY,2024-10-23,time-not-supplied,2024-09-30
AVY,2025-01-30,time-not-supplied,2024-12-31
AVY,2025-04-23,time-not-supplied,2025-03-31
AVY,2025-07-22,time-not-supplied,2025-06-30
AVY,2025-10-22,time-not-supplied,2025-09-30
AVY,2026-02-04,time-pre-market,2025-12-31
AVY,2026-04-21,before-market-open,2026-03-31
AWK,2023-02-15,time-not-supplied,2022-12-31
AWK,2023-04-26,time-not-supplied,2023-03-31
AWK,2023-07-26,time-not-supplied,2023-06-30
AWK,2023-11-01,time-not-supplied,2023-09-30
AWK,2024-02-14,time-not-supplied,2023-12-31
AWK,2024-05-01,time-not-supplied,2024-03-31
AWK,2024-07-31,time-not-supplied,2024-06-30
AWK,2024-10-30,time-not-supplied,2024-09-30
AWK,2025-02-19,time-not-supplied,2024-12-31
AWK,2025-04-30,time-not-supplied,2025-03-31
AWK,2025-07-30,time-not-supplied,2025-06-30
AWK,2025-10-29,time-not-supplied,2025-09-30
AWK,2026-02-18,time-after-hours,2025-12-31
AWK,2026-04-28,time-not-supplied,2026-03-31
AXON,2023-02-28,time-not-supplied,2022-12-31
AXON,2023-05-09,time-not-supplied,2023-03-31
AXON,2023-08-08,time-not-supplied,2023-06-30
AXON,2023-11-07,time-not-supplied,2023-09-30
AXON,2024-02-27,time-not-supplied,2023-12-31
AXON,2024-05-06,time-not-supplied,2024-03-31
AXON,2024-08-06,time-not-supplied,2024-06-30
AXON,2024-11-07,time-not-supplied,2024-09-30
AXON,2025-02-25,time-not-supplied,2024-12-31
AXON,2025-05-07,time-not-supplied,2025-03-31
AXON,2025-08-04,time-not-supplied,2025-06-30
AXON,2025-11-04,time-not-supplied,2025-09-30
AXON,2026-02-24,time-not-supplied,2025-12-31
AXON,2026-03-03,after-market-close,2025-12-31
AXON,2026-05-05,time-not-supplied,2026-03-31
AXP,2023-01-27,time-not-supplied,2022-12-31
AXP,2023-04-20,time-not-supplied,2023-03-31
AXP,2023-07-21,time-not-supplied,2023-06-30
AXP,2023-10-20,time-not-supplied,2023-09-30
AXP,2024-01-26,time-not-supplied,2023-12-31
AXP,2024-04-19,time-not-supplied,2024-03-31
AXP,2024-07-19,time-not-supplied,2024-06-30
AXP,2024-10-18,time-not-supplied,2024-09-30
AXP,2025-01-24,time-not-supplied,2024-12-31
AXP,2025-04-17,time-not-supplied,2025-03-31
AXP,2025-07-18,time-not-supplied,2025-06-30
AXP,2025-10-17,time-not-supplied,2025-09-30
AXP,2026-01-30,time-pre-market,2025-12-31
AXP,2026-04-24,before-market-open,2026-03-31
AZO,2023-02-28,time-not-supplied,2023-02-28
AZO,2023-05-23,time-not-supplied,2023-05-31
AZO,2023-09-19,time-not-supplied,2023-08-31
AZO,2023-12-05,time-not-supplied,2023-11-30
AZO,2024-02-27,time-not-supplied,2024-02-29
AZO,2024-05-21,time-not-supplied,2024-05-31
AZO,2024-09-24,time-not-supplied,2024-08-31
AZO,2024-12-10,time-not-supplied,2024-11-30
AZO,2025-03-04,time-not-supplied,2025-02-28
AZO,2025-05-27,time-not-supplied,2025-05-31
AZO,2025-09-23,time-not-supplied,2025-08-31
AZO,2025-11-22,time-pre-market,2025-11-30
AZO,2025-12-09,time-not-supplied,2025-11-30
AZO,2026-03-03,before-market-open,2026-06-30
AZO,2026-05-25,time-not-supplied,2026-09-30
BA,2023-01-25,time-not-supplied,2022-12-31
BA,2023-04-26,time-not-supplied,2023-03-31
BA,2023-07-26,time-not-supplied,2023-06-30
BA,2023-10-25,time-not-supplied,2023-09-30
BA,2024-01-31,time-not-supplied,2023-12-31
BA,2024-04-24,time-not-supplied,2024-03-31
BA,2024-07-31,time-not-supplied,2024-06-30
BA,2024-10-23,time-not-supplied,2024-09-30
BA,2025-01-28,time-not-supplied,2024-12-31
BA,2025-04-23,time-not-supplied,2025-03-31
BA,2025-07-29,time-not-supplied,2025-06-30
BA,2025-10-29,time-not-supplied,2025-09-30
BA,2026-01-27,time-not-supplied,2025-12-31
BA,2026-04-21,before-market-open,2026-03-31
BAC,2023-01-13,time-not-supplied,2022-12-31
BAC,2023-04-18,time-not-supplied,2023-03-31
BAC,2023-07-18,time-not-supplied,2023-06-30
BAC,2023-10-17,time-not-supplied,2023-09-30
BAC,2024-01-12,time-not-supplied,2023-12-31
BAC,2024-04-16,time-not-supplied,2024-03-31
BAC,2024-07-16,time-not-supplied,2024-06-30
BAC,2024-10-15,time-not-supplied,2024-09-30
BAC,2025-01-16,time-not-supplied,2024-12-31
BAC,2025-04-15,time-not-supplied,2025-03-31
BAC,2025-07-16,time-not-supplied,2025-06-30
BAC,2025-10-15,time-not-supplied,2025-09-30
BAC,2026-01-14,time-not-supplied,2025-12-31
BAC,2026-04-15,time-not-supplied,2026-03-31
BALL,2023-02-02,time-not-supplied,2022-12-31
BALL,2023-05-04,time-not-supplied,2023-03-31
BALL,2023-08-03,time-not-supplied,2023-06-30
BALL,2023-11-02,time-not-supplied,2023-09-30
BALL,2024-02-01,time-not-supplied,2023-12-31
BALL,2024-04-26,time-not-supplied,2024-03-31
BALL,2024-08-01,time-not-supplied,2024-06-30
BALL,2024-10-31,time-not-supplied,2024-09-30
BALL,2025-02-04,time-not-supplied,2024-12-31
BALL,2025-05-06,time-not-supplied,2025-03-31
BALL,2025-08-05,time-not-supplied,2025-06-30
BALL,2025-11-04,time-not-supplied,2025-09-30
BALL,2026-02-03,time-not-supplied,2025-12-31
BALL,2026-05-04,time-not-supplied,2026-03-31
BAX,2023-02-09,time-not-supplied,2022-12-31
BAX,2023-04-27,time-not-supplied,2023-03-31
BAX,2023-07-27,time-not-supplied,2023-06-30
BAX,2023-11-02,time-not-supplied,2023-09-30
BAX,2024-02-08,time-not-supplied,2023-12-31
BAX,2024-05-02,time-not-supplied,2024-03-31
BAX,2024-08-06,time-not-supplied,2024-06-30
BAX,2024-11-08,time-not-supplied,2024-09-30
BAX,2025-02-20,time-not-supplied,2024-12-31
BAX,2025-05-01,time-not-supplied,2025-03-31
BAX,2025-07-31,time-not-supplied,2025-06-30
BAX,2025-10-30,time-not-supplied,2025-09-30
BAX,2026-02-12,time-pre-market,2025-12-31
BAX,2026-04-29,time-not-supplied,2026-03-31
BBY,2023-03-02,time-not-supplied,2023-01-31
BBY,2023-05-25,time-not-supplied,2023-04-30
BBY,2023-08-29,time-not-supplied,2023-07-31
BBY,2023-11-21,time-not-supplied,2023-10-31
BBY,2024-02-29,time-not-supplied,2024-01-31
BBY,2024-05-30,time-not-supplied,2024-04-30
BBY,2024-08-29,time-not-supplied,2024-07-31
BBY,2024-11-26,time-not-supplied,2024-10-31
BBY,2025-03-04,time-not-supplied,2025-01-31
BBY,2025-05-29,time-not-supplied,2025-04-30
BBY,2025-08-28,time-not-supplied,2025-07-31
BBY,2025-11-25,time-not-supplied,2025-10-31
BBY,2026-03-03,before-market-open,2026-12-31
BBY,2026-05-27,time-not-supplied,2027-03-31
BDX,2023-02-02,time-not-supplied,2022-12-31
BDX,2023-05-04,time-not-supplied,2023-03-31
BDX,2023-08-03,time-not-supplied,2023-06-30
BDX,2023-11-09,time-not-supplied,2023-09-30
BDX,2024-02-01,time-not-supplied,2023-12-31
BDX,2024-05-02,time-not-supplied,2024-03-31
BDX,2024-08-01,time-not-supplied,2024-06-30
BDX,2024-11-07,time-not-supplied,2024-09-30
BDX,2025-02-05,time-not-supplied,2024-12-31
BDX,2025-05-01,time-not-supplied,2025-03-31
BDX,2025-08-07,time-not-supplied,2025-06-30
BDX,2025-11-06,time-not-supplied,2025-09-30
BDX,2026-02-09,time-not-supplied,2025-12-31
BDX,2026-04-29,time-not-supplied,2026-06-30
BEN,2023-01-30,time-not-supplied,2022-12-31
BEN,2023-05-01,time-not-supplied,2023-03-31
BEN,2023-07-28,time-not-supplied,2023-06-30
BEN,2023-10-31,time-not-supplied,2023-09-30
BEN,2024-01-29,time-not-supplied,2023-12-31
BEN,2024-04-29,time-not-supplied,2024-03-31
BEN,2024-07-26,time-not-supplied,2024-06-30
BEN,2024-11-04,time-not-supplied,2024-09-30
BEN,2025-01-31,time-not-supplied,2024-12-31
BEN,2025-05-02,time-not-supplied,2025-03-31
BEN,2025-08-01,time-not-supplied,2025-06-30
BEN,2025-11-07,time-not-supplied,2025-09-30
BEN,2026-01-30,time-pre-market,2025-12-31
BEN,2026-04-30,before-market-open,2026-06-30
BG,2023-02-08,time-not-supplied,2022-12-31
BG,2023-05-03,time-not-supplied,2023-03-31
BG,2023-08-02,time-not-supplied,2023-06-30
BG,2023-10-26,time-not-supplied,2023-09-30
BG,2024-02-07,time-not-supplied,2023-12-31
BG,2024-04-24,time-not-supplied,2024-03-31
BG,2024-07-31,time-not-supplied,2024-06-30
BG,2024-10-30,time-not-supplied,2024-09-30
BG,2025-02-05,time-not-supplied,2024-12-31
BG,2025-05-07,time-not-supplied,2025-03-31
BG,2025-07-30,time-not-supplied,2025-06-30
BG,2025-11-05,time-not-supplied,2025-09-30
BG,2026-02-04,time-pre-market,2025-12-31
BG,2026-05-05,before-market-open,2026-03-31
BIIB,2023-02-15,time-not-supplied,2022-12-31
BIIB,2023-04-25,time-not-supplied,2023-03-31
BIIB,2023-07-25,time-not-supplied,2023-06-30
BIIB,2023-11-08,time-not-supplied,2023-09-30
BIIB,2024-02-13,time-not-supplied,2023-12-31
BIIB,2024-04-24,time-not-supplied,2024-03-31
BIIB,2024-08-01,time-not-supplied,2024-06-30
BIIB,2024-10-30,time-not-supplied,2024-09-30
BIIB,2025-02-12,time-not-supplied,2024-12-31
BIIB,2025-05-01,time-not-supplied,2025-03-31
BIIB,2025-07-31,time-not-supplied,2025-06-30
BIIB,2025-10-30,time-not-supplied,2025-09-30
BIIB,2026-04-29,time-not-supplied,2026-03-31
BK,2023-01-13,time-not-supplied,2022-12-31
BK,2023-04-18,time-not-supplied,2023-03-31
BK,2023-07-18,time-not-supplied,2023-06-30
BK,2023-10-17,time-not-supplied,2023-09-30
BK,2024-01-12,time-not-supplied,2023-12-31
BK,2024-04-16,time-not-supplied,2024-03-31
BK,2024-07-12,time-not-supplied,2024-06-30
BK,2024-10-11,time-not-supplied,2024-09-30
BK,2025-01-15,time-not-supplied,2024-12-31
BK,2025-04-11,time-not-supplied,2025-03-31
BK,2025-07-15,time-not-supplied,2025-06-30
BK,2025-10-16,time-not-supplied,2025-09-30
BK,2026-01-13,time-not-supplied,2025-12-31
BK,2026-04-16,before-market-open,2026-03-31
BKNG,2023-02-23,time-not-supplied,2022-12-31
BKNG,2023-05-04,time-not-supplied,2023-03-31
BKNG,2023-08-03,time-not-supplied,2023-06-30
BKNG,2023-11-02,time-not-supplied,2023-09-30
BKNG,2024-02-22,time-not-supplied,2023-12-31
BKNG,2024-05-02,time-not-supplied,2024-03-31
BKNG,2024-08-01,time-not-supplied,2024-06-30
BKNG,2024-10-30,time-not-supplied,2024-09-30
BKNG,2025-02-20,time-not-supplied,2024-12-31
BKNG,2025-04-29,time-not-supplied,2025-03-31
BKNG,2025-07-29,time-not-supplied,2025-06-30
BKNG,2025-10-28,time-not-supplied,2025-09-30
BKNG,2026-02-18,time-after-hours,2025-12-31
BKNG,2026-04-27,after-market-close,2026-03-31
BKR,2023-01-23,time-not-supplied,2022-12-31
BKR,2023-04-19,time-not-supplied,2023-03-31
BKR,2023-07-19,time-not-supplied,2023-06-30
BKR,2023-10-25,time-not-supplied,2023-09-30
BKR,2024-01-23,time-not-supplied,2023-12-31
BKR,2024-04-23,time-not-supplied,2024-03-31
BKR,2024-07-25,time-not-supplied,2024-06-30
BKR,2024-10-22,time-not-supplied,2024-09-30
BKR,2025-01-30,time-not-supplied,2024-12-31
BKR,2025-04-22,time-not-supplied,2025-03-31
BKR,2025-07-22,time-not-supplied,2025-06-30
BKR,2025-10-23,time-after-hours,2025-09-30
BKR,2026-01-25,time-after-hours,2025-12-31
BKR,2026-04-20,after-market-close,2026-03-31
BLDR,2023-02-28,time-not-supplied,2022-12-31
BLDR,2023-05-03,time-not-supplied,2023-03-31
BLDR,2023-08-02,time-not-supplied,2023-06-30
BLDR,2023-11-01,time-not-supplied,2023-09-30
BLDR,2024-02-22,time-not-supplied,2023-12-31
BLDR,2024-05-07,time-not-supplied,2024-03-31
BLDR,2024-08-06,time-not-supplied,2024-06-30
BLDR,2024-11-05,time-not-supplied,2024-09-30
BLDR,2025-02-20,time-not-supplied,2024-12-31
BLDR,2025-05-01,time-not-supplied,2025-03-31
BLDR,2025-07-31,time-not-supplied,2025-06-30
BLDR,2025-10-30,time-not-supplied,2025-09-30
BLDR,2026-02-17,time-pre-market,2025-12-31
BLDR,2026-04-29,time-not-supplied,2026-03-31
BLK,2023-01-13,time-not-supplied,2022-12-31
BLK,2023-04-14,time-not-supplied,2023-03-31
BLK,2023-07-14,time-not-supplied,2023-06-30
BLK,2023-10-13,time-not-supplied,2023-09-30
BLK,2024-01-12,time-not-supplied,2023-12-31
BLK,2024-04-12,time-not-supplied,2024-03-31
BLK,2024-07-15,time-not-supplied,2024-06-30
BLK,2024-10-11,time-not-supplied,2024-09-30
BLK,2025-01-15,time-not-supplied,2024-12-31
BLK,2025-04-11,time-not-supplied,2025-03-31
BLK,2025-07-15,time-not-supplied,2025-06-30
BLK,2025-10-14,time-not-supplied,2025-09-30
BLK,2026-01-15,time-not-supplied,2025-12-31
BLK,2026-04-09,time-not-supplied,2026-03-31
BMY,2023-02-02,time-not-supplied,2022-12-31
BMY,2023-04-27,time-not-supplied,2023-03-31
BMY,2023-07-27,time-not-supplied,2023-06-30
BMY,2023-10-26,time-not-supplied,2023-09-30
BMY,2024-02-02,time-not-supplied,2023-12-31
BMY,2024-04-25,time-not-supplied,2024-03-31
BMY,2024-07-26,time-not-supplied,2024-06-30
BMY,2024-10-31,time-not-supplied,2024-09-30
BMY,2025-02-06,time-not-supplied,2024-12-31
BMY,2025-04-24,time-not-supplied,2025-03-31
BMY,2025-07-31,time-not-supplied,2025-06-30
BMY,2025-10-30,time-not-supplied,2025-09-30
BMY,2026-02-05,time-pre-market,2025-12-31
BMY,2026-04-30,time-not-supplied,2026-03-31
BR,2023-02-02,time-not-supplied,2022-12-31
BR,2023-05-02,time-not-supplied,2023-03-31
BR,2023-08-08,time-not-supplied,2023-06-30
BR,2023-11-02,time-not-supplied,2023-09-30
BR,2024-02-01,time-not-supplied,2023-12-31
BR,2024-05-08,time-not-supplied,2024-03-31
BR,2024-08-06,time-not-supplied,2024-06-30
BR,2024-11-05,time-not-supplied,2024-09-30
BR,2025-01-31,time-not-supplied,2024-12-31
BR,2025-05-01,time-not-supplied,2025-03-31
BR,2025-08-05,time-not-supplied,2025-06-30
BR,2025-11-04,time-not-supplied,2025-09-30
BR,2026-02-03,time-not-supplied,2025-12-31
BR,2026-04-29,before-market-open,2026-09-30
BRO,2023-01-23,time-not-supplied,2022-12-31
BRO,2023-04-24,time-not-supplied,2023-03-31
BRO,2023-07-24,time-not-supplied,2023-06-30
BRO,2023-10-23,time-not-supplied,2023-09-30
BRO,2024-04-22,time-not-supplied,2024-03-31
BRO,2024-07-22,time-not-supplied,2024-06-30
BRO,2024-10-28,time-not-supplied,2024-09-30
BRO,2025-01-27,time-not-supplied,2024-12-31
BRO,2025-04-28,time-not-supplied,2025-03-31
BRO,2025-07-28,time-not-supplied,2025-06-30
BRO,2025-10-27,time-not-supplied,2025-09-30
BRO,2026-01-26,time-not-supplied,2025-12-31
BRO,2026-04-27,after-market-close,2026-03-31
BSX,2023-02-01,time-not-supplied,2022-12-31
BSX,2023-04-26,time-not-supplied,2023-03-31
BSX,2023-07-27,time-not-supplied,2023-06-30
BSX,2023-10-26,time-not-supplied,2023-09-30
BSX,2024-01-31,time-not-supplied,2023-12-31
BSX,2024-04-24,time-not-supplied,2024-03-31
BSX,2024-07-24,time-not-supplied,2024-06-30
BSX,2024-10-23,time-not-supplied,2024-09-30
BSX,2025-02-05,time-not-supplied,2024-12-31
BSX,2025-04-23,time-not-supplied,2025-03-31
BSX,2025-07-23,time-not-supplied,2025-06-30
BSX,2025-10-22,time-not-supplied,2025-09-30
BSX,2026-02-04,time-pre-market,2025-12-31
BSX,2026-04-21,before-market-open,2026-03-31
BX,2023-01-26,time-not-supplied,2022-12-31
BX,2023-04-20,time-not-supplied,2023-03-31
BX,2023-07-20,time-not-supplied,2023-06-30
BX,2023-10-19,time-not-supplied,2023-09-30
BX,2024-01-25,time-not-supplied,2023-12-31
BX,2024-04-18,time-not-supplied,2024-03-31
BX,2024-07-18,time-not-supplied,2024-06-30
BX,2024-10-17,time-not-supplied,2024-09-30
BX,2025-01-30,time-not-supplied,2024-12-31
BX,2025-04-17,time-not-supplied,2025-03-31
BX,2025-07-24,time-not-supplied,2025-06-30
BX,2025-10-23,time-pre-market,2025-09-30
BX,2026-01-29,time-not-supplied,2025-12-31
BX,2026-04-15,before-market-open,2026-03-31
BXP,2023-01-31,time-not-supplied,2022-12-31
BXP,2023-04-25,time-not-supplied,2023-03-31
BXP,2023-08-01,time-not-supplied,2023-06-30
BXP,2023-11-01,time-not-supplied,2023-09-30
BXP,2024-01-30,time-not-supplied,2023-12-31
BXP,2024-04-30,time-not-supplied,2024-03-31
BXP,2024-07-30,time-not-supplied,2024-06-30
BXP,2024-10-29,time-not-supplied,2024-09-30
BXP,2025-01-28,time-not-supplied,2024-12-31
BXP,2025-04-29,time-not-supplied,2025-03-31
BXP,2025-07-29,time-not-supplied,2025-06-30
BXP,2025-10-28,time-not-supplied,2025-09-30
BXP,2026-01-27,time-not-supplied,2025-12-31
BXP,2026-04-27,after-market-close,2026-03-31
C,2023-01-13,time-not-supplied,2022-12-31
C,2023-04-14,time-not-supplied,2023-03-31
C,2023-07-14,time-not-supplied,2023-06-30
C,2023-10-13,time-not-supplied,2023-09-30
C,2024-01-12,time-not-supplied,2023-12-31
C,2024-04-12,time-not-supplied,2024-03-31
C,2024-07-12,time-not-supplied,2024-06-30
C,2024-10-15,time-not-supplied,2024-09-30
C,2025-01-15,time-not-supplied,2024-12-31
C,2025-04-15,time-not-supplied,2025-03-31
C,2025-07-15,time-not-supplied,2025-06-30
C,2025-10-14,time-not-supplied,2025-09-30
C,2026-01-14,time-not-supplied,2025-12-31
C,2026-04-14,time-not-supplied,2026-03-31
CAG,2023-01-05,time-not-supplied,2022-11-30
CAG,2023-04-05,time-not-supplied,2023-02-28
CAG,2023-07-13,time-not-supplied,2023-05-31
CAG,2023-10-05,time-not-supplied,2023-08-31
CAG,2024-01-04,time-not-supplied,2023-11-30
CAG,2024-04-04,time-not-supplied,2024-02-29
CAG,2024-07-11,time-not-supplied,2024-05-31
CAG,2024-10-02,time-not-supplied,2024-08-31
CAG,2024-12-19,time-not-supplied,2024-11-30
CAG,2025-04-03,time-not-supplied,2025-02-28
CAG,2025-07-10,time-not-supplied,2025-05-31
CAG,2025-10-01,time-not-supplied,2025-08-31
CAG,2025-12-19,time-not-supplied,2025-11-30
CAG,2026-04-01,before-market-open,2026-09-30
CAH,2023-02-02,time-not-supplied,2022-12-31
CAH,2023-05-04,time-not-supplied,2023-03-31
CAH,2023-08-15,time-not-supplied,2023-06-30
CAH,2023-11-03,time-not-supplied,2023-09-30
CAH,2024-02-01,time-not-supplied,2023-12-31
CAH,2024-05-02,time-not-supplied,2024-03-31
CAH,2024-08-14,time-not-supplied,2024-06-30
CAH,2024-11-01,time-not-supplied,2024-09-30
CAH,2025-01-30,time-not-supplied,2024-12-31
CAH,2025-05-01,time-not-supplied,2025-03-31
CAH,2025-08-12,time-not-supplied,2025-06-30
CAH,2025-10-30,time-not-supplied,2025-09-30
CAH,2026-02-05,time-pre-market,2025-12-31
CAH,2026-04-29,before-market-open,2026-09-30
CARR,2023-02-07,time-not-supplied,2022-12-31
CARR,2023-04-25,time-not-supplied,2023-03-31
CARR,2023-07-27,time-not-supplied,2023-06-30
CARR,2023-10-26,time-not-supplied,2023-09-30
CARR,2024-02-06,time-not-supplied,2023-12-31
CARR,2024-04-25,time-not-supplied,2024-03-31
CARR,2024-07-25,time-not-supplied,2024-06-30
CARR,2024-10-24,time-not-supplied,2024-09-30
CARR,2025-02-11,time-not-supplied,2024-12-31
CARR,2025-05-01,time-not-supplied,2025-03-31
CARR,2025-07-29,time-not-supplied,2025-06-30
CARR,2025-10-28,time-not-supplied,2025-09-30
CARR,2026-04-29,before-market-open,2026-03-31
CAT,2023-01-31,time-not-supplied,2022-12-31
CAT,2023-04-27,time-not-supplied,2023-03-31
CAT,2023-08-01,time-not-supplied,2023-06-30
CAT,2023-10-31,time-not-supplied,2023-09-30
CAT,2024-02-05,time-not-supplied,2023-12-31
CAT,2024-04-25,time-not-supplied,2024-03-31
CAT,2024-08-06,time-not-supplied,2024-06-30
CAT,2024-10-30,time-not-supplied,2024-09-30
CAT,2025-01-30,time-not-supplied,2024-12-31
CAT,2025-04-30,time-not-supplied,2025-03-31
CAT,2025-08-05,time-not-supplied,2025-06-30
CAT,2025-10-29,time-not-supplied,2025-09-30
CAT,2026-01-29,time-not-supplied,2025-12-31
CAT,2026-04-28,before-market-open,2026-03-31
CB,2023-01-31,time-not-supplied,2022-12-31
CB,2023-04-25,time-not-supplied,2023-03-31
CB,2023-07-25,time-not-supplied,2023-06-30
CB,2023-10-24,time-not-supplied,2023-09-30
CB,2024-01-30,time-not-supplied,2023-12-31
CB,2024-04-23,time-not-supplied,2024-03-31
CB,2024-07-23,time-not-supplied,2024-06-30
CB,2024-10-29,time-not-supplied,2024-09-30
CB,2025-01-28,time-not-supplied,2024-12-31
CB,2025-04-22,time-not-supplied,2025-03-31
CB,2025-07-22,time-not-supplied,2025-06-30
CB,2025-10-21,time-not-supplied,2025-09-30
CB,2026-02-03,time-not-supplied,2025-12-31
CB,2026-04-20,after-market-close,2026-03-31
CBOE,2023-02-03,time-not-supplied,2022-12-31
CBOE,2023-05-05,time-not-supplied,2023-03-31
CBOE,2023-08-04,time-not-supplied,2023-06-30
CBOE,2023-11-03,time-not-supplied,2023-09-30
CBOE,2024-02-02,time-not-supplied,2023-12-31
CBOE,2024-05-03,time-not-supplied,2024-03-31
CBOE,2024-08-02,time-not-supplied,2024-06-30
CBOE,2024-11-01,time-not-supplied,2024-09-30
CBOE,2025-02-07,time-not-supplied,2024-12-31
CBOE,2025-05-02,time-not-supplied,2025-03-31
CBOE,2025-08-01,time-not-supplied,2025-06-30
CBOE,2025-10-31,time-not-supplied,2025-09-30
CBOE,2026-02-06,time-pre-market,2025-12-31
CBOE,2026-04-30,before-market-open,2026-03-31
CBRE,2023-02-23,time-not-supplied,2022-12-31
CBRE,2023-04-27,time-not-supplied,2023-03-31
CBRE,2023-07-27,time-not-supplied,2023-06-30
CBRE,2023-10-27,time-not-supplied,2023-09-30
CBRE,2024-02-15,time-not-supplied,2023-12-31
CBRE,2024-05-03,time-not-supplied,2024-03-31
CBRE,2024-07-25,time-not-supplied,2024-06-30
CBRE,2024-10-24,time-not-supplied,2024-09-30
CBRE,2025-02-13,time-not-supplied,2024-12-31
CBRE,2025-04-24,time-not-supplied,2025-03-31
CBRE,2025-07-29,time-not-supplied,2025-06-30
CBRE,2025-10-23,time-pre-market,2025-09-30
CBRE,2026-02-12,time-pre-market,2025-12-31
CBRE,2026-04-22,time-not-supplied,2026-03-31
CCI,2023-01-25,time-not-supplied,2022-12-31
CCI,2023-04-19,time-not-supplied,2023-03-31
CCI,2023-07-19,time-not-supplied,2023-06-30
CCI,2023-10-18,time-not-supplied,2023-09-30
CCI,2024-01-24,time-not-supplied,2023-12-31
CCI,2024-04-17,time-not-supplied,2024-03-31
CCI,2024-07-17,time-not-supplied,2024-06-30
CCI,2024-10-16,time-not-supplied,2024-09-30
CCI,2025-03-13,time-not-supplied,2024-12-31
CCI,2025-04-30,time-not-supplied,2025-03-31
CCI,2025-07-23,time-not-supplied,2025-06-30
CCI,2025-10-22,time-not-supplied,2025-09-30
CCI,2026-02-04,time-after-hours,2025-12-31
CCI,2026-04-28,time-not-supplied,2026-03-31
CCL,2023-03-27,time-not-supplied,2023-02-28
CCL,2023-06-26,time-not-supplied,2023-05-31
CCL,2023-09-29,time-not-supplied,2023-08-31
CCL,2023-12-21,time-not-supplied,2023-11-30
CCL,2024-03-27,time-not-supplied,2024-02-29
CCL,2024-06-25,time-not-supplied,2024-05-31
CCL,2024-09-30,time-not-supplied,2024-08-31
CCL,2024-12-20,time-not-supplied,2024-11-30
CCL,2025-03-21,time-not-supplied,2025-02-28
CCL,2025-06-24,time-not-supplied,2025-05-31
CCL,2025-09-29,time-not-supplied,2025-08-31
CCL,2025-12-19,time-not-supplied,2025-11-30
CCL,2026-03-19,before-market-open,2026-03-31
CDNS,2023-02-13,time-not-supplied,2022-12-31
CDNS,2023-04-24,time-not-supplied,2023-03-31
CDNS,2023-07-24,time-not-supplied,2023-06-30
CDNS,2023-10-23,time-not-supplied,2023-09-30
CDNS,2024-02-12,time-not-supplied,2023-12-31
CDNS,2024-04-22,time-not-supplied,2024-03-31
CDNS,2024-07-22,time-not-supplied,2024-06-30
CDNS,2024-10-28,time-not-supplied,2024-09-30
CDNS,2025-02-18,time-not-supplied,2024-12-31
CDNS,2025-04-28,time-not-supplied,2025-03-31
CDNS,2025-07-28,time-not-supplied,2025-06-30
CDNS,2025-10-27,time-not-supplied,2025-09-30
CDNS,2026-02-17,time-after-hours,2025-12-31
CDNS,2026-04-27,time-not-supplied,2026-03-31
CDW,2023-02-08,time-not-supplied,2022-12-31
CDW,2023-05-03,time-not-supplied,2023-03-31
CDW,2023-08-02,time-not-supplied,2023-06-30
CDW,2023-11-01,time-not-supplied,2023-09-30
CDW,2024-02-07,time-not-supplied,2023-12-31
CDW,2024-05-01,time-not-supplied,2024-03-31
CDW,2024-07-31,time-not-supplied,2024-06-30
CDW,2024-10-30,time-not-supplied,2024-09-30
CDW,2025-02-05,time-not-supplied,2024-12-31
CDW,2025-05-07,time-not-supplied,2025-03-31
CDW,2025-08-06,time-not-supplied,2025-06-30
CDW,2025-11-04,time-not-supplied,2025-09-30
CDW,2026-02-04,time-pre-market,2025-12-31
CDW,2026-05-05,before-market-open,2026-03-31
CEG,2023-02-16,time-not-supplied,2022-12-31
CEG,2023-05-04,time-not-supplied,2023-03-31
CEG,2023-08-03,time-not-supplied,2023-06-30
CEG,2023-11-06,time-not-supplied,2023-09-30
CEG,2024-02-27,time-not-supplied,2023-12-31
CEG,2024-05-09,time-not-supplied,2024-03-31
CEG,2024-08-06,time-not-supplied,2024-06-30
CEG,2024-11-04,time-not-supplied,2024-09-30
CEG,2025-02-18,time-not-supplied,2024-12-31
CEG,2025-05-06,time-not-supplied,2025-03-31
CEG,2025-08-07,time-not-supplied,2025-06-30
CEG,2025-11-07,time-not-supplied,2025-09-30
CEG,2026-02-17,time-not-supplied,2025-12-31
CEG,2026-02-24,time-not-supplied,2025-12-31
CF,2023-02-15,time-not-supplied,2022-12-31
CF,2023-05-01,time-not-supplied,2023-03-31
CF,2023-08-02,time-not-supplied,2023-06-30
CF,2023-11-01,time-not-supplied,2023-09-30
CF,2024-02-14,time-not-supplied,2023-12-31
CF,2024-05-01,time-not-supplied,2024-03-31
CF,2024-08-07,time-not-supplied,2024-06-30
CF,2024-10-30,time-not-supplied,2024-09-30
CF,2025-02-19,time-not-supplied,2024-12-31
CF,2025-05-07,time-not-supplied,2025-03-31
CF,2025-08-06,time-not-supplied,2025-06-30
CF,2025-11-05,time-not-supplied,2025-09-30
CF,2026-02-18,time-after-hours,2025-12-31
CF,2026-05-06,after-market-close,2026-03-31
CFG,2023-01-17,time-not-supplied,2022-12-31
CFG,2023-04-19,time-not-supplied,2023-03-31
CFG,2023-07-19,time-not-supplied,2023-06-30
CFG,2023-10-18,time-not-supplied,2023-09-30
CFG,2024-01-17,time-not-supplied,2023-12-31
CFG,2024-04-17,time-not-supplied,2024-03-31
CFG,2024-07-17,time-not-supplied,2024-06-30
CFG,2024-10-16,time-not-supplied,2024-09-30
CFG,2025-01-17,time-not-supplied,2024-12-31
CFG,2025-04-16,time-not-supplied,2025-03-31
CFG,2025-07-17,time-not-supplied,2025-06-30
CFG,2025-10-15,time-not-supplied,2025-09-30
CFG,2026-01-15,time-pre-market,2025-12-31
CFG,2026-01-21,time-pre-market,2025-12-31
CFG,2026-04-16,time-not-supplied,2026-03-31
CHD,2023-02-03,time-not-supplied,2022-12-31
CHD,2023-04-27,time-not-supplied,2023-03-31
CHD,2023-07-28,time-not-supplied,2023-06-30
CHD,2023-11-03,time-not-supplied,2023-09-30
CHD,2024-02-02,time-not-supplied,2023-12-31
CHD,2024-05-02,time-not-supplied,2024-03-31
CHD,2024-08-02,time-not-supplied,2024-06-30
CHD,2024-11-01,time-not-supplied,2024-09-30
CHD,2025-01-31,time-not-supplied,2024-12-31
CHD,2025-05-01,time-not-supplied,2025-03-31
CHD,2025-08-01,time-not-supplied,2025-06-30
CHD,2025-10-31,time-not-supplied,2025-09-30
CHD,2026-01-30,time-pre-market,2025-12-31
CHD,2026-04-29,before-market-open,2026-03-31
CHRW,2023-02-01,time-not-supplied,2022-12-31
CHRW,2023-04-26,time-not-supplied,2023-03-31
CHRW,2023-08-02,time-not-supplied,2023-06-30
CHRW,2023-11-01,time-not-supplied,2023-09-30
CHRW,2024-01-31,time-not-supplied,2023-12-31
CHRW,2024-05-01,time-not-supplied,2024-03-31
CHRW,2024-07-31,time-not-supplied,2024-06-30
CHRW,2024-10-30,time-not-supplied,2024-09-30
CHRW,2025-01-29,time-not-supplied,2024-12-31
CHRW,2025-04-30,time-not-supplied,2025-03-31
CHRW,2025-07-30,time-not-supplied,2025-06-30
CHRW,2025-10-29,time-not-supplied,2025-09-30
CHRW,2026-01-28,time-after-hours,2025-12-31
CHRW,2026-04-28,after-market-close,2026-03-31
CHTR,2023-01-27,time-not-supplied,2022-12-31
CHTR,2023-04-28,time-not-supplied,2023-03-31
CHTR,2023-07-28,time-not-supplied,2023-06-30
CHTR,2023-10-27,time-not-supplied,2023-09-30
CHTR,2024-02-02,time-not-supplied,2023-12-31
CHTR,2024-04-26,time-not-supplied,2024-03-31
CHTR,2024-07-26,time-not-supplied,2024-06-30
CHTR,2024-11-01,time-not-supplied,2024-09-30
CHTR,2025-01-31,time-not-supplied,2024-12-31
CHTR,2025-04-25,time-not-supplied,2025-03-31
CHTR,2025-07-25,time-not-supplied,2025-06-30
CHTR,2025-10-31,time-not-supplied,2025-09-30
CHTR,2026-01-30,time-pre-market,2025-12-31
CHTR,2026-04-23,time-not-supplied,2026-03-31
CI,2023-02-03,time-not-supplied,2022-12-31
CI,2023-05-05,time-not-supplied,2023-03-31
CI,2023-08-03,time-not-supplied,2023-06-30
CI,2023-11-02,time-not-supplied,2023-09-30
CI,2024-02-02,time-not-supplied,2023-12-31
CI,2024-05-02,time-not-supplied,2024-03-31
CI,2024-08-01,time-not-supplied,2024-06-30
CI,2024-10-31,time-not-supplied,2024-09-30
CI,2025-01-30,time-not-supplied,2024-12-31
CI,2025-05-02,time-not-supplied,2025-03-31
CI,2025-07-31,time-not-supplied,2025-06-30
CI,2025-10-30,time-not-supplied,2025-09-30
CI,2026-02-05,time-pre-market,2025-12-31
CI,2026-04-30,before-market-open,2026-03-31
CINF,2023-02-06,time-not-supplied,2022-12-31
CINF,2023-04-27,time-not-supplied,2023-03-31
CINF,2023-07-27,time-not-supplied,2023-06-30
CINF,2023-10-26,time-not-supplied,2023-09-30
CINF,2024-02-06,time-not-supplied,2023-12-31
CINF,2024-04-25,time-not-supplied,2024-03-31
CINF,2024-07-25,time-not-supplied,2024-06-30
CINF,2024-10-24,time-not-supplied,2024-09-30
CINF,2025-02-10,time-not-supplied,2024-12-31
CINF,2025-04-28,time-not-supplied,2025-03-31
CINF,2025-07-28,time-not-supplied,2025-06-30
CINF,2025-10-27,time-not-supplied,2025-09-30
CINF,2026-02-09,time-not-supplied,2025-12-31
CINF,2026-04-27,time-not-supplied,2026-03-31
CL,2023-01-27,time-not-supplied,2022-12-31
CL,2023-04-28,time-not-supplied,2023-03-31
CL,2023-07-28,time-not-supplied,2023-06-30
CL,2023-10-27,time-not-supplied,2023-09-30
CL,2024-01-26,time-not-supplied,2023-12-31
CL,2024-04-26,time-not-supplied,2024-03-31
CL,2024-07-26,time-not-supplied,2024-06-30
CL,2024-10-25,time-not-supplied,2024-09-30
CL,2025-01-31,time-not-supplied,2024-12-31
CL,2025-04-25,time-not-supplied,2025-03-31
CL,2025-08-01,time-not-supplied,2025-06-30
CL,2025-10-31,time-not-supplied,2025-09-30
CL,2026-01-30,time-pre-market,2025-12-31
CL,2026-05-01,before-market-open,2026-03-31
CLX,2023-02-02,time-not-supplied,2022-12-31
CLX,2023-05-02,time-not-supplied,2023-03-31
CLX,2023-08-02,time-not-supplied,2023-06-30
CLX,2023-11-01,time-not-supplied,2023-09-30
CLX,2024-02-01,time-not-supplied,2023-12-31
CLX,2024-04-30,time-not-supplied,2024-03-31
CLX,2024-08-01,time-not-supplied,2024-06-30
CLX,2024-10-30,time-not-supplied,2024-09-30
CLX,2025-02-03,time-not-supplied,2024-12-31
CLX,2025-05-05,time-not-supplied,2025-03-31
CLX,2025-07-31,time-not-supplied,2025-06-30
CLX,2025-11-03,time-not-supplied,2025-09-30
CLX,2026-02-03,time-not-supplied,2025-12-31
CLX,2026-05-04,after-market-close,2026-09-30
CMCSA,2023-01-26,time-not-supplied,2022-12-31
CMCSA,2023-04-27,time-not-supplied,2023-03-31
CMCSA,2023-07-27,time-not-supplied,2023-06-30
CMCSA,2023-10-26,time-not-supplied,2023-09-30
CMCSA,2024-01-25,time-not-supplied,2023-12-31
CMCSA,2024-04-25,time-not-supplied,2024-03-31
CMCSA,2024-07-23,time-not-supplied,2024-06-30
CMCSA,2024-10-31,time-not-supplied,2024-09-30
CMCSA,2025-01-30,time-not-supplied,2024-12-31
CMCSA,2025-04-24,time-not-supplied,2025-03-31
CMCSA,2025-07-31,time-not-supplied,2025-06-30
CMCSA,2025-10-30,time-not-supplied,2025-09-30
CMCSA,2026-01-29,time-not-supplied,2025-12-31
CMCSA,2026-04-22,before-market-open,2026-03-31
CME,2023-02-08,time-not-supplied,2022-12-31
CME,2023-04-26,time-not-supplied,2023-03-31
CME,2023-07-26,time-not-supplied,2023-06-30
CME,2023-10-25,time-not-supplied,2023-09-30
CME,2024-02-14,time-not-supplied,2023-12-31
CME,2024-04-24,time-not-supplied,2024-03-31
CME,2024-07-24,time-not-supplied,2024-06-30
CME,2024-10-23,time-not-supplied,2024-09-30
CME,2025-02-12,time-not-supplied,2024-12-31
CME,2025-04-23,time-not-supplied,2025-03-31
CME,2025-07-23,time-not-supplied,2025-06-30
CME,2025-10-22,time-not-supplied,2025-09-30
CME,2026-02-04,time-pre-market,2025-12-31
CME,2026-04-21,before-market-open,2026-03-31
CMG,2023-02-07,time-not-supplied,2022-12-31
CMG,2023-04-25,time-not-supplied,2023-03-31
CMG,2023-07-26,time-not-supplied,2023-06-30
CMG,2023-10-26,time-not-supplied,2023-09-30
CMG,2024-02-06,time-not-supplied,2023-12-31
CMG,2024-04-24,time-not-supplied,2024-03-31
CMG,2024-07-24,time-not-supplied,2024-06-30
CMG,2024-10-29,time-not-supplied,2024-09-30
CMG,2025-02-04,time-not-supplied,2024-12-31
CMG,2025-04-23,time-not-supplied,2025-03-31
CMG,2025-07-23,time-not-supplied,2025-06-30
CMG,2025-10-29,time-not-supplied,2025-09-30
CMG,2026-02-03,time-not-supplied,2025-12-31
CMG,2026-04-21,after-market-close,2026-03-31
CMI,2023-02-06,time-not-supplied,2022-12-31
CMI,2023-05-02,time-not-supplied,2023-03-31
CMI,2023-08-03,time-not-supplied,2023-06-30
CMI,2023-11-02,time-not-supplied,2023-09-30
CMI,2024-02-06,time-not-supplied,2023-12-31
CMI,2024-05-02,time-not-supplied,2024-03-31
CMI,2024-08-01,time-not-supplied,2024-06-30
CMI,2024-11-05,time-not-supplied,2024-09-30
CMI,2025-02-04,time-not-supplied,2024-12-31
CMI,2025-05-05,time-not-supplied,2025-03-31
CMI,2025-08-05,time-not-supplied,2025-06-30
CMI,2025-11-06,time-not-supplied,2025-09-30
CMI,2026-05-04,before-market-open,2026-03-31
CMS,2023-02-02,time-not-supplied,2022-12-31
CMS,2023-04-27,time-not-supplied,2023-03-31
CMS,2023-07-27,time-not-supplied,2023-06-30
CMS,2023-10-26,time-not-supplied,2023-09-30
CMS,2024-02-01,time-not-supplied,2023-12-31
CMS,2024-04-25,time-not-supplied,2024-03-31
CMS,2024-07-25,time-not-supplied,2024-06-30
CMS,2024-10-31,time-not-supplied,2024-09-30
CMS,2025-02-06,time-not-supplied,2024-12-31
CMS,2025-04-24,time-not-supplied,2025-03-31
CMS,2025-07-31,time-not-supplied,2025-06-30
CMS,2025-10-30,time-not-supplied,2025-09-30
CMS,2026-02-05,time-not-supplied,2025-12-31
CMS,2026-04-22,before-market-open,2026-03-31
CNC,2023-02-07,time-not-supplied,2022-12-31
CNC,2023-04-25,time-not-supplied,2023-03-31
CNC,2023-07-28,time-not-supplied,2023-06-30
CNC,2023-10-24,time-not-supplied,2023-09-30
CNC,2024-02-06,time-not-supplied,2023-12-31
CNC,2024-04-26,time-not-supplied,2024-03-31
CNC,2024-07-26,time-not-supplied,2024-06-30
CNC,2024-10-25,time-not-supplied,2024-09-30
CNC,2025-02-04,time-not-supplied,2024-12-31
CNC,2025-04-25,time-not-supplied,2025-03-31
CNC,2025-07-25,time-not-supplied,2025-06-30
CNC,2025-10-29,time-not-supplied,2025-09-30
CNC,2026-04-28,before-market-open,2026-03-31
CNP,2023-02-17,time-not-supplied,2022-12-31
CNP,2023-04-27,time-not-supplied,2023-03-31
CNP,2023-07-27,time-not-supplied,2023-06-30
CNP,2023-10-26,time-not-supplied,2023-09-30
CNP,2024-02-20,time-not-supplied,2023-12-31
CNP,2024-04-30,time-not-supplied,2024-03-31
CNP,2024-07-30,time-not-supplied,2024-06-30
CNP,2024-10-28,time-not-supplied,2024-09-30
CNP,2025-02-20,time-not-supplied,2024-12-31
CNP,2025-04-24,time-not-supplied,2025-03-31
CNP,2025-07-24,time-not-supplied,2025-06-30
CNP,2025-10-23,time-pre-market,2025-09-30
CNP,2026-02-19,time-pre-market,2025-12-31
CNP,2026-04-22,before-market-open,2026-03-31
COF,2023-01-24,time-not-supplied,2022-12-31
COF,2023-04-27,time-not-supplied,2023-03-31
COF,2023-07-20,time-not-supplied,2023-06-30
COF,2023-10-26,time-not-supplied,2023-09-30
COF,2024-01-25,time-not-supplied,2023-12-31
COF,2024-04-25,time-not-supplied,2024-03-31
COF,2024-07-23,time-not-supplied,2024-06-30
COF,2024-10-24,time-not-supplied,2024-09-30
COF,2025-01-21,time-not-supplied,2024-12-31
COF,2025-04-22,time-not-supplied,2025-03-31
COF,2025-07-22,time-not-supplied,2025-06-30
COF,2025-10-21,time-not-supplied,2025-09-30
COF,2026-01-22,time-not-supplied,2025-12-31
COF,2026-04-20,after-market-close,2026-03-31
COIN,2023-02-21,time-not-supplied,2022-12-31
COIN,2023-05-04,time-not-supplied,2023-03-31
COIN,2023-08-03,time-not-supplied,2023-06-30
COIN,2023-11-02,time-not-supplied,2023-09-30
COIN,2024-02-15,time-not-supplied,2023-12-31
COIN,2024-05-02,time-not-supplied,2024-03-31
COIN,2024-08-01,time-not-supplied,2024-06-30
COIN,2024-10-30,time-not-supplied,2024-09-30
COIN,2025-02-13,time-not-supplied,2024-12-31
COIN,2025-05-08,time-not-supplied,2025-03-31
COIN,2025-07-31,time-not-supplied,2025-06-30
COIN,2025-10-30,time-not-supplied,2025-09-30
COIN,2026-02-12,time-after-hours,2025-12-31
COIN,2026-05-06,after-market-close,2026-03-31
COO,2023-03-02,time-not-supplied,2023-01-31
COO,2023-06-01,time-not-supplied,2023-04-30
COO,2023-08-30,time-not-supplied,2023-07-31
COO,2023-12-07,time-not-supplied,2023-10-31
COO,2024-02-29,time-not-supplied,2024-01-31
COO,2024-05-30,time-not-supplied,2024-04-30
COO,2024-08-28,time-not-supplied,2024-07-31
COO,2024-12-05,time-not-supplied,2024-10-31
COO,2025-03-06,time-not-supplied,2025-01-31
COO,2025-05-29,time-not-supplied,2025-04-30
COO,2025-08-27,time-not-supplied,2025-07-31
COO,2025-12-04,time-not-supplied,2025-10-31
COO,2026-03-05,after-market-close,2026-03-31
COO,2026-05-27,time-not-supplied,2026-06-30
COP,2023-02-02,time-not-supplied,2022-12-31
COP,2023-05-04,time-not-supplied,2023-03-31
COP,2023-08-03,time-not-supplied,2023-06-30
COP,2023-11-02,time-not-supplied,2023-09-30
COP,2024-02-08,time-not-supplied,2023-12-31
COP,2024-05-02,time-not-supplied,2024-03-31
COP,2024-08-01,time-not-supplied,2024-06-30
COP,2024-10-31,time-not-supplied,2024-09-30
COP,2025-02-06,time-not-supplied,2024-12-31
COP,2025-05-08,time-not-supplied,2025-03-31
COP,2025-08-07,time-not-supplied,2025-06-30
COP,2025-11-06,time-not-supplied,2025-09-30
COP,2026-02-05,time-pre-market,2025-12-31
COP,2026-05-06,before-market-open,2026-03-31
COR,2023-11-02,time-not-supplied,2023-09-30
COR,2024-01-31,time-not-supplied,2023-12-31
COR,2024-05-01,time-not-supplied,2024-03-31
COR,2024-07-31,time-not-supplied,2024-06-30
COR,2024-11-06,time-not-supplied,2024-09-30
COR,2025-02-05,time-not-supplied,2024-12-31
COR,2025-05-07,time-not-supplied,2025-03-31
COR,2025-08-06,time-not-supplied,2025-06-30
COR,2025-11-05,time-not-supplied,2025-09-30
COR,2026-02-04,time-pre-market,2025-12-31
COR,2026-05-05,before-market-open,2026-06-30
COST,2023-03-02,time-not-supplied,2023-02-28
COST,2023-05-25,time-not-supplied,2023-05-31
COST,2023-09-26,time-not-supplied,2023-08-31
COST,2023-12-14,time-not-supplied,2023-11-30
COST,2024-03-07,time-not-supplied,2024-02-29
COST,2024-05-30,time-not-supplied,2024-05-31
COST,2024-09-26,time-not-supplied,2024-08-31
COST,2024-12-12,time-not-supplied,2024-11-30
COST,2025-03-06,time-not-supplied,2025-02-28
COST,2025-05-29,time-not-supplied,2025-05-31
COST,2025-09-25,time-after-hours,2025-08-31
COST,2025-12-11,time-not-supplied,2025-11-30
COST,2026-03-05,after-market-close,2026-06-30
COST,2026-05-27,after-market-close,2026-09-30
CPAY,2023-02-08,time-not-supplied,2022-12-31
CPAY,2023-05-03,time-not-supplied,2023-03-31
CPAY,2023-08-08,time-not-supplied,2023-06-30
CPAY,2023-11-08,time-not-supplied,2023-09-30
CPAY,2024-02-07,time-not-supplied,2023-12-31
CPAY,2024-05-08,time-not-supplied,2024-03-31
CPAY,2024-08-07,time-not-supplied,2024-06-30
CPAY,2024-11-07,time-not-supplied,2024-09-30
CPAY,2025-02-05,time-not-supplied,2024-12-31
CPAY,2025-05-06,time-not-supplied,2025-03-31
CPAY,2025-08-06,time-not-supplied,2025-06-30
CPAY,2025-11-05,time-not-supplied,2025-09-30
CPAY,2026-02-04,time-after-hours,2025-12-31
CPAY,2026-05-04,after-market-close,2026-03-31
CPB,2023-03-08,time-not-supplied,2023-01-31
CPB,2023-06-07,time-not-supplied,2023-04-30
CPB,2023-08-31,time-not-supplied,2023-07-31
CPB,2023-12-06,time-not-supplied,2023-10-31
CPB,2024-03-06,time-not-supplied,2024-01-31
CPB,2024-06-05,time-not-supplied,2024-04-30
CPB,2024-08-29,time-not-supplied,2024-07-31
CPB,2024-12-03,time-not-supplied,2024-10-31
CPB,2025-03-05,time-not-supplied,2025-01-31
CPB,2025-06-02,time-not-supplied,2025-04-30
CPB,2025-09-03,time-not-supplied,2025-07-31
CPB,2025-12-09,time-not-supplied,2025-10-31
CPB,2026-03-11,before-market-open,2026-06-30
CPRT,2023-02-20,time-not-supplied,2023-01-31
CPRT,2023-05-17,time-not-supplied,2023-04-30
CPRT,2023-09-14,time-not-supplied,2023-07-31
CPRT,2023-11-16,time-not-supplied,2023-10-31
CPRT,2024-02-22,time-not-supplied,2024-01-31
CPRT,2024-05-16,time-not-supplied,2024-04-30
CPRT,2024-09-04,time-not-supplied,2024-07-31
CPRT,2024-11-21,time-not-supplied,2024-10-31
CPRT,2025-02-20,time-not-supplied,2025-01-31
CPRT,2025-05-22,time-not-supplied,2025-04-30
CPRT,2025-09-04,time-not-supplied,2025-07-31
CPRT,2025-11-20,time-not-supplied,2025-10-31
CPRT,2026-02-19,time-after-hours,2026-01-31
CPRT,2026-05-20,time-not-supplied,2026-09-30
CPT,2023-02-02,time-not-supplied,2022-12-31
CPT,2023-04-27,time-not-supplied,2023-03-31
CPT,2023-08-03,time-not-supplied,2023-06-30
CPT,2023-10-26,time-not-supplied,2023-09-30
CPT,2024-02-01,time-not-supplied,2023-12-31
CPT,2024-05-02,time-not-supplied,2024-03-31
CPT,2024-08-01,time-not-supplied,2024-06-30
CPT,2024-10-31,time-not-supplied,2024-09-30
CPT,2025-02-06,time-not-supplied,2024-12-31
CPT,2025-05-01,time-not-supplied,2025-03-31
CPT,2025-07-31,time-not-supplied,2025-06-30
CPT,2025-11-06,time-not-supplied,2025-09-30
CPT,2026-02-05,time-not-supplied,2025-12-31
CPT,2026-04-29,after-market-close,2026-03-31
CRH,2024-02-29,time-not-supplied,2023-12-31
CRH,2024-05-10,time-not-supplied,2024-03-31
CRH,2024-08-08,time-not-supplied,2024-06-30
CRH,2024-11-07,time-not-supplied,2024-09-30
CRH,2025-02-26,time-not-supplied,2024-12-31
CRH,2025-05-05,time-not-supplied,2025-03-31
CRH,2025-08-06,time-not-supplied,2025-06-30
CRH,2025-11-05,time-not-supplied,2025-09-30
CRH,2026-02-18,time-after-hours,2025-12-31
CRH,2026-05-04,time-not-supplied,2026-03-31
CRL,2023-02-22,time-not-supplied,2022-12-31
CRL,2023-05-11,time-not-supplied,2023-03-31
CRL,2023-08-09,time-not-supplied,2023-06-30
CRL,2023-11-08,time-not-supplied,2023-09-30
CRL,2024-02-14,time-not-supplied,2023-12-31
CRL,2024-05-09,time-not-supplied,2024-03-31
CRL,2024-08-07,time-not-supplied,2024-06-30
CRL,2024-11-06,time-not-supplied,2024-09-30
CRL,2025-02-19,time-not-supplied,2024-12-31
CRL,2025-05-07,time-not-supplied,2025-03-31
CRL,2025-08-06,time-not-supplied,2025-06-30
CRL,2025-11-05,time-not-supplied,2025-09-30
CRL,2026-02-18,time-pre-market,2025-12-31
CRL,2026-05-05,before-market-open,2026-03-31
CRM,2023-03-01,time-not-supplied,2023-01-31
CRM,2023-05-31,time-not-supplied,2023-04-30
CRM,2023-08-30,time-not-supplied,2023-07-31
CRM,2023-11-29,time-not-supplied,2023-10-31
CRM,2024-02-28,time-not-supplied,2024-01-31
CRM,2024-05-29,time-not-supplied,2024-04-30
CRM,2024-08-28,time-not-supplied,2024-07-31
CRM,2024-12-03,time-not-supplied,2024-10-31
CRM,2025-02-26,time-not-supplied,2025-01-31
CRM,2025-05-28,time-not-supplied,2025-04-30
CRM,2025-09-03,time-not-supplied,2025-07-31
CRM,2025-12-03,time-not-supplied,2025-10-31
CRM,2026-02-25,time-not-supplied,2026-01-31
CRM,2026-05-26,after-market-close,2027-03-31
CRWD,2023-03-07,time-not-supplied,2023-01-31
CRWD,2023-05-31,time-not-supplied,2023-04-30
CRWD,2023-08-30,time-not-supplied,2023-07-31
CRWD,2023-11-28,time-not-supplied,2023-10-31
CRWD,2024-03-05,time-not-supplied,2024-01-31
CRWD,2024-06-04,time-not-supplied,2024-04-30
CRWD,2024-08-28,time-not-supplied,2024-07-31
CRWD,2024-11-26,time-not-supplied,2024-10-31
CRWD,2025-03-04,time-not-supplied,2025-01-31
CRWD,2025-06-03,time-not-supplied,2025-04-30
CRWD,2025-08-27,time-not-supplied,2025-07-31
CRWD,2025-12-02,time-not-supplied,2025-10-31
CRWD,2026-03-03,after-market-close,2026-12-31
CSCO,2023-02-15,time-not-supplied,2023-01-31
CSCO,2023-05-17,time-not-supplied,2023-04-30
CSCO,2023-08-16,time-not-supplied,2023-07-31
CSCO,2023-11-15,time-not-supplied,2023-10-31
CSCO,2024-02-14,time-not-supplied,2024-01-31
CSCO,2024-05-15,time-not-supplied,2024-04-30
CSCO,2024-08-14,time-not-supplied,2024-07-31
CSCO,2024-11-13,time-not-supplied,2024-10-31
CSCO,2025-02-12,time-not-supplied,2025-01-31
CSCO,2025-05-14,time-not-supplied,2025-04-30
CSCO,2025-08-13,time-not-supplied,2025-07-31
CSCO,2025-11-12,time-not-supplied,2025-10-31
CSCO,2026-02-11,time-after-hours,2026-01-31
CSCO,2026-05-12,after-market-close,2026-09-30
CSGP,2023-02-21,time-not-supplied,2022-12-31
CSGP,2023-04-25,time-not-supplied,2023-03-31
CSGP,2023-07-25,time-not-supplied,2023-06-30
CSGP,2023-10-24,time-not-supplied,2023-09-30
CSGP,2024-02-20,time-not-supplied,2023-12-31
CSGP,2024-04-23,time-not-supplied,2024-03-31
CSGP,2024-07-23,time-not-supplied,2024-06-30
CSGP,2024-10-22,time-not-supplied,2024-09-30
CSGP,2025-02-18,time-not-supplied,2024-12-31
CSGP,2025-04-29,time-not-supplied,2025-03-31
CSGP,2025-07-22,time-not-supplied,2025-06-30
CSGP,2025-10-28,time-not-supplied,2025-09-30
CSGP,2026-02-24,time-not-supplied,2025-12-31
CSGP,2026-04-27,time-not-supplied,2026-03-31
CSX,2023-01-25,time-not-supplied,2022-12-31
CSX,2023-04-20,time-not-supplied,2023-03-31
CSX,2023-07-20,time-not-supplied,2023-06-30
CSX,2023-10-19,time-not-supplied,2023-09-30
CSX,2024-01-24,time-not-supplied,2023-12-31
CSX,2024-04-17,time-not-supplied,2024-03-31
CSX,2024-08-05,time-not-supplied,2024-06-30
CSX,2024-10-16,time-not-supplied,2024-09-30
CSX,2025-01-23,time-not-supplied,2024-12-31
CSX,2025-04-16,time-not-supplied,2025-03-31
CSX,2025-07-23,time-not-supplied,2025-06-30
CSX,2025-10-16,time-not-supplied,2025-09-30
CSX,2026-01-22,time-not-supplied,2025-12-31
CSX,2026-04-14,time-not-supplied,2026-03-31
CTAS,2023-03-29,time-not-supplied,2023-02-28
CTAS,2023-07-13,time-not-supplied,2023-05-31
CTAS,2023-09-26,time-not-supplied,2023-08-31
CTAS,2023-12-21,time-not-supplied,2023-11-30
CTAS,2024-03-27,time-not-supplied,2024-02-29
CTAS,2024-07-18,time-not-supplied,2024-05-31
CTAS,2024-09-25,time-not-supplied,2024-08-31
CTAS,2024-12-19,time-not-supplied,2024-11-30
CTAS,2025-03-26,time-not-supplied,2025-02-28
CTAS,2025-07-17,time-not-supplied,2025-05-31
CTAS,2025-09-24,time-not-supplied,2025-08-31
CTAS,2025-12-18,time-not-supplied,2025-11-30
CTAS,2026-03-24,before-market-open,2026-09-30
CTRA,2023-02-22,time-not-supplied,2022-12-31
CTRA,2023-05-04,time-not-supplied,2023-03-31
CTRA,2023-08-07,time-not-supplied,2023-06-30
CTRA,2023-11-06,time-not-supplied,2023-09-30
CTRA,2024-02-22,time-not-supplied,2023-12-31
CTRA,2024-05-02,time-not-supplied,2024-03-31
CTRA,2024-08-01,time-not-supplied,2024-06-30
CTRA,2024-10-31,time-not-supplied,2024-09-30
CTRA,2025-02-24,time-not-supplied,2024-12-31
CTRA,2025-05-05,time-not-supplied,2025-03-31
CTRA,2025-08-04,time-not-supplied,2025-06-30
CTRA,2025-11-03,time-not-supplied,2025-09-30
CTRA,2026-02-26,time-not-supplied,2025-12-31
CTRA,2026-05-04,after-market-close,2026-03-31
CTSH,2023-02-02,time-not-supplied,2022-12-31
CTSH,2023-05-03,time-not-supplied,2023-03-31
CTSH,2023-08-02,time-not-supplied,2023-06-30
CTSH,2023-11-01,time-not-supplied,2023-09-30
CTSH,2024-02-06,time-not-supplied,2023-12-31
CTSH,2024-05-01,time-not-supplied,2024-03-31
CTSH,2024-07-31,time-not-supplied,2024-06-30
CTSH,2024-10-30,time-not-supplied,2024-09-30
CTSH,2025-02-05,time-not-supplied,2024-12-31
CTSH,2025-04-30,time-not-supplied,2025-03-31
CTSH,2025-07-30,time-not-supplied,2025-06-30
CTSH,2025-10-29,time-not-supplied,2025-09-30
CTSH,2026-02-04,time-pre-market,2025-12-31
CTSH,2026-04-28,after-market-close,2026-03-31
CTVA,2023-02-01,time-not-supplied,2022-12-31
CTVA,2023-05-03,time-not-supplied,2023-03-31
CTVA,2023-08-03,time-not-supplied,2023-06-30
CTVA,2023-11-08,time-not-supplied,2023-09-30
CTVA,2024-01-31,time-not-supplied,2023-12-31
CTVA,2024-05-01,time-not-supplied,2024-03-31
CTVA,2024-07-31,time-not-supplied,2024-06-30
CTVA,2024-11-06,time-not-supplied,2024-09-30
CTVA,2025-02-05,time-not-supplied,2024-12-31
CTVA,2025-05-07,time-not-supplied,2025-03-31
CTVA,2025-08-06,time-not-supplied,2025-06-30
CTVA,2025-11-04,time-not-supplied,2025-09-30
CTVA,2026-02-03,time-not-supplied,2025-12-31
CTVA,2026-05-05,after-market-close,2026-03-31
CVNA,2023-02-23,time-not-supplied,2022-12-31
CVNA,2023-05-04,time-not-supplied,2023-03-31
CVNA,2023-07-19,time-not-supplied,2023-06-30
CVNA,2023-11-02,time-not-supplied,2023-09-30
CVNA,2024-02-22,time-not-supplied,2023-12-31
CVNA,2024-05-01,time-not-supplied,2024-03-31
CVNA,2024-07-31,time-not-supplied,2024-06-30
CVNA,2024-10-30,time-not-supplied,2024-09-30
CVNA,2025-02-19,time-not-supplied,2024-12-31
CVNA,2025-05-07,time-not-supplied,2025-03-31
CVNA,2025-07-30,time-not-supplied,2025-06-30
CVNA,2025-10-29,time-not-supplied,2025-09-30
CVNA,2026-02-18,time-after-hours,2025-12-31
CVNA,2026-05-05,time-not-supplied,2026-03-31
CVS,2023-02-08,time-not-supplied,2022-12-31
CVS,2023-05-03,time-not-supplied,2023-03-31
CVS,2023-08-02,time-not-supplied,2023-06-30
CVS,2023-11-01,time-not-supplied,2023-09-30
CVS,2024-02-07,time-not-supplied,2023-12-31
CVS,2024-05-01,time-not-supplied,2024-03-31
CVS,2024-08-07,time-not-supplied,2024-06-30
CVS,2024-11-06,time-not-supplied,2024-09-30
CVS,2025-02-12,time-not-supplied,2024-12-31
CVS,2025-05-01,time-not-supplied,2025-03-31
CVS,2025-07-31,time-not-supplied,2025-06-30
CVS,2025-10-29,time-not-supplied,2025-09-30
CVS,2026-02-10,time-pre-market,2025-12-31
CVS,2026-04-29,before-market-open,2026-03-31
CVX,2023-01-27,time-not-supplied,2022-12-31
CVX,2023-04-28,time-not-supplied,2023-03-31
CVX,2023-07-28,time-not-supplied,2023-06-30
CVX,2023-10-27,time-not-supplied,2023-09-30
CVX,2024-02-02,time-not-supplied,2023-12-31
CVX,2024-04-26,time-not-supplied,2024-03-31
CVX,2024-08-02,time-not-supplied,2024-06-30
CVX,2024-11-01,time-not-supplied,2024-09-30
CVX,2025-01-31,time-not-supplied,2024-12-31
CVX,2025-05-02,time-not-supplied,2025-03-31
CVX,2025-08-01,time-not-supplied,2025-06-30
CVX,2025-10-31,time-not-supplied,2025-09-30
CVX,2026-01-30,time-pre-market,2025-12-31
CVX,2026-04-30,before-market-open,2026-03-31
CZR,2023-02-21,time-not-supplied,2022-12-31
CZR,2023-05-02,time-not-supplied,2023-03-31
CZR,2023-08-01,time-not-supplied,2023-06-30
CZR,2023-10-31,time-not-supplied,2023-09-30
CZR,2024-02-20,time-not-supplied,2023-12-31
CZR,2024-04-30,time-not-supplied,2024-03-31
CZR,2024-07-30,time-not-supplied,2024-06-30
CZR,2024-10-29,time-not-supplied,2024-09-30
CZR,2025-02-25,time-not-supplied,2024-12-31
CZR,2025-04-29,time-not-supplied,2025-03-31
CZR,2025-07-29,time-not-supplied,2025-06-30
CZR,2025-10-28,time-not-supplied,2025-09-30
CZR,2026-02-17,time-after-hours,2025-12-31
CZR,2026-04-27,after-market-close,2026-03-31
D,2023-02-08,time-not-supplied,2022-12-31
D,2023-05-05,time-not-supplied,2023-03-31
D,2023-08-04,time-not-supplied,2023-06-30
D,2023-11-03,time-not-supplied,2023-09-30
D,2024-02-22,time-not-supplied,2023-12-31
D,2024-05-02,time-not-supplied,2024-03-31
D,2024-08-01,time-not-supplied,2024-06-30
D,2024-11-01,time-not-supplied,2024-09-30
D,2025-02-12,time-not-supplied,2024-12-31
D,2025-05-01,time-not-supplied,2025-03-31
D,2025-08-01,time-not-supplied,2025-06-30
D,2025-10-31,time-not-supplied,2025-09-30
D,2026-02-23,time-not-supplied,2025-12-31
D,2026-04-29,before-market-open,2026-03-31
DAL,2023-01-13,time-not-supplied,2022-12-31
DAL,2023-04-13,time-not-supplied,2023-03-31
DAL,2023-07-13,time-not-supplied,2023-06-30
DAL,2023-10-12,time-not-supplied,2023-09-30
DAL,2024-01-12,time-not-supplied,2023-12-31
DAL,2024-04-10,time-not-supplied,2024-03-31
DAL,2024-07-11,time-not-supplied,2024-06-30
DAL,2024-10-10,time-not-supplied,2024-09-30
DAL,2025-01-10,time-not-supplied,2024-12-31
DAL,2025-04-09,time-not-supplied,2025-03-31
DAL,2025-07-10,time-not-supplied,2025-06-30
DAL,2025-10-09,time-not-supplied,2025-09-30
DAL,2026-01-13,time-not-supplied,2025-12-31
DAL,2026-04-07,before-market-open,2026-03-31
DASH,2023-02-16,time-not-supplied,2022-12-31
DASH,2023-05-04,time-not-supplied,2023-03-31
DASH,2023-08-02,time-not-supplied,2023-06-30
DASH,2023-11-01,time-not-supplied,2023-09-30
DASH,2024-02-15,time-not-supplied,2023-12-31
DASH,2024-05-01,time-not-supplied,2024-03-31
DASH,2024-08-01,time-not-supplied,2024-06-30
DASH,2024-10-30,time-not-supplied,2024-09-30
DASH,2025-02-11,time-not-supplied,2024-12-31
DASH,2025-05-06,time-not-supplied,2025-03-31
DASH,2025-08-06,time-not-supplied,2025-06-30
DASH,2025-11-05,time-not-supplied,2025-09-30
DASH,2026-02-18,time-after-hours,2025-12-31
DASH,2026-05-04,after-market-close,2026-03-31
DAY,2024-02-07,time-not-supplied,2023-12-31
DAY,2024-05-01,time-not-supplied,2024-03-31
DAY,2024-07-31,time-not-supplied,2024-06-30
DAY,2024-10-30,time-not-supplied,2024-09-30
DAY,2025-02-05,time-not-supplied,2024-12-31
DAY,2025-05-07,time-not-supplied,2025-03-31
DAY,2025-08-06,time-not-supplied,2025-06-30
DAY,2025-10-29,time-not-supplied,2025-09-30
DAY,2026-05-05,before-market-open,2026-03-31
DD,2023-02-07,time-not-supplied,2022-12-31
DD,2023-05-02,time-not-supplied,2023-03-31
DD,2023-08-02,time-not-supplied,2023-06-30
DD,2023-11-01,time-not-supplied,2023-09-30
DD,2024-02-06,time-not-supplied,2023-12-31
DD,2024-05-01,time-not-supplied,2024-03-31
DD,2024-07-31,time-not-supplied,2024-06-30
DD,2024-11-05,time-not-supplied,2024-09-30
DD,2025-02-11,time-not-supplied,2024-12-31
DD,2025-05-02,time-not-supplied,2025-03-31
DD,2025-08-05,time-not-supplied,2025-06-30
DD,2025-11-06,time-not-supplied,2025-09-30
DD,2026-02-10,time-pre-market,2025-12-31
DD,2026-04-30,time-not-supplied,2026-03-31
DDOG,2023-02-16,time-not-supplied,2022-12-31
DDOG,2023-05-04,time-not-supplied,2023-03-31
DDOG,2023-08-08,time-not-supplied,2023-06-30
DDOG,2023-11-07,time-not-supplied,2023-09-30
DDOG,2024-02-13,time-not-supplied,2023-12-31
DDOG,2024-05-07,time-not-supplied,2024-03-31
DDOG,2024-08-08,time-not-supplied,2024-06-30
DDOG,2024-11-07,time-not-supplied,2024-09-30
DDOG,2025-02-13,time-not-supplied,2024-12-31
DDOG,2025-05-06,time-not-supplied,2025-03-31
DDOG,2025-08-07,time-not-supplied,2025-06-30
DDOG,2025-11-06,time-not-supplied,2025-09-30
DDOG,2026-02-10,time-pre-market,2025-12-31
DDOG,2026-05-04,before-market-open,2026-03-31
DE,2023-02-17,time-not-supplied,2023-01-31
DE,2023-05-19,time-not-supplied,2023-04-30
DE,2023-08-18,time-not-supplied,2023-07-31
DE,2023-11-22,time-not-supplied,2023-10-31
DE,2024-02-15,time-not-supplied,2024-01-31
DE,2024-05-16,time-not-supplied,2024-04-30
DE,2024-08-15,time-not-supplied,2024-07-31
DE,2024-11-21,time-not-supplied,2024-10-31
DE,2025-02-13,time-not-supplied,2025-01-31
DE,2025-05-15,time-not-supplied,2025-04-30
DE,2025-08-14,time-not-supplied,2025-07-31
DE,2025-11-26,time-not-supplied,2025-10-31
DE,2026-05-13,before-market-open,2026-06-30
DECK,2023-02-02,time-not-supplied,2022-12-31
DECK,2023-05-25,time-not-supplied,2023-03-31
DECK,2023-07-27,time-not-supplied,2023-06-30
DECK,2023-10-26,time-not-supplied,2023-09-30
DECK,2024-02-01,time-not-supplied,2023-12-31
DECK,2024-05-23,time-not-supplied,2024-03-31
DECK,2024-07-25,time-not-supplied,2024-06-30
DECK,2024-10-24,time-not-supplied,2024-09-30
DECK,2025-01-30,time-not-supplied,2024-12-31
DECK,2025-05-22,time-not-supplied,2025-03-31
DECK,2025-07-24,time-not-supplied,2025-06-30
DECK,2025-10-23,time-after-hours,2025-09-30
DECK,2026-01-29,time-not-supplied,2025-12-31
DECK,2026-05-20,after-market-close,2026-12-31
DELL,2023-03-02,time-not-supplied,2023-01-31
DELL,2023-06-01,time-not-supplied,2023-04-30
DELL,2023-08-31,time-not-supplied,2023-07-31
DELL,2023-11-30,time-not-supplied,2023-10-31
DELL,2024-02-29,time-not-supplied,2024-01-31
DELL,2024-05-30,time-not-supplied,2024-04-30
DELL,2024-08-29,time-not-supplied,2024-07-31
DELL,2024-11-26,time-not-supplied,2024-10-31
DELL,2025-02-27,time-not-supplied,2025-01-31
DELL,2025-05-29,time-not-supplied,2025-04-30
DELL,2025-08-28,time-not-supplied,2025-07-31
DELL,2025-11-25,time-not-supplied,2025-10-31
DELL,2026-02-26,time-not-supplied,2026-01-31
DELL,2026-05-27,time-not-supplied,2027-03-31
DG,2023-03-16,time-not-supplied,2023-01-31
DG,2023-06-01,time-not-supplied,2023-04-30
DG,2023-08-31,time-not-supplied,2023-07-31
DG,2023-12-07,time-not-supplied,2023-10-31
DG,2024-03-14,time-not-supplied,2024-01-31
DG,2024-05-30,time-not-supplied,2024-04-30
DG,2024-08-29,time-not-supplied,2024-07-31
DG,2024-12-05,time-not-supplied,2024-10-31
DG,2025-03-13,time-not-supplied,2025-01-31
DG,2025-06-03,time-not-supplied,2025-04-30
DG,2025-08-28,time-not-supplied,2025-07-31
DG,2025-12-04,time-not-supplied,2025-10-31
DGX,2023-02-02,time-not-supplied,2022-12-31
DGX,2023-04-27,time-not-supplied,2023-03-31
DGX,2023-07-26,time-not-supplied,2023-06-30
DGX,2023-10-24,time-not-supplied,2023-09-30
DGX,2024-02-01,time-not-supplied,2023-12-31
DGX,2024-04-23,time-not-supplied,2024-03-31
DGX,2024-07-23,time-not-supplied,2024-06-30
DGX,2024-10-22,time-not-supplied,2024-09-30
DGX,2025-01-30,time-not-supplied,2024-12-31
DGX,2025-04-22,time-not-supplied,2025-03-31
DGX,2025-07-22,time-not-supplied,2025-06-30
DGX,2025-10-21,time-not-supplied,2025-09-30
DGX,2026-02-10,time-pre-market,2025-12-31
DGX,2026-04-20,before-market-open,2026-03-31
DHI,2023-01-24,time-not-supplied,2022-12-31
DHI,2023-04-20,time-not-supplied,2023-03-31
DHI,2023-07-20,time-not-supplied,2023-06-30
DHI,2023-11-07,time-not-supplied,2023-09-30
DHI,2024-01-23,time-not-supplied,2023-12-31
DHI,2024-04-18,time-not-supplied,2024-03-31
DHI,2024-07-18,time-not-supplied,2024-06-30
DHI,2024-10-29,time-not-supplied,2024-09-30
DHI,2025-01-21,time-not-supplied,2024-12-31
DHI,2025-04-17,time-not-supplied,2025-03-31
DHI,2025-07-22,time-not-supplied,2025-06-30
DHI,2025-10-28,time-not-supplied,2025-09-30
DHI,2026-01-20,time-pre-market,2025-12-31
DHI,2026-04-21,before-market-open,2026-06-30
DHR,2023-01-24,time-not-supplied,2022-12-31
DHR,2023-04-25,time-not-supplied,2023-03-31
DHR,2023-07-25,time-not-supplied,2023-06-30
DHR,2023-10-24,time-not-supplied,2023-09-30
DHR,2024-01-30,time-not-supplied,2023-12-31
DHR,2024-04-23,time-not-supplied,2024-03-31
DHR,2024-07-23,time-not-supplied,2024-06-30
DHR,2024-10-22,time-not-supplied,2024-09-30
DHR,2025-01-29,time-not-supplied,2024-12-31
DHR,2025-04-22,time-not-supplied,2025-03-31
DHR,2025-07-22,time-not-supplied,2025-06-30
DHR,2025-10-21,time-not-supplied,2025-09-30
DHR,2026-01-28,time-pre-market,2025-12-31
DHR,2026-04-20,before-market-open,2026-03-31
DIS,2023-02-08,time-not-supplied,2022-12-31
DIS,2023-05-10,time-not-supplied,2023-03-31
DIS,2023-08-09,time-not-supplied,2023-06-30
DIS,2023-11-08,time-not-supplied,2023-09-30
DIS,2024-02-07,time-not-supplied,2023-12-31
DIS,2024-05-07,time-not-supplied,2024-03-31
DIS,2024-08-07,time-not-supplied,2024-06-30
DIS,2024-11-14,time-not-supplied,2024-09-30
DIS,2025-02-05,time-not-supplied,2024-12-31
DIS,2025-05-07,time-not-supplied,2025-03-31
DIS,2025-08-06,time-not-supplied,2025-06-30
DIS,2025-11-13,time-not-supplied,2025-09-30
DIS,2026-02-02,time-pre-market,2025-12-31
DIS,2026-05-05,after-market-close,2026-06-30
DLR,2023-02-16,time-not-supplied,2022-12-31
DLR,2023-04-27,time-not-supplied,2023-03-31
DLR,2023-07-27,time-not-supplied,2023-06-30
DLR,2023-10-26,time-not-supplied,2023-09-30
DLR,2024-02-15,time-not-supplied,2023-12-31
DLR,2024-05-02,time-not-supplied,2024-03-31
DLR,2024-07-25,time-not-supplied,2024-06-30
DLR,2024-10-24,time-not-supplied,2024-09-30
DLR,2025-02-13,time-not-supplied,2024-12-31
DLR,2025-04-24,time-not-supplied,2025-03-31
DLR,2025-07-24,time-not-supplied,2025-06-30
DLR,2025-10-23,time-after-hours,2025-09-30
DLR,2026-02-05,time-after-hours,2025-12-31
DLR,2026-04-22,time-not-supplied,2026-03-31
DLTR,2023-03-01,time-not-supplied,2023-01-31
DLTR,2023-05-25,time-not-supplied,2023-04-30
DLTR,2023-08-24,time-not-supplied,2023-07-31
DLTR,2023-11-29,time-not-supplied,2023-10-31
DLTR,2024-03-13,time-not-supplied,2024-01-31
DLTR,2024-06-05,time-not-supplied,2024-04-30
DLTR,2024-09-04,time-not-supplied,2024-07-31
DLTR,2024-12-04,time-not-supplied,2024-10-31
DLTR,2025-03-26,time-not-supplied,2025-01-31
DLTR,2025-06-04,time-not-supplied,2025-04-30
DLTR,2025-09-03,time-not-supplied,2025-07-31
DLTR,2025-12-03,time-not-supplied,2025-10-31
DOC,2023-02-22,time-not-supplied,2022-12-31
DOC,2023-05-04,time-not-supplied,2023-03-31
DOC,2023-08-03,time-not-supplied,2023-06-30
DOC,2023-10-30,time-not-supplied,2023-09-30
DOC,2024-02-21,time-not-supplied,2023-12-31
DOC,2024-04-25,time-not-supplied,2024-03-31
DOC,2024-07-25,time-not-supplied,2024-06-30
DOC,2024-10-24,time-not-supplied,2024-09-30
DOC,2025-02-03,time-not-supplied,2024-12-31
DOC,2025-04-24,time-not-supplied,2025-03-31
DOC,2025-07-24,time-not-supplied,2025-06-30
DOC,2025-10-23,time-after-hours,2025-09-30
DOC,2026-02-02,time-after-hours,2025-12-31
DOC,2026-04-22,time-not-supplied,2026-03-31
DOV,2023-01-31,time-not-supplied,2022-12-31
DOV,2023-04-26,time-not-supplied,2023-03-31
DOV,2023-07-25,time-not-supplied,2023-06-30
DOV,2023-10-24,time-not-supplied,2023-09-30
DOV,2024-02-01,time-not-supplied,2023-12-31
DOV,2024-04-25,time-not-supplied,2024-03-31
DOV,2024-07-25,time-not-supplied,2024-06-30
DOV,2024-10-24,time-not-supplied,2024-09-30
DOV,2025-01-30,time-not-supplied,2024-12-31
DOV,2025-04-24,time-not-supplied,2025-03-31
DOV,2025-07-24,time-not-supplied,2025-06-30
DOV,2025-10-23,time-pre-market,2025-09-30
DOV,2026-01-29,time-not-supplied,2025-12-31
DOV,2026-04-22,time-not-supplied,2026-03-31
DOW,2023-01-26,time-not-supplied,2022-12-31
DOW,2023-04-25,time-not-supplied,2023-03-31
DOW,2023-07-25,time-not-supplied,2023-06-30
DOW,2023-10-24,time-not-supplied,2023-09-30
DOW,2024-01-25,time-not-supplied,2023-12-31
DOW,2024-04-25,time-not-supplied,2024-03-31
DOW,2024-07-25,time-not-supplied,2024-06-30
DOW,2024-10-24,time-not-supplied,2024-09-30
DOW,2025-01-30,time-not-supplied,2024-12-31
DOW,2025-04-24,time-not-supplied,2025-03-31
DOW,2025-07-24,time-not-supplied,2025-06-30
DOW,2025-10-23,time-pre-market,2025-09-30
DOW,2026-01-29,time-not-supplied,2025-12-31
DOW,2026-04-23,before-market-open,2026-03-31
DPZ,2023-02-23,time-not-supplied,2022-12-31
DPZ,2023-04-27,time-not-supplied,2023-03-31
DPZ,2023-07-24,time-not-supplied,2023-06-30
DPZ,2023-10-12,time-not-supplied,2023-09-30
DPZ,2024-02-26,time-not-supplied,2023-12-31
DPZ,2024-04-29,time-not-supplied,2024-03-31
DPZ,2024-07-18,time-not-supplied,2024-06-30
DPZ,2024-10-10,time-not-supplied,2024-09-30
DPZ,2025-02-24,time-not-supplied,2024-12-31
DPZ,2025-04-28,time-not-supplied,2025-03-31
DPZ,2025-07-21,time-not-supplied,2025-06-30
DPZ,2025-10-14,time-not-supplied,2025-09-30
DPZ,2026-02-23,time-not-supplied,2025-12-31
DPZ,2026-04-27,before-market-open,2026-03-31
DRI,2023-03-23,time-not-supplied,2023-02-28
DRI,2023-06-22,time-not-supplied,2023-05-31
DRI,2023-09-21,time-not-supplied,2023-08-31
DRI,2023-12-15,time-not-supplied,2023-11-30
DRI,2024-03-21,time-not-supplied,2024-02-29
DRI,2024-06-20,time-not-supplied,2024-05-31
DRI,2024-09-19,time-not-supplied,2024-08-31
DRI,2024-12-19,time-not-supplied,2024-11-30
DRI,2025-03-20,time-not-supplied,2025-02-28
DRI,2025-06-20,time-not-supplied,2025-05-31
DRI,2025-09-18,time-not-supplied,2025-08-31
DRI,2025-12-18,time-not-supplied,2025-11-30
DRI,2026-03-19,before-market-open,2026-09-30
DTE,2023-02-23,time-not-supplied,2022-12-31
DTE,2023-04-27,time-not-supplied,2023-03-31
DTE,2023-07-27,time-not-supplied,2023-06-30
DTE,2023-11-01,time-not-supplied,2023-09-30
DTE,2024-02-08,time-not-supplied,2023-12-31
DTE,2024-04-25,time-not-supplied,2024-03-31
DTE,2024-07-25,time-not-supplied,2024-06-30
DTE,2024-10-24,time-not-supplied,2024-09-30
DTE,2025-02-13,time-not-supplied,2024-12-31
DTE,2025-05-01,time-not-supplied,2025-03-31
DTE,2025-07-29,time-not-supplied,2025-06-30
DTE,2025-10-30,time-not-supplied,2025-09-30
DTE,2026-02-17,time-pre-market,2025-12-31
DTE,2026-04-29,before-market-open,2026-03-31
DUK,2023-02-09,time-not-supplied,2022-12-31
DUK,2023-05-09,time-not-supplied,2023-03-31
DUK,2023-08-08,time-not-supplied,2023-06-30
DUK,2023-11-02,time-not-supplied,2023-09-30
DUK,2024-02-08,time-not-supplied,2023-12-31
DUK,2024-05-07,time-not-supplied,2024-03-31
DUK,2024-08-06,time-not-supplied,2024-06-30
DUK,2024-11-07,time-not-supplied,2024-09-30
DUK,2025-02-13,time-not-supplied,2024-12-31
DUK,2025-05-06,time-not-supplied,2025-03-31
DUK,2025-08-05,time-not-supplied,2025-06-30
DUK,2025-11-06,time-not-supplied,2025-09-30
DUK,2025-11-07,time-pre-market,2025-09-30
DUK,2026-02-10,time-pre-market,2025-12-31
DUK,2026-05-04,before-market-open,2026-03-31
DVA,2023-02-22,time-not-supplied,2022-12-31
DVA,2023-05-08,time-not-supplied,2023-03-31
DVA,2023-08-03,time-not-supplied,2023-06-30
DVA,2023-11-07,time-not-supplied,2023-09-30
DVA,2024-02-13,time-not-supplied,2023-12-31
DVA,2024-05-02,time-not-supplied,2024-03-31
DVA,2024-08-06,time-not-supplied,2024-06-30
DVA,2024-10-29,time-not-supplied,2024-09-30
DVA,2025-02-13,time-not-supplied,2024-12-31
DVA,2025-05-12,time-not-supplied,2025-03-31
DVA,2025-08-05,time-not-supplied,2025-06-30
DVA,2025-10-29,time-not-supplied,2025-09-30
DVA,2026-02-02,time-after-hours,2025-12-31
DVA,2026-05-11,after-market-close,2026-03-31
DVN,2023-02-14,time-not-supplied,2022-12-31
DVN,2023-05-08,time-not-supplied,2023-03-31
DVN,2023-08-01,time-not-supplied,2023-06-30
DVN,2023-11-07,time-not-supplied,2023-09-30
DVN,2024-02-27,time-not-supplied,2023-12-31
DVN,2024-05-01,time-not-supplied,2024-03-31
DVN,2024-08-06,time-not-supplied,2024-06-30
DVN,2024-11-05,time-not-supplied,2024-09-30
DVN,2025-02-18,time-not-supplied,2024-12-31
DVN,2025-05-06,time-not-supplied,2025-03-31
DVN,2025-08-05,time-not-supplied,2025-06-30
DVN,2025-11-05,time-not-supplied,2025-09-30
DVN,2026-02-17,time-after-hours,2025-12-31
DVN,2026-05-04,after-market-close,2026-03-31
DXCM,2023-02-09,time-not-supplied,2022-12-31
DXCM,2023-04-27,time-not-supplied,2023-03-31
DXCM,2023-07-27,time-not-supplied,2023-06-30
DXCM,2023-10-26,time-not-supplied,2023-09-30
DXCM,2024-02-08,time-not-supplied,2023-12-31
DXCM,2024-04-25,time-not-supplied,2024-03-31
DXCM,2024-07-25,time-not-supplied,2024-06-30
DXCM,2024-10-24,time-not-supplied,2024-09-30
DXCM,2025-02-13,time-not-supplied,2024-12-31
DXCM,2025-05-01,time-not-supplied,2025-03-31
DXCM,2025-07-30,time-not-supplied,2025-06-30
DXCM,2025-10-30,time-not-supplied,2025-09-30
DXCM,2026-02-12,time-after-hours,2025-12-31
DXCM,2026-04-29,time-not-supplied,2026-03-31
EA,2023-01-31,time-not-supplied,2022-12-31
EA,2023-05-09,time-not-supplied,2023-03-31
EA,2023-08-01,time-not-supplied,2023-06-30
EA,2023-11-01,time-not-supplied,2023-09-30
EA,2024-01-30,time-not-supplied,2023-12-31
EA,2024-05-07,time-not-supplied,2024-03-31
EA,2024-07-30,time-not-supplied,2024-06-30
EA,2024-10-29,time-not-supplied,2024-09-30
EA,2025-02-04,time-not-supplied,2024-12-31
EA,2025-05-06,time-not-supplied,2025-03-31
EA,2025-07-29,time-not-supplied,2025-06-30
EA,2025-10-28,time-not-supplied,2025-09-30
EA,2026-02-03,time-not-supplied,2025-12-31
EA,2026-05-04,after-market-close,2026-12-31
EBAY,2023-02-22,time-not-supplied,2022-12-31
EBAY,2023-04-26,time-not-supplied,2023-03-31
EBAY,2023-07-26,time-not-supplied,2023-06-30
EBAY,2023-11-07,time-not-supplied,2023-09-30
EBAY,2024-02-27,time-not-supplied,2023-12-31
EBAY,2024-05-01,time-not-supplied,2024-03-31
EBAY,2024-07-31,time-not-supplied,2024-06-30
EBAY,2024-10-30,time-not-supplied,2024-09-30
EBAY,2025-02-26,time-not-supplied,2024-12-31
EBAY,2025-04-30,time-not-supplied,2025-03-31
EBAY,2025-07-30,time-not-supplied,2025-06-30
EBAY,2025-10-29,time-not-supplied,2025-09-30
EBAY,2026-04-28,time-not-supplied,2026-03-31
ECL,2023-02-14,time-not-supplied,2022-12-31
ECL,2023-05-02,time-not-supplied,2023-03-31
ECL,2023-08-01,time-not-supplied,2023-06-30
ECL,2023-10-31,time-not-supplied,2023-09-30
ECL,2024-02-13,time-not-supplied,2023-12-31
ECL,2024-04-30,time-not-supplied,2024-03-31
ECL,2024-07-30,time-not-supplied,2024-06-30
ECL,2024-10-29,time-not-supplied,2024-09-30
ECL,2025-02-11,time-not-supplied,2024-12-31
ECL,2025-04-29,time-not-supplied,2025-03-31
ECL,2025-07-29,time-not-supplied,2025-06-30
ECL,2025-10-28,time-not-supplied,2025-09-30
ECL,2026-02-10,time-pre-market,2025-12-31
ECL,2026-04-27,before-market-open,2026-03-31
ED,2023-02-16,time-not-supplied,2022-12-31
ED,2023-05-04,time-not-supplied,2023-03-31
ED,2023-08-03,time-not-supplied,2023-06-30
ED,2023-11-02,time-not-supplied,2023-09-30
ED,2024-02-15,time-not-supplied,2023-12-31
ED,2024-05-02,time-not-supplied,2024-03-31
ED,2024-08-01,time-not-supplied,2024-06-30
ED,2024-11-07,time-not-supplied,2024-09-30
ED,2025-02-20,time-not-supplied,2024-12-31
ED,2025-05-01,time-not-supplied,2025-03-31
ED,2025-08-07,time-not-supplied,2025-06-30
ED,2025-11-06,time-not-supplied,2025-09-30
ED,2026-02-19,time-after-hours,2025-12-31
ED,2026-04-29,after-market-close,2026-03-31
EFX,2023-02-08,time-not-supplied,2022-12-31
EFX,2023-04-19,time-not-supplied,2023-03-31
EFX,2023-07-19,time-not-supplied,2023-06-30
EFX,2023-10-18,time-not-supplied,2023-09-30
EFX,2024-02-07,time-not-supplied,2023-12-31
EFX,2024-04-17,time-not-supplied,2024-03-31
EFX,2024-07-17,time-not-supplied,2024-06-30
EFX,2024-10-16,time-not-supplied,2024-09-30
EFX,2025-02-06,time-not-supplied,2024-12-31
EFX,2025-04-22,time-not-supplied,2025-03-31
EFX,2025-07-22,time-not-supplied,2025-06-30
EFX,2025-10-21,time-not-supplied,2025-09-30
EFX,2026-02-04,time-pre-market,2025-12-31
EFX,2026-02-05,time-not-supplied,2025-12-31
EFX,2026-04-20,after-market-close,2026-03-31
EG,2023-02-08,time-not-supplied,2022-12-31
EG,2023-05-01,time-not-supplied,2023-03-31
EG,2023-07-26,time-not-supplied,2023-06-30
EG,2023-10-25,time-not-supplied,2023-09-30
EG,2024-02-07,time-not-supplied,2023-12-31
EG,2024-04-29,time-not-supplied,2024-03-31
EG,2024-07-31,time-not-supplied,2024-06-30
EG,2024-10-30,time-not-supplied,2024-09-30
EG,2025-02-03,time-not-supplied,2024-12-31
EG,2025-04-30,time-not-supplied,2025-03-31
EG,2025-07-30,time-not-supplied,2025-06-30
EG,2025-10-27,time-not-supplied,2025-09-30
EG,2026-02-04,time-after-hours,2025-12-31
EG,2026-04-28,after-market-close,2026-03-31
EIX,2023-02-23,time-not-supplied,2022-12-31
EIX,2023-05-02,time-not-supplied,2023-03-31
EIX,2023-07-27,time-not-supplied,2023-06-30
EIX,2023-11-01,time-not-supplied,2023-09-30
EIX,2024-02-22,time-not-supplied,2023-12-31
EIX,2024-04-30,time-not-supplied,2024-03-31
EIX,2024-07-25,time-not-supplied,2024-06-30
EIX,2024-10-29,time-not-supplied,2024-09-30
EIX,2025-02-27,time-not-supplied,2024-12-31
EIX,2025-04-29,time-not-supplied,2025-03-31
EIX,2025-07-31,time-not-supplied,2025-06-30
EIX,2025-10-28,time-not-supplied,2025-09-30
EIX,2026-02-18,time-after-hours,2025-12-31
EIX,2026-04-27,time-not-supplied,2026-03-31
EL,2023-02-02,time-not-supplied,2022-12-31
EL,2023-05-03,time-not-supplied,2023-03-31
EL,2023-08-18,time-not-supplied,2023-06-30
EL,2023-11-01,time-not-supplied,2023-09-30
EL,2024-02-05,time-not-supplied,2023-12-31
EL,2024-05-01,time-not-supplied,2024-03-31
EL,2024-08-19,time-not-supplied,2024-06-30
EL,2024-10-31,time-not-supplied,2024-09-30
EL,2025-02-04,time-not-supplied,2024-12-31
EL,2025-05-01,time-not-supplied,2025-03-31
EL,2025-08-20,time-not-supplied,2025-06-30
EL,2025-10-30,time-not-supplied,2025-09-30
EL,2026-02-05,time-pre-market,2025-12-31
EL,2026-05-01,before-market-open,2026-09-30
ELV,2023-01-25,time-not-supplied,2022-12-31
ELV,2023-04-19,time-not-supplied,2023-03-31
ELV,2023-07-19,time-not-supplied,2023-06-30
ELV,2023-10-18,time-not-supplied,2023-09-30
ELV,2024-01-24,time-not-supplied,2023-12-31
ELV,2024-04-18,time-not-supplied,2024-03-31
ELV,2024-07-17,time-not-supplied,2024-06-30
ELV,2024-10-17,time-not-supplied,2024-09-30
ELV,2025-01-23,time-not-supplied,2024-12-31
ELV,2025-04-22,time-not-supplied,2025-03-31
ELV,2025-07-17,time-not-supplied,2025-06-30
ELV,2025-10-21,time-not-supplied,2025-09-30
ELV,2026-01-28,time-pre-market,2025-12-31
ELV,2026-04-20,before-market-open,2026-03-31
EMN,2023-01-26,time-not-supplied,2022-12-31
EMN,2023-04-27,time-not-supplied,2023-03-31
EMN,2023-07-27,time-not-supplied,2023-06-30
EMN,2023-10-26,time-not-supplied,2023-09-30
EMN,2024-02-01,time-not-supplied,2023-12-31
EMN,2024-04-25,time-not-supplied,2024-03-31
EMN,2024-07-25,time-not-supplied,2024-06-30
EMN,2024-10-31,time-not-supplied,2024-09-30
EMN,2025-01-30,time-not-supplied,2024-12-31
EMN,2025-04-24,time-not-supplied,2025-03-31
EMN,2025-07-31,time-not-supplied,2025-06-30
EMN,2025-11-03,time-not-supplied,2025-09-30
EMN,2026-01-29,time-not-supplied,2025-12-31
EMN,2026-04-22,after-market-close,2026-03-31
EMR,2023-02-08,time-not-supplied,2022-12-31
EMR,2023-05-03,time-not-supplied,2023-03-31
EMR,2023-08-02,time-not-supplied,2023-06-30
EMR,2023-11-07,time-not-supplied,2023-09-30
EMR,2024-02-07,time-not-supplied,2023-12-31
EMR,2024-05-08,time-not-supplied,2024-03-31
EMR,2024-08-07,time-not-supplied,2024-06-30
EMR,2024-11-05,time-not-supplied,2024-09-30
EMR,2025-02-05,time-not-supplied,2024-12-31
EMR,2025-05-07,time-not-supplied,2025-03-31
EMR,2025-08-06,time-not-supplied,2025-06-30
EMR,2025-11-05,time-not-supplied,2025-09-30
EMR,2026-02-03,time-not-supplied,2025-12-31
EMR,2026-05-05,before-market-open,2026-06-30
ENPH,2023-02-07,time-not-supplied,2022-12-31
ENPH,2023-04-25,time-not-supplied,2023-03-31
ENPH,2023-07-27,time-not-supplied,2023-06-30
ENPH,2023-10-26,time-not-supplied,2023-09-30
ENPH,2024-02-06,time-not-supplied,2023-12-31
ENPH,2024-04-23,time-not-supplied,2024-03-31
ENPH,2024-07-23,time-not-supplied,2024-06-30
ENPH,2024-10-22,time-not-supplied,2024-09-30
ENPH,2025-02-04,time-not-supplied,2024-12-31
ENPH,2025-04-22,time-not-supplied,2025-03-31
ENPH,2025-07-22,time-not-supplied,2025-06-30
ENPH,2025-10-28,time-not-supplied,2025-09-30
ENPH,2026-02-03,time-not-supplied,2025-12-31
ENPH,2026-04-20,after-market-close,2026-03-31
EOG,2023-02-23,time-not-supplied,2022-12-31
EOG,2023-05-04,time-not-supplied,2023-03-31
EOG,2023-08-03,time-not-supplied,2023-06-30
EOG,2023-11-02,time-not-supplied,2023-09-30
EOG,2024-02-22,time-not-supplied,2023-12-31
EOG,2024-05-02,time-not-supplied,2024-03-31
EOG,2024-08-01,time-not-supplied,2024-06-30
EOG,2024-11-07,time-not-supplied,2024-09-30
EOG,2025-02-27,time-not-supplied,2024-12-31
EOG,2025-05-01,time-not-supplied,2025-03-31
EOG,2025-08-07,time-not-supplied,2025-06-30
EOG,2025-11-06,time-not-supplied,2025-09-30
EOG,2026-02-24,time-not-supplied,2025-12-31
EOG,2026-04-29,after-market-close,2026-03-31
EPAM,2023-02-16,time-not-supplied,2022-12-31
EPAM,2023-05-05,time-not-supplied,2023-03-31
EPAM,2023-08-03,time-not-supplied,2023-06-30
EPAM,2023-11-02,time-not-supplied,2023-09-30
EPAM,2024-02-15,time-not-supplied,2023-12-31
EPAM,2024-05-09,time-not-supplied,2024-03-31
EPAM,2024-08-08,time-not-supplied,2024-06-30
EPAM,2024-11-07,time-not-supplied,2024-09-30
EPAM,2025-02-20,time-not-supplied,2024-12-31
EPAM,2025-05-08,time-not-supplied,2025-03-31
EPAM,2025-08-07,time-not-supplied,2025-06-30
EPAM,2025-11-06,time-not-supplied,2025-09-30
EPAM,2026-02-19,time-pre-market,2025-12-31
EPAM,2026-05-06,before-market-open,2026-03-31
EQIX,2023-02-15,time-not-supplied,2022-12-31
EQIX,2023-05-03,time-not-supplied,2023-03-31
EQIX,2023-08-02,time-not-supplied,2023-06-30
EQIX,2023-10-25,time-not-supplied,2023-09-30
EQIX,2024-02-14,time-not-supplied,2023-12-31
EQIX,2024-05-08,time-not-supplied,2024-03-31
EQIX,2024-08-07,time-not-supplied,2024-06-30
EQIX,2024-10-30,time-not-supplied,2024-09-30
EQIX,2025-02-12,time-not-supplied,2024-12-31
EQIX,2025-04-30,time-not-supplied,2025-03-31
EQIX,2025-07-30,time-not-supplied,2025-06-30
EQIX,2025-10-29,time-not-supplied,2025-09-30
EQIX,2026-02-11,time-after-hours,2025-12-31
EQIX,2026-04-28,time-not-supplied,2026-03-31
EQR,2023-02-09,time-not-supplied,2022-12-31
EQR,2023-04-25,time-not-supplied,2023-03-31
EQR,2023-07-27,time-not-supplied,2023-06-30
EQR,2023-10-31,time-not-supplied,2023-09-30
EQR,2024-01-30,time-not-supplied,2023-12-31
EQR,2024-04-23,time-not-supplied,2024-03-31
EQR,2024-07-29,time-not-supplied,2024-06-30
EQR,2024-10-30,time-not-supplied,2024-09-30
EQR,2025-02-03,time-not-supplied,2024-12-31
EQR,2025-04-29,time-not-supplied,2025-03-31
EQR,2025-08-04,time-not-supplied,2025-06-30
EQR,2025-10-28,time-not-supplied,2025-09-30
EQR,2026-04-27,after-market-close,2026-03-31
EQT,2023-02-15,time-not-supplied,2022-12-31
EQT,2023-04-26,time-not-supplied,2023-03-31
EQT,2023-07-25,time-not-supplied,2023-06-30
EQT,2023-10-25,time-not-supplied,2023-09-30
EQT,2024-02-13,time-not-supplied,2023-12-31
EQT,2024-04-23,time-not-supplied,2024-03-31
EQT,2024-07-23,time-not-supplied,2024-06-30
EQT,2024-10-29,time-not-supplied,2024-09-30
EQT,2025-02-18,time-not-supplied,2024-12-31
EQT,2025-04-22,time-not-supplied,2025-03-31
EQT,2025-07-22,time-not-supplied,2025-06-30
EQT,2025-10-21,time-not-supplied,2025-09-30
EQT,2026-02-17,time-after-hours,2025-12-31
EQT,2026-04-20,after-market-close,2026-03-31
ERIE,2023-03-01,time-not-supplied,2022-12-31
ERIE,2023-04-27,time-not-supplied,2023-03-31
ERIE,2023-07-27,time-not-supplied,2023-06-30
ERIE,2023-10-26,time-not-supplied,2023-09-30
ERIE,2024-02-26,time-not-supplied,2023-12-31
ERIE,2024-04-25,time-not-supplied,2024-03-31
ERIE,2024-07-25,time-not-supplied,2024-06-30
ERIE,2024-10-31,time-not-supplied,2024-09-30
ERIE,2025-02-27,time-not-supplied,2024-12-31
ERIE,2025-04-24,time-not-supplied,2025-03-31
ERIE,2025-08-07,time-not-supplied,2025-06-30
ERIE,2025-10-30,time-not-supplied,2025-09-30
ERIE,2026-02-23,time-not-supplied,2025-12-31
ERIE,2026-04-22,time-not-supplied,2026-03-31
ES,2023-02-13,time-not-supplied,2022-12-31
ES,2023-05-03,time-not-supplied,2023-03-31
ES,2023-07-31,time-not-supplied,2023-06-30
ES,2023-11-06,time-not-supplied,2023-09-30
ES,2024-02-13,time-not-supplied,2023-12-31
ES,2024-05-01,time-not-supplied,2024-03-31
ES,2024-07-31,time-not-supplied,2024-06-30
ES,2024-11-04,time-not-supplied,2024-09-30
ES,2025-02-11,time-not-supplied,2024-12-31
ES,2025-05-01,time-not-supplied,2025-03-31
ES,2025-07-31,time-not-supplied,2025-06-30
ES,2025-11-04,time-not-supplied,2025-09-30
ES,2026-02-12,time-after-hours,2025-12-31
ES,2026-04-29,after-market-close,2026-03-31
ESS,2023-02-07,time-not-supplied,2022-12-31
ESS,2023-04-27,time-not-supplied,2023-03-31
ESS,2023-07-27,time-not-supplied,2023-06-30
ESS,2023-10-26,time-not-supplied,2023-09-30
ESS,2024-02-06,time-not-supplied,2023-12-31
ESS,2024-04-30,time-not-supplied,2024-03-31
ESS,2024-07-30,time-not-supplied,2024-06-30
ESS,2024-10-29,time-not-supplied,2024-09-30
ESS,2025-02-04,time-not-supplied,2024-12-31
ESS,2025-04-29,time-not-supplied,2025-03-31
ESS,2025-07-29,time-not-supplied,2025-06-30
ESS,2025-10-29,time-not-supplied,2025-09-30
ESS,2026-02-04,time-after-hours,2025-12-31
ESS,2026-04-27,after-market-close,2026-03-31
ETN,2023-02-08,time-not-supplied,2022-12-31
ETN,2023-05-02,time-not-supplied,2023-03-31
ETN,2023-08-01,time-not-supplied,2023-06-30
ETN,2023-10-31,time-not-supplied,2023-09-30
ETN,2024-02-01,time-not-supplied,2023-12-31
ETN,2024-04-30,time-not-supplied,2024-03-31
ETN,2024-08-01,time-not-supplied,2024-06-30
ETN,2024-10-31,time-not-supplied,2024-09-30
ETN,2025-01-31,time-not-supplied,2024-12-31
ETN,2025-05-02,time-not-supplied,2025-03-31
ETN,2025-08-05,time-not-supplied,2025-06-30
ETN,2025-11-04,time-not-supplied,2025-09-30
ETN,2026-02-03,time-not-supplied,2025-12-31
ETN,2026-04-30,before-market-open,2026-03-31
ETR,2023-02-16,time-not-supplied,2022-12-31
ETR,2023-04-26,time-not-supplied,2023-03-31
ETR,2023-08-02,time-not-supplied,2023-06-30
ETR,2023-11-01,time-not-supplied,2023-09-30
ETR,2024-02-22,time-not-supplied,2023-12-31
ETR,2024-04-24,time-not-supplied,2024-03-31
ETR,2024-08-01,time-not-supplied,2024-06-30
ETR,2024-10-31,time-not-supplied,2024-09-30
ETR,2025-02-18,time-not-supplied,2024-12-31
ETR,2025-04-29,time-not-supplied,2025-03-31
ETR,2025-07-30,time-not-supplied,2025-06-30
ETR,2025-10-29,time-not-supplied,2025-09-30
ETR,2026-02-12,time-pre-market,2025-12-31
ETR,2026-04-27,before-market-open,2026-03-31
EVRG,2023-02-24,time-not-supplied,2022-12-31
EVRG,2023-05-05,time-not-supplied,2023-03-31
EVRG,2023-08-04,time-not-supplied,2023-06-30
EVRG,2023-11-07,time-not-supplied,2023-09-30
EVRG,2024-02-29,time-not-supplied,2023-12-31
EVRG,2024-05-09,time-not-supplied,2024-03-31
EVRG,2024-08-09,time-not-supplied,2024-06-30
EVRG,2024-11-07,time-not-supplied,2024-09-30
EVRG,2025-02-27,time-not-supplied,2024-12-31
EVRG,2025-05-08,time-not-supplied,2025-03-31
EVRG,2025-08-07,time-not-supplied,2025-06-30
EVRG,2025-11-06,time-not-supplied,2025-09-30
EVRG,2026-02-19,time-pre-market,2025-12-31
EVRG,2026-05-06,time-not-supplied,2026-03-31
EW,2023-01-31,time-not-supplied,2022-12-31
EW,2023-04-26,time-not-supplied,2023-03-31
EW,2023-07-26,time-not-supplied,2023-06-30
EW,2023-10-25,time-not-supplied,2023-09-30
EW,2024-02-06,time-not-supplied,2023-12-31
EW,2024-04-25,time-not-supplied,2024-03-31
EW,2024-07-24,time-not-supplied,2024-06-30
EW,2024-10-24,time-not-supplied,2024-09-30
EW,2025-02-11,time-not-supplied,2024-12-31
EW,2025-04-23,time-not-supplied,2025-03-31
EW,2025-07-24,time-not-supplied,2025-06-30
EW,2025-10-30,time-not-supplied,2025-09-30
EW,2026-02-10,time-after-hours,2025-12-31
EW,2026-04-21,after-market-close,2026-03-31
EXC,2023-02-14,time-not-supplied,2022-12-31
EXC,2023-05-03,time-not-supplied,2023-03-31
EXC,2023-08-02,time-not-supplied,2023-06-30
EXC,2023-11-02,time-not-supplied,2023-09-30
EXC,2024-02-21,time-not-supplied,2023-12-31
EXC,2024-05-02,time-not-supplied,2024-03-31
EXC,2024-08-01,time-not-supplied,2024-06-30
EXC,2024-10-30,time-not-supplied,2024-09-30
EXC,2025-02-12,time-not-supplied,2024-12-31
EXC,2025-05-01,time-not-supplied,2025-03-31
EXC,2025-07-31,time-not-supplied,2025-06-30
EXC,2025-11-04,time-not-supplied,2025-09-30
EXC,2026-02-12,time-pre-market,2025-12-31
EXC,2026-04-29,before-market-open,2026-03-31
EXE,2024-10-29,time-not-supplied,2024-09-30
EXE,2025-02-26,time-not-supplied,2024-12-31
EXE,2025-04-29,time-not-supplied,2025-03-31
EXE,2025-07-29,time-not-supplied,2025-06-30
EXE,2025-10-28,time-not-supplied,2025-09-30
EXE,2026-02-17,time-after-hours,2025-12-31
EXE,2026-04-27,after-market-close,2026-03-31
EXPD,2023-02-21,time-not-supplied,2022-12-31
EXPD,2023-05-02,time-not-supplied,2023-03-31
EXPD,2023-08-08,time-not-supplied,2023-06-30
EXPD,2023-11-07,time-not-supplied,2023-09-30
EXPD,2024-02-20,time-not-supplied,2023-12-31
EXPD,2024-05-07,time-not-supplied,2024-03-31
EXPD,2024-08-06,time-not-supplied,2024-06-30
EXPD,2024-11-05,time-not-supplied,2024-09-30
EXPD,2025-02-18,time-not-supplied,2024-12-31
EXPD,2025-05-06,time-not-supplied,2025-03-31
EXPD,2025-08-05,time-not-supplied,2025-06-30
EXPD,2025-11-04,time-not-supplied,2025-09-30
EXPD,2026-02-24,time-not-supplied,2025-12-31
EXPD,2026-05-05,time-not-supplied,2026-03-31
EXPE,2023-02-09,time-not-supplied,2022-12-31
EXPE,2023-05-04,time-not-supplied,2023-03-31
EXPE,2023-08-03,time-not-supplied,2023-06-30
EXPE,2023-11-02,time-not-supplied,2023-09-30
EXPE,2024-02-08,time-not-supplied,2023-12-31
EXPE,2024-05-02,time-not-supplied,2024-03-31
EXPE,2024-08-08,time-not-supplied,2024-06-30
EXPE,2024-11-07,time-not-supplied,2024-09-30
EXPE,2025-02-06,time-not-supplied,2024-12-31
EXPE,2025-05-08,time-not-supplied,2025-03-31
EXPE,2025-08-07,time-not-supplied,2025-06-30
EXPE,2025-11-06,time-not-supplied,2025-09-30
EXPE,2026-02-05,time-not-supplied,2025-12-31
EXPE,2026-02-12,time-after-hours,2025-12-31
EXPE,2026-05-06,time-not-supplied,2026-03-31
EXR,2023-02-22,time-not-supplied,2022-12-31
EXR,2023-05-02,time-not-supplied,2023-03-31
EXR,2023-08-03,time-not-supplied,2023-06-30
EXR,2023-11-07,time-not-supplied,2023-09-30
EXR,2024-02-27,time-not-supplied,2023-12-31
EXR,2024-04-30,time-not-supplied,2024-03-31
EXR,2024-07-30,time-not-supplied,2024-06-30
EXR,2024-10-29,time-not-supplied,2024-09-30
EXR,2025-02-25,time-not-supplied,2024-12-31
EXR,2025-04-29,time-not-supplied,2025-03-31
EXR,2025-07-30,time-not-supplied,2025-06-30
EXR,2025-10-29,time-not-supplied,2025-09-30
EXR,2026-02-19,time-after-hours,2025-12-31
EXR,2026-04-27,after-market-close,2026-03-31
F,2023-02-02,time-not-supplied,2022-12-31
F,2023-05-02,time-not-supplied,2023-03-31
F,2023-07-27,time-not-supplied,2023-06-30
F,2023-10-26,time-not-supplied,2023-09-30
F,2024-02-06,time-not-supplied,2023-12-31
F,2024-04-24,time-not-supplied,2024-03-31
F,2024-07-24,time-not-supplied,2024-06-30
F,2024-10-28,time-not-supplied,2024-09-30
F,2025-02-05,time-not-supplied,2024-12-31
F,2025-05-05,time-not-supplied,2025-03-31
F,2025-07-30,time-not-supplied,2025-06-30
F,2025-10-23,time-after-hours,2025-09-30
F,2026-02-10,time-after-hours,2025-12-31
F,2026-05-04,after-market-close,2026-03-31
FANG,2023-02-21,time-not-supplied,2022-12-31
FANG,2023-05-01,time-not-supplied,2023-03-31
FANG,2023-07-31,time-not-supplied,2023-06-30
FANG,2023-11-06,time-not-supplied,2023-09-30
FANG,2024-02-20,time-not-supplied,2023-12-31
FANG,2024-04-30,time-not-supplied,2024-03-31
FANG,2024-08-05,time-not-supplied,2024-06-30
FANG,2024-11-04,time-not-supplied,2024-09-30
FANG,2025-02-24,time-not-supplied,2024-12-31
FANG,2025-05-05,time-not-supplied,2025-03-31
FANG,2025-08-04,time-not-supplied,2025-06-30
FANG,2025-11-03,time-not-supplied,2025-09-30
FANG,2026-02-23,time-not-supplied,2025-12-31
FANG,2026-05-04,after-market-close,2026-03-31
FAST,2023-01-19,time-not-supplied,2022-12-31
FAST,2023-04-13,time-not-supplied,2023-03-31
FAST,2023-07-13,time-not-supplied,2023-06-30
FAST,2023-10-12,time-not-supplied,2023-09-30
FAST,2024-01-18,time-not-supplied,2023-12-31
FAST,2024-04-11,time-not-supplied,2024-03-31
FAST,2024-07-12,time-not-supplied,2024-06-30
FAST,2024-10-11,time-not-supplied,2024-09-30
FAST,2025-01-17,time-not-supplied,2024-12-31
FAST,2025-04-11,time-not-supplied,2025-03-31
FAST,2025-07-14,time-not-supplied,2025-06-30
FAST,2025-10-13,time-not-supplied,2025-09-30
FAST,2026-01-20,time-pre-market,2025-12-31
FAST,2026-04-13,time-not-supplied,2026-03-31
FCX,2023-01-25,time-not-supplied,2022-12-31
FCX,2023-04-21,time-not-supplied,2023-03-31
FCX,2023-07-20,time-not-supplied,2023-06-30
FCX,2023-10-19,time-not-supplied,2023-09-30
FCX,2024-01-24,time-not-supplied,2023-12-31
FCX,2024-04-23,time-not-supplied,2024-03-31
FCX,2024-07-23,time-not-supplied,2024-06-30
FCX,2024-10-22,time-not-supplied,2024-09-30
FCX,2025-01-23,time-not-supplied,2024-12-31
FCX,2025-04-24,time-not-supplied,2025-03-31
FCX,2025-07-23,time-not-supplied,2025-06-30
FCX,2025-10-23,time-pre-market,2025-09-30
FCX,2026-01-22,time-not-supplied,2025-12-31
FCX,2026-04-22,time-not-supplied,2026-03-31
FDS,2023-03-23,time-not-supplied,2023-02-28
FDS,2023-06-22,time-not-supplied,2023-05-31
FDS,2023-09-21,time-not-supplied,2023-08-31
FDS,2023-12-19,time-not-supplied,2023-11-30
FDS,2024-03-21,time-not-supplied,2024-02-29
FDS,2024-06-21,time-not-supplied,2024-05-31
FDS,2024-09-19,time-not-supplied,2024-08-31
FDS,2024-12-19,time-not-supplied,2024-11-30
FDS,2025-03-20,time-not-supplied,2025-02-28
FDS,2025-06-23,time-not-supplied,2025-05-31
FDS,2025-09-18,time-not-supplied,2025-08-31
FDS,2025-12-18,time-not-supplied,2025-11-30
FDS,2026-03-19,before-market-open,2026-06-30
FDX,2023-03-16,time-not-supplied,2023-02-28
FDX,2023-06-20,time-not-supplied,2023-05-31
FDX,2023-09-20,time-not-supplied,2023-08-31
FDX,2023-12-19,time-not-supplied,2023-11-30
FDX,2024-03-21,time-not-supplied,2024-02-29
FDX,2024-06-25,time-not-supplied,2024-05-31
FDX,2024-09-19,time-not-supplied,2024-08-31
FDX,2024-12-19,time-not-supplied,2024-11-30
FDX,2025-03-20,time-not-supplied,2025-02-28
FDX,2025-06-24,time-not-supplied,2025-05-31
FDX,2025-09-18,time-not-supplied,2025-08-31
FDX,2025-12-18,time-not-supplied,2025-11-30
FDX,2026-03-19,after-market-close,2026-09-30
FE,2023-02-13,time-not-supplied,2022-12-31
FE,2023-04-27,time-not-supplied,2023-03-31
FE,2023-08-01,time-not-supplied,2023-06-30
FE,2023-10-26,time-not-supplied,2023-09-30
FE,2024-02-08,time-not-supplied,2023-12-31
FE,2024-04-25,time-not-supplied,2024-03-31
FE,2024-07-30,time-not-supplied,2024-06-30
FE,2024-10-29,time-not-supplied,2024-09-30
FE,2025-02-26,time-not-supplied,2024-12-31
FE,2025-04-23,time-not-supplied,2025-03-31
FE,2025-07-30,time-not-supplied,2025-06-30
FE,2025-10-22,time-not-supplied,2025-09-30
FE,2026-02-17,time-after-hours,2025-12-31
FE,2026-04-21,after-market-close,2026-03-31
FFIV,2023-01-24,time-not-supplied,2022-12-31
FFIV,2023-04-19,time-not-supplied,2023-03-31
FFIV,2023-07-24,time-not-supplied,2023-06-30
FFIV,2023-10-24,time-not-supplied,2023-09-30
FFIV,2024-01-29,time-not-supplied,2023-12-31
FFIV,2024-04-29,time-not-supplied,2024-03-31
FFIV,2024-07-29,time-not-supplied,2024-06-30
FFIV,2024-10-28,time-not-supplied,2024-09-30
FFIV,2025-01-28,time-not-supplied,2024-12-31
FFIV,2025-04-28,time-not-supplied,2025-03-31
FFIV,2025-07-30,time-not-supplied,2025-06-30
FFIV,2025-10-27,time-not-supplied,2025-09-30
FFIV,2026-01-27,time-not-supplied,2025-12-31
FFIV,2026-04-27,after-market-close,2026-06-30
FI,2023-02-07,time-not-supplied,2022-12-31
FI,2023-04-25,time-not-supplied,2023-03-31
FI,2023-07-26,time-not-supplied,2023-06-30
FI,2023-10-24,time-not-supplied,2023-09-30
FI,2024-02-06,time-not-supplied,2023-12-31
FI,2024-04-23,time-not-supplied,2024-03-31
FI,2024-07-24,time-not-supplied,2024-06-30
FI,2024-10-22,time-not-supplied,2024-09-30
FI,2025-02-05,time-not-supplied,2024-12-31
FI,2025-04-24,time-not-supplied,2025-03-31
FI,2025-07-23,time-not-supplied,2025-06-30
FI,2025-10-29,time-not-supplied,2025-09-30
FICO,2023-01-26,time-not-supplied,2022-12-31
FICO,2023-04-27,time-not-supplied,2023-03-31
FICO,2023-08-02,time-not-supplied,2023-06-30
FICO,2023-11-08,time-not-supplied,2023-09-30
FICO,2024-01-25,time-not-supplied,2023-12-31
FICO,2024-04-25,time-not-supplied,2024-03-31
FICO,2024-07-31,time-not-supplied,2024-06-30
FICO,2024-11-06,time-not-supplied,2024-09-30
FICO,2025-02-04,time-not-supplied,2024-12-31
FICO,2025-04-29,time-not-supplied,2025-03-31
FICO,2025-07-30,time-not-supplied,2025-06-30
FICO,2025-11-05,time-not-supplied,2025-09-30
FICO,2026-04-27,after-market-close,2026-06-30
FIS,2023-02-13,time-not-supplied,2022-12-31
FIS,2023-04-27,time-not-supplied,2023-03-31
FIS,2023-08-02,time-not-supplied,2023-06-30
FIS,2023-11-07,time-not-supplied,2023-09-30
FIS,2024-02-26,time-not-supplied,2023-12-31
FIS,2024-05-06,time-not-supplied,2024-03-31
FIS,2024-08-06,time-not-supplied,2024-06-30
FIS,2024-11-04,time-not-supplied,2024-09-30
FIS,2025-02-11,time-not-supplied,2024-12-31
FIS,2025-05-06,time-not-supplied,2025-03-31
FIS,2025-08-05,time-not-supplied,2025-06-30
FIS,2025-11-05,time-not-supplied,2025-09-30
FIS,2026-02-10,time-not-supplied,2025-12-31
FIS,2026-02-24,time-not-supplied,2025-12-31
FIS,2026-05-04,before-market-open,2026-03-31
FITB,2023-01-19,time-not-supplied,2022-12-31
FITB,2023-04-20,time-not-supplied,2023-03-31
FITB,2023-07-20,time-not-supplied,2023-06-30
FITB,2023-10-19,time-not-supplied,2023-09-30
FITB,2024-01-19,time-not-supplied,2023-12-31
FITB,2024-04-19,time-not-supplied,2024-03-31
FITB,2024-07-19,time-not-supplied,2024-06-30
FITB,2024-10-18,time-not-supplied,2024-09-30
FITB,2025-01-21,time-not-supplied,2024-12-31
FITB,2025-04-17,time-not-supplied,2025-03-31
FITB,2025-07-17,time-not-supplied,2025-06-30
FITB,2025-10-17,time-not-supplied,2025-09-30
FITB,2026-01-20,time-pre-market,2025-12-31
FITB,2026-04-17,time-not-supplied,2026-03-31
FIX,2023-02-22,time-not-supplied,2022-12-31
FIX,2023-04-26,time-not-supplied,2023-03-31
FIX,2023-07-26,time-not-supplied,2023-06-30
FIX,2023-10-26,time-not-supplied,2023-09-30
FIX,2024-02-22,time-not-supplied,2023-12-31
FIX,2024-04-25,time-not-supplied,2024-03-31
FIX,2024-07-25,time-not-supplied,2024-06-30
FIX,2024-10-24,time-not-supplied,2024-09-30
FIX,2025-02-20,time-not-supplied,2024-12-31
FIX,2025-04-24,time-not-supplied,2025-03-31
FIX,2025-07-24,time-not-supplied,2025-06-30
FIX,2025-10-23,time-after-hours,2025-09-30
FIX,2026-02-19,time-after-hours,2025-12-31
FIX,2026-04-22,time-not-supplied,2026-03-31
FOX,2023-02-08,time-not-supplied,2022-12-31
FOX,2023-05-09,time-not-supplied,2023-03-31
FOX,2023-08-08,time-not-supplied,2023-06-30
FOX,2023-11-02,time-not-supplied,2023-09-30
FOX,2024-02-07,time-not-supplied,2023-12-31
FOX,2024-05-08,time-not-supplied,2024-03-31
FOX,2024-08-06,time-not-supplied,2024-06-30
FOX,2024-11-04,time-not-supplied,2024-09-30
FOX,2025-02-04,time-not-supplied,2024-12-31
FOX,2025-05-12,time-not-supplied,2025-03-31
FOX,2025-08-05,time-not-supplied,2025-06-30
FOX,2025-10-30,time-not-supplied,2025-09-30
FOX,2026-02-04,time-pre-market,2025-12-31
FOXA,2023-02-08,time-not-supplied,2022-12-31
FOXA,2023-05-09,time-not-supplied,2023-03-31
FOXA,2023-08-08,time-not-supplied,2023-06-30
FOXA,2023-11-02,time-not-supplied,2023-09-30
FOXA,2024-02-07,time-not-supplied,2023-12-31
FOXA,2024-05-08,time-not-supplied,2024-03-31
FOXA,2024-08-06,time-not-supplied,2024-06-30
FOXA,2024-11-04,time-not-supplied,2024-09-30
FOXA,2025-02-04,time-not-supplied,2024-12-31
FOXA,2025-05-12,time-not-supplied,2025-03-31
FOXA,2025-08-05,time-not-supplied,2025-06-30
FOXA,2025-10-30,time-not-supplied,2025-09-30
FOXA,2026-02-04,time-pre-market,2025-12-31
FOXA,2026-05-11,before-market-open,2026-09-30
FRT,2023-02-08,time-not-supplied,2022-12-31
FRT,2023-05-04,time-not-supplied,2023-03-31
FRT,2023-08-02,time-not-supplied,2023-06-30
FRT,2023-11-02,time-not-supplied,2023-09-30
FRT,2024-02-12,time-not-supplied,2023-12-31
FRT,2024-05-02,time-not-supplied,2024-03-31
FRT,2024-08-01,time-not-supplied,2024-06-30
FRT,2024-10-30,time-not-supplied,2024-09-30
FRT,2025-02-13,time-not-supplied,2024-12-31
FRT,2025-05-08,time-not-supplied,2025-03-31
FRT,2025-08-06,time-not-supplied,2025-06-30
FRT,2025-10-31,time-not-supplied,2025-09-30
FRT,2026-02-12,time-after-hours,2025-12-31
FRT,2026-05-08,after-market-close,2026-03-31
FSLR,2023-02-28,time-not-supplied,2022-12-31
FSLR,2023-04-27,time-not-supplied,2023-03-31
FSLR,2023-07-27,time-not-supplied,2023-06-30
FSLR,2023-10-31,time-not-supplied,2023-09-30
FSLR,2024-02-27,time-not-supplied,2023-12-31
FSLR,2024-05-01,time-not-supplied,2024-03-31
FSLR,2024-07-30,time-not-supplied,2024-06-30
FSLR,2024-10-29,time-not-supplied,2024-09-30
FSLR,2025-02-25,time-not-supplied,2024-12-31
FSLR,2025-04-29,time-not-supplied,2025-03-31
FSLR,2025-07-31,time-not-supplied,2025-06-30
FSLR,2025-10-30,time-not-supplied,2025-09-30
FSLR,2026-02-24,time-not-supplied,2025-12-31
FSLR,2026-04-27,after-market-close,2026-03-31
FTNT,2023-02-07,time-not-supplied,2022-12-31
FTNT,2023-05-04,time-not-supplied,2023-03-31
FTNT,2023-08-03,time-not-supplied,2023-06-30
FTNT,2023-11-02,time-not-supplied,2023-09-30
FTNT,2024-02-06,time-not-supplied,2023-12-31
FTNT,2024-05-02,time-not-supplied,2024-03-31
FTNT,2024-08-06,time-not-supplied,2024-06-30
FTNT,2024-11-07,time-not-supplied,2024-09-30
FTNT,2025-02-06,time-not-supplied,2024-12-31
FTNT,2025-05-07,time-not-supplied,2025-03-31
FTNT,2025-08-06,time-not-supplied,2025-06-30
FTNT,2025-11-05,time-not-supplied,2025-09-30
FTNT,2026-02-05,time-after-hours,2025-12-31
FTNT,2026-05-05,after-market-close,2026-03-31
FTV,2023-02-01,time-not-supplied,2022-12-31
FTV,2023-04-26,time-not-supplied,2023-03-31
FTV,2023-07-26,time-not-supplied,2023-06-30
FTV,2023-10-25,time-not-supplied,2023-09-30
FTV,2024-01-31,time-not-supplied,2023-12-31
FTV,2024-04-24,time-not-supplied,2024-03-31
FTV,2024-07-24,time-not-supplied,2024-06-30
FTV,2024-10-30,time-not-supplied,2024-09-30
FTV,2025-02-07,time-not-supplied,2024-12-31
FTV,2025-05-01,time-not-supplied,2025-03-31
FTV,2025-07-30,time-not-supplied,2025-06-30
FTV,2025-10-29,time-not-supplied,2025-09-30
FTV,2026-02-04,time-pre-market,2025-12-31
FTV,2026-04-29,time-not-supplied,2026-03-31
GD,2023-01-25,time-not-supplied,2022-12-31
GD,2023-04-26,time-not-supplied,2023-03-31
GD,2023-07-26,time-not-supplied,2023-06-30
GD,2023-10-25,time-not-supplied,2023-09-30
GD,2024-01-24,time-not-supplied,2023-12-31
GD,2024-04-24,time-not-supplied,2024-03-31
GD,2024-07-24,time-not-supplied,2024-06-30
GD,2024-10-23,time-not-supplied,2024-09-30
GD,2025-01-29,time-not-supplied,2024-12-31
GD,2025-04-23,time-not-supplied,2025-03-31
GD,2025-07-23,time-not-supplied,2025-06-30
GD,2025-10-24,time-pre-market,2025-09-30
GD,2026-04-21,before-market-open,2026-03-31
GDDY,2023-02-14,time-not-supplied,2022-12-31
GDDY,2023-05-04,time-not-supplied,2023-03-31
GDDY,2023-08-03,time-not-supplied,2023-06-30
GDDY,2023-11-02,time-not-supplied,2023-09-30
GDDY,2024-02-13,time-not-supplied,2023-12-31
GDDY,2024-05-02,time-not-supplied,2024-03-31
GDDY,2024-08-01,time-not-supplied,2024-06-30
GDDY,2024-10-30,time-not-supplied,2024-09-30
GDDY,2025-02-13,time-not-supplied,2024-12-31
GDDY,2025-05-01,time-not-supplied,2025-03-31
GDDY,2025-08-07,time-not-supplied,2025-06-30
GDDY,2025-10-30,time-not-supplied,2025-09-30
GDDY,2026-02-24,time-not-supplied,2025-12-31
GDDY,2026-04-29,after-market-close,2026-03-31
GE,2023-01-24,time-not-supplied,2022-12-31
GE,2023-04-25,time-not-supplied,2023-03-31
GE,2023-07-25,time-not-supplied,2023-06-30
GE,2023-10-24,time-not-supplied,2023-09-30
GE,2024-01-23,time-not-supplied,2023-12-31
GE,2024-04-23,time-not-supplied,2024-03-31
GE,2024-07-23,time-not-supplied,2024-06-30
GE,2024-10-22,time-not-supplied,2024-09-30
GE,2025-01-23,time-not-supplied,2024-12-31
GE,2025-04-22,time-not-supplied,2025-03-31
GE,2025-07-17,time-not-supplied,2025-06-30
GE,2025-10-21,time-not-supplied,2025-09-30
GE,2026-01-22,time-not-supplied,2025-12-31
GE,2026-04-20,before-market-open,2026-03-31
GEHC,2023-01-30,time-not-supplied,2022-12-31
GEHC,2023-04-25,time-not-supplied,2023-03-31
GEHC,2023-07-25,time-not-supplied,2023-06-30
GEHC,2023-10-31,time-not-supplied,2023-09-30
GEHC,2024-02-06,time-not-supplied,2023-12-31
GEHC,2024-04-30,time-not-supplied,2024-03-31
GEHC,2024-07-31,time-not-supplied,2024-06-30
GEHC,2024-10-30,time-not-supplied,2024-09-30
GEHC,2025-02-13,time-not-supplied,2024-12-31
GEHC,2025-04-30,time-not-supplied,2025-03-31
GEHC,2025-07-30,time-not-supplied,2025-06-30
GEHC,2025-10-29,time-not-supplied,2025-09-30
GEHC,2026-02-04,time-pre-market,2025-12-31
GEHC,2026-04-27,time-not-supplied,2026-03-31
GEN,2023-02-02,time-not-supplied,2022-12-31
GEN,2023-05-11,time-not-supplied,2023-03-31
GEN,2023-08-03,time-not-supplied,2023-06-30
GEN,2023-11-07,time-not-supplied,2023-09-30
GEN,2024-02-01,time-not-supplied,2023-12-31
GEN,2024-05-09,time-not-supplied,2024-03-31
GEN,2024-08-01,time-not-supplied,2024-06-30
GEN,2024-10-30,time-not-supplied,2024-09-30
GEN,2025-01-30,time-not-supplied,2024-12-31
GEN,2025-05-06,time-not-supplied,2025-03-31
GEN,2025-08-07,time-not-supplied,2025-06-30
GEN,2025-11-06,time-not-supplied,2025-09-30
GEN,2026-02-05,time-after-hours,2025-12-31
GEN,2026-05-04,after-market-close,2026-12-31
GEV,2024-04-25,time-not-supplied,2024-03-31
GEV,2024-07-24,time-not-supplied,2024-06-30
GEV,2024-10-23,time-not-supplied,2024-09-30
GEV,2025-01-22,time-not-supplied,2024-12-31
GEV,2025-04-23,time-not-supplied,2025-03-31
GEV,2025-07-23,time-not-supplied,2025-06-30
GEV,2025-10-22,time-not-supplied,2025-09-30
GEV,2026-01-28,time-not-supplied,2025-12-31
GEV,2026-04-21,time-not-supplied,2026-03-31
GILD,2023-02-02,time-not-supplied,2022-12-31
GILD,2023-04-27,time-not-supplied,2023-03-31
GILD,2023-08-03,time-not-supplied,2023-06-30
GILD,2023-11-07,time-not-supplied,2023-09-30
GILD,2024-02-06,time-not-supplied,2023-12-31
GILD,2024-04-25,time-not-supplied,2024-03-31
GILD,2024-08-08,time-not-supplied,2024-06-30
GILD,2024-11-06,time-not-supplied,2024-09-30
GILD,2025-02-11,time-not-supplied,2024-12-31
GILD,2025-04-24,time-not-supplied,2025-03-31
GILD,2025-08-07,time-not-supplied,2025-06-30
GILD,2025-10-30,time-not-supplied,2025-09-30
GILD,2026-02-10,time-after-hours,2025-12-31
GILD,2026-04-22,time-not-supplied,2026-03-31
GIS,2023-03-23,time-not-supplied,2023-02-28
GIS,2023-06-28,time-not-supplied,2023-05-31
GIS,2023-09-20,time-not-supplied,2023-08-31
GIS,2023-12-20,time-not-supplied,2023-11-30
GIS,2024-03-20,time-not-supplied,2024-02-29
GIS,2024-06-26,time-not-supplied,2024-05-31
GIS,2024-09-18,time-not-supplied,2024-08-31
GIS,2024-12-18,time-not-supplied,2024-11-30
GIS,2025-03-19,time-not-supplied,2025-02-28
GIS,2025-06-25,time-not-supplied,2025-05-31
GIS,2025-09-17,time-not-supplied,2025-08-31
GIS,2025-12-17,time-not-supplied,2025-11-30
GIS,2026-03-17,before-market-open,2026-09-30
GL,2023-02-01,time-not-supplied,2022-12-31
GL,2023-05-03,time-not-supplied,2023-03-31
GL,2023-07-26,time-not-supplied,2023-06-30
GL,2023-10-25,time-not-supplied,2023-09-30
GL,2024-02-07,time-not-supplied,2023-12-31
GL,2024-04-22,time-not-supplied,2024-03-31
GL,2024-07-24,time-not-supplied,2024-06-30
GL,2024-10-23,time-not-supplied,2024-09-30
GL,2025-02-05,time-not-supplied,2024-12-31
GL,2025-04-30,time-not-supplied,2025-03-31
GL,2025-07-23,time-not-supplied,2025-06-30
GL,2025-10-22,time-not-supplied,2025-09-30
GL,2026-02-04,time-after-hours,2025-12-31
GL,2026-04-28,after-market-close,2026-03-31
GLW,2023-01-31,time-not-supplied,2022-12-31
GLW,2023-04-25,time-not-supplied,2023-03-31
GLW,2023-07-25,time-not-supplied,2023-06-30
GLW,2023-10-24,time-not-supplied,2023-09-30
GLW,2024-01-30,time-not-supplied,2023-12-31
GLW,2024-04-30,time-not-supplied,2024-03-31
GLW,2024-07-30,time-not-supplied,2024-06-30
GLW,2024-10-29,time-not-supplied,2024-09-30
GLW,2025-01-29,time-not-supplied,2024-12-31
GLW,2025-04-29,time-not-supplied,2025-03-31
GLW,2025-07-29,time-not-supplied,2025-06-30
GLW,2025-10-28,time-not-supplied,2025-09-30
GLW,2026-01-28,time-pre-market,2025-12-31
GLW,2026-04-27,before-market-open,2026-03-31
GM,2023-01-31,time-not-supplied,2022-12-31
GM,2023-04-25,time-not-supplied,2023-03-31
GM,2023-07-25,time-not-supplied,2023-06-30
GM,2023-10-24,time-not-supplied,2023-09-30
GM,2024-01-30,time-not-supplied,2023-12-31
GM,2024-04-23,time-not-supplied,2024-03-31
GM,2024-07-23,time-not-supplied,2024-06-30
GM,2024-10-22,time-not-supplied,2024-09-30
GM,2025-01-28,time-not-supplied,2024-12-31
GM,2025-04-29,time-not-supplied,2025-03-31
GM,2025-07-22,time-not-supplied,2025-06-30
GM,2025-10-21,time-not-supplied,2025-09-30
GM,2026-01-27,time-not-supplied,2025-12-31
GM,2026-04-28,before-market-open,2026-03-31
GNRC,2023-02-15,time-not-supplied,2022-12-31
GNRC,2023-05-03,time-not-supplied,2023-03-31
GNRC,2023-08-02,time-not-supplied,2023-06-30
GNRC,2023-11-01,time-not-supplied,2023-09-30
GNRC,2024-02-14,time-not-supplied,2023-12-31
GNRC,2024-05-01,time-not-supplied,2024-03-31
GNRC,2024-07-31,time-not-supplied,2024-06-30
GNRC,2024-10-31,time-not-supplied,2024-09-30
GNRC,2025-02-12,time-not-supplied,2024-12-31
GNRC,2025-04-30,time-not-supplied,2025-03-31
GNRC,2025-07-30,time-not-supplied,2025-06-30
GNRC,2025-10-29,time-not-supplied,2025-09-30
GNRC,2026-02-11,time-pre-market,2025-12-31
GNRC,2026-04-28,before-market-open,2026-03-31
GOOG,2023-02-02,time-not-supplied,2022-12-31
GOOG,2023-04-25,time-not-supplied,2023-03-31
GOOG,2023-07-25,time-not-supplied,2023-06-30
GOOG,2023-10-24,time-not-supplied,2023-09-30
GOOG,2024-01-30,time-not-supplied,2023-12-31
GOOG,2024-04-25,time-not-supplied,2024-03-31
GOOG,2024-07-23,time-not-supplied,2024-06-30
GOOG,2024-10-29,time-not-supplied,2024-09-30
GOOG,2025-02-04,time-not-supplied,2024-12-31
GOOG,2025-04-24,time-not-supplied,2025-03-31
GOOG,2025-07-23,time-not-supplied,2025-06-30
GOOG,2025-10-29,time-not-supplied,2025-09-30
GOOG,2026-02-04,time-after-hours,2025-12-31
GOOGL,2023-02-02,time-not-supplied,2022-12-31
GOOGL,2023-04-25,time-not-supplied,2023-03-31
GOOGL,2023-07-25,time-not-supplied,2023-06-30
GOOGL,2023-10-24,time-not-supplied,2023-09-30
GOOGL,2024-01-30,time-not-supplied,2023-12-31
GOOGL,2024-04-25,time-not-supplied,2024-03-31
GOOGL,2024-07-23,time-not-supplied,2024-06-30
GOOGL,2024-10-29,time-not-supplied,2024-09-30
GOOGL,2025-02-04,time-not-supplied,2024-12-31
GOOGL,2025-04-24,time-not-supplied,2025-03-31
GOOGL,2025-07-23,time-not-supplied,2025-06-30
GOOGL,2025-10-29,time-not-supplied,2025-09-30
GOOGL,2026-02-04,time-after-hours,2025-12-31
GOOGL,2026-04-22,after-market-close,2026-03-31
GPC,2023-02-23,time-not-supplied,2022-12-31
GPC,2023-04-20,time-not-supplied,2023-03-31
GPC,2023-07-20,time-not-supplied,2023-06-30
GPC,2023-10-19,time-not-supplied,2023-09-30
GPC,2024-02-15,time-not-supplied,2023-12-31
GPC,2024-04-18,time-not-supplied,2024-03-31
GPC,2024-07-23,time-not-supplied,2024-06-30
GPC,2024-10-22,time-not-supplied,2024-09-30
GPC,2025-02-18,time-not-supplied,2024-12-31
GPC,2025-04-22,time-not-supplied,2025-03-31
GPC,2025-07-22,time-not-supplied,2025-06-30
GPC,2025-10-21,time-not-supplied,2025-09-30
GPC,2026-02-17,time-pre-market,2025-12-31
GPC,2026-04-20,time-not-supplied,2026-03-31
GPN,2023-02-10,time-not-supplied,2022-12-31
GPN,2023-05-01,time-not-supplied,2023-03-31
GPN,2023-08-01,time-not-supplied,2023-06-30
GPN,2023-10-31,time-not-supplied,2023-09-30
GPN,2024-02-14,time-not-supplied,2023-12-31
GPN,2024-05-01,time-not-supplied,2024-03-31
GPN,2024-08-07,time-not-supplied,2024-06-30
GPN,2024-10-30,time-not-supplied,2024-09-30
GPN,2025-02-13,time-not-supplied,2024-12-31
GPN,2025-05-06,time-not-supplied,2025-03-31
GPN,2025-08-06,time-not-supplied,2025-06-30
GPN,2025-11-04,time-not-supplied,2025-09-30
GPN,2026-02-18,time-pre-market,2025-12-31
GPN,2026-05-04,before-market-open,2026-03-31
GRMN,2023-02-22,time-not-supplied,2022-12-31
GRMN,2023-05-03,time-not-supplied,2023-03-31
GRMN,2023-08-02,time-not-supplied,2023-06-30
GRMN,2023-11-01,time-not-supplied,2023-09-30
GRMN,2024-02-21,time-not-supplied,2023-12-31
GRMN,2024-05-01,time-not-supplied,2024-03-31
GRMN,2024-07-31,time-not-supplied,2024-06-30
GRMN,2024-10-30,time-not-supplied,2024-09-30
GRMN,2025-02-19,time-not-supplied,2024-12-31
GRMN,2025-04-30,time-not-supplied,2025-03-31
GRMN,2025-07-30,time-not-supplied,2025-06-30
GRMN,2025-10-29,time-not-supplied,2025-09-30
GRMN,2026-02-18,time-pre-market,2025-12-31
GRMN,2026-04-28,time-not-supplied,2026-03-31
GS,2023-01-17,time-not-supplied,2022-12-31
GS,2023-04-18,time-not-supplied,2023-03-31
GS,2023-07-19,time-not-supplied,2023-06-30
GS,2023-10-17,time-not-supplied,2023-09-30
GS,2024-01-16,time-not-supplied,2023-12-31
GS,2024-04-15,time-not-supplied,2024-03-31
GS,2024-07-15,time-not-supplied,2024-06-30
GS,2024-10-15,time-not-supplied,2024-09-30
GS,2025-01-15,time-not-supplied,2024-12-31
GS,2025-04-14,time-not-supplied,2025-03-31
GS,2025-07-16,time-not-supplied,2025-06-30
GS,2025-10-14,time-not-supplied,2025-09-30
GS,2026-01-15,time-not-supplied,2025-12-31
GS,2026-04-13,before-market-open,2026-03-31
GWW,2023-02-02,time-not-supplied,2022-12-31
GWW,2023-04-27,time-not-supplied,2023-03-31
GWW,2023-07-27,time-not-supplied,2023-06-30
GWW,2023-10-26,time-not-supplied,2023-09-30
GWW,2024-02-02,time-not-supplied,2023-12-31
GWW,2024-04-25,time-not-supplied,2024-03-31
GWW,2024-08-01,time-not-supplied,2024-06-30
GWW,2024-10-31,time-not-supplied,2024-09-30
GWW,2025-01-31,time-not-supplied,2024-12-31
GWW,2025-05-01,time-not-supplied,2025-03-31
GWW,2025-08-01,time-not-supplied,2025-06-30
GWW,2025-10-31,time-not-supplied,2025-09-30
GWW,2026-02-03,time-not-supplied,2025-12-31
GWW,2026-05-07,time-not-supplied,2026-03-31
HAL,2023-01-24,time-not-supplied,2022-12-31
HAL,2023-04-25,time-not-supplied,2023-03-31
HAL,2023-07-19,time-not-supplied,2023-06-30
HAL,2023-10-24,time-not-supplied,2023-09-30
HAL,2024-01-23,time-not-supplied,2023-12-31
HAL,2024-04-23,time-not-supplied,2024-03-31
HAL,2024-07-19,time-not-supplied,2024-06-30
HAL,2024-11-07,time-not-supplied,2024-09-30
HAL,2025-01-22,time-not-supplied,2024-12-31
HAL,2025-04-22,time-not-supplied,2025-03-31
HAL,2025-07-22,time-not-supplied,2025-06-30
HAL,2025-10-21,time-not-supplied,2025-09-30
HAL,2026-01-21,time-pre-market,2025-12-31
HAL,2026-04-20,before-market-open,2026-03-31
HAS,2023-02-16,time-not-supplied,2022-12-31
HAS,2023-04-27,time-not-supplied,2023-03-31
HAS,2023-08-03,time-not-supplied,2023-06-30
HAS,2023-10-26,time-not-supplied,2023-09-30
HAS,2024-02-13,time-not-supplied,2023-12-31
HAS,2024-04-24,time-not-supplied,2024-03-31
HAS,2024-07-25,time-not-supplied,2024-06-30
HAS,2024-10-24,time-not-supplied,2024-09-30
HAS,2025-02-20,time-not-supplied,2024-12-31
HAS,2025-04-24,time-not-supplied,2025-03-31
HAS,2025-07-23,time-not-supplied,2025-06-30
HAS,2025-10-23,time-pre-market,2025-09-30
HAS,2026-02-10,time-pre-market,2025-12-31
HAS,2026-04-22,before-market-open,2026-03-31
HBAN,2023-01-20,time-not-supplied,2022-12-31
HBAN,2023-04-20,time-not-supplied,2023-03-31
HBAN,2023-07-21,time-not-supplied,2023-06-30
HBAN,2023-10-20,time-not-supplied,2023-09-30
HBAN,2024-01-19,time-not-supplied,2023-12-31
HBAN,2024-04-19,time-not-supplied,2024-03-31
HBAN,2024-07-19,time-not-supplied,2024-06-30
HBAN,2024-10-17,time-not-supplied,2024-09-30
HBAN,2025-01-17,time-not-supplied,2024-12-31
HBAN,2025-04-17,time-not-supplied,2025-03-31
HBAN,2025-07-18,time-not-supplied,2025-06-30
HBAN,2025-10-17,time-not-supplied,2025-09-30
HBAN,2026-01-22,time-not-supplied,2025-12-31
HBAN,2026-04-23,time-not-supplied,2026-03-31
HCA,2023-01-27,time-not-supplied,2022-12-31
HCA,2023-04-21,time-not-supplied,2023-03-31
HCA,2023-07-27,time-not-supplied,2023-06-30
HCA,2023-10-24,time-not-supplied,2023-09-30
HCA,2024-01-30,time-not-supplied,2023-12-31
HCA,2024-04-26,time-not-supplied,2024-03-31
HCA,2024-07-23,time-not-supplied,2024-06-30
HCA,2024-10-25,time-not-supplied,2024-09-30
HCA,2025-01-24,time-not-supplied,2024-12-31
HCA,2025-04-25,time-not-supplied,2025-03-31
HCA,2025-07-25,time-not-supplied,2025-06-30
HCA,2025-10-24,time-pre-market,2025-09-30
HCA,2026-01-27,time-not-supplied,2025-12-31
HCA,2026-04-23,before-market-open,2026-03-31
HD,2023-02-21,time-not-supplied,2023-01-31
HD,2023-05-16,time-not-supplied,2023-04-30
HD,2023-08-15,time-not-supplied,2023-07-31
HD,2023-11-14,time-not-supplied,2023-10-31
HD,2024-02-20,time-not-supplied,2024-01-31
HD,2024-05-14,time-not-supplied,2024-04-30
HD,2024-08-13,time-not-supplied,2024-07-31
HD,2024-11-12,time-not-supplied,2024-10-31
HD,2025-02-25,time-not-supplied,2025-01-31
HD,2025-05-20,time-not-supplied,2025-04-30
HD,2025-08-19,time-not-supplied,2025-07-31
HD,2025-11-18,time-not-supplied,2025-10-31
HD,2026-02-24,time-not-supplied,2026-01-31
HD,2026-05-18,time-not-supplied,2027-03-31
HIG,2023-02-02,time-not-supplied,2022-12-31
HIG,2023-04-27,time-not-supplied,2023-03-31
HIG,2023-07-27,time-not-supplied,2023-06-30
HIG,2023-10-26,time-not-supplied,2023-09-30
HIG,2024-02-01,time-not-supplied,2023-12-31
HIG,2024-04-25,time-not-supplied,2024-03-31
HIG,2024-07-25,time-not-supplied,2024-06-30
HIG,2024-10-24,time-not-supplied,2024-09-30
HIG,2025-01-30,time-not-supplied,2024-12-31
HIG,2025-04-24,time-not-supplied,2025-03-31
HIG,2025-07-28,time-not-supplied,2025-06-30
HIG,2025-10-27,time-not-supplied,2025-09-30
HIG,2026-01-29,time-not-supplied,2025-12-31
HIG,2026-04-22,after-market-close,2026-03-31
HII,2023-02-09,time-not-supplied,2022-12-31
HII,2023-05-04,time-not-supplied,2023-03-31
HII,2023-08-03,time-not-supplied,2023-06-30
HII,2023-11-02,time-not-supplied,2023-09-30
HII,2024-02-01,time-not-supplied,2023-12-31
HII,2024-05-02,time-not-supplied,2024-03-31
HII,2024-08-01,time-not-supplied,2024-06-30
HII,2024-10-31,time-not-supplied,2024-09-30
HII,2025-02-06,time-not-supplied,2024-12-31
HII,2025-05-01,time-not-supplied,2025-03-31
HII,2025-07-31,time-not-supplied,2025-06-30
HII,2025-10-30,time-not-supplied,2025-09-30
HII,2026-02-05,time-not-supplied,2025-12-31
HII,2026-04-29,before-market-open,2026-03-31
HLT,2023-02-09,time-not-supplied,2022-12-31
HLT,2023-04-26,time-not-supplied,2023-03-31
HLT,2023-07-26,time-not-supplied,2023-06-30
HLT,2023-10-25,time-not-supplied,2023-09-30
HLT,2024-02-07,time-not-supplied,2023-12-31
HLT,2024-04-24,time-not-supplied,2024-03-31
HLT,2024-08-07,time-not-supplied,2024-06-30
HLT,2024-10-23,time-not-supplied,2024-09-30
HLT,2025-02-06,time-not-supplied,2024-12-31
HLT,2025-04-29,time-not-supplied,2025-03-31
HLT,2025-07-23,time-not-supplied,2025-06-30
HLT,2025-10-22,time-not-supplied,2025-09-30
HLT,2026-02-05,time-not-supplied,2025-12-31
HLT,2026-02-11,time-pre-market,2025-12-31
HLT,2026-04-27,before-market-open,2026-03-31
HOLX,2023-02-01,time-not-supplied,2022-12-31
HOLX,2023-05-01,time-not-supplied,2023-03-31
HOLX,2023-07-31,time-not-supplied,2023-06-30
HOLX,2023-11-09,time-not-supplied,2023-09-30
HOLX,2024-02-01,time-not-supplied,2023-12-31
HOLX,2024-05-02,time-not-supplied,2024-03-31
HOLX,2024-07-29,time-not-supplied,2024-06-30
HOLX,2024-11-04,time-not-supplied,2024-09-30
HOLX,2025-02-05,time-not-supplied,2024-12-31
HOLX,2025-05-01,time-not-supplied,2025-03-31
HOLX,2025-07-30,time-not-supplied,2025-06-30
HOLX,2025-11-03,time-not-supplied,2025-09-30
HOLX,2026-01-29,time-not-supplied,2025-12-31
HOLX,2026-04-29,after-market-close,2026-06-30
HON,2023-02-02,time-not-supplied,2022-12-31
HON,2023-04-27,time-not-supplied,2023-03-31
HON,2023-07-27,time-not-supplied,2023-06-30
HON,2023-10-26,time-not-supplied,2023-09-30
HON,2024-02-01,time-not-supplied,2023-12-31
HON,2024-04-25,time-not-supplied,2024-03-31
HON,2024-07-25,time-not-supplied,2024-06-30
HON,2024-10-24,time-not-supplied,2024-09-30
HON,2025-02-06,time-not-supplied,2024-12-31
HON,2025-04-29,time-not-supplied,2025-03-31
HON,2025-07-24,time-not-supplied,2025-06-30
HON,2025-10-23,time-pre-market,2025-09-30
HON,2026-01-29,time-not-supplied,2025-12-31
HON,2026-04-27,time-not-supplied,2026-03-31
HPE,2023-03-02,time-not-supplied,2023-01-31
HPE,2023-05-30,time-not-supplied,2023-04-30
HPE,2023-08-29,time-not-supplied,2023-07-31
HPE,2023-11-28,time-not-supplied,2023-10-31
HPE,2024-02-29,time-not-supplied,2024-01-31
HPE,2024-06-04,time-not-supplied,2024-04-30
HPE,2024-09-04,time-not-supplied,2024-07-31
HPE,2024-12-05,time-not-supplied,2024-10-31
HPE,2025-03-06,time-not-supplied,2025-01-31
HPE,2025-06-03,time-not-supplied,2025-04-30
HPE,2025-09-03,time-not-supplied,2025-07-31
HPE,2025-12-04,time-not-supplied,2025-10-31
HPE,2026-03-09,after-market-close,2026-03-31
HPQ,2023-02-28,time-not-supplied,2023-01-31
HPQ,2023-05-30,time-not-supplied,2023-04-30
HPQ,2023-08-29,time-not-supplied,2023-07-31
HPQ,2023-11-21,time-not-supplied,2023-10-31
HPQ,2024-02-28,time-not-supplied,2024-01-31
HPQ,2024-05-29,time-not-supplied,2024-04-30
HPQ,2024-08-28,time-not-supplied,2024-07-31
HPQ,2024-11-26,time-not-supplied,2024-10-31
HPQ,2025-02-27,time-not-supplied,2025-01-31
HPQ,2025-05-28,time-not-supplied,2025-04-30
HPQ,2025-08-27,time-not-supplied,2025-07-31
HPQ,2025-11-25,time-not-supplied,2025-10-31
HPQ,2026-02-24,time-not-supplied,2026-01-31
HPQ,2026-05-26,after-market-close,2026-06-30
HRL,2023-03-02,time-not-supplied,2023-01-31
HRL,2023-06-01,time-not-supplied,2023-04-30
HRL,2023-08-31,time-not-supplied,2023-07-31
HRL,2023-11-29,time-not-supplied,2023-10-31
HRL,2024-02-29,time-not-supplied,2024-01-31
HRL,2024-05-30,time-not-supplied,2024-04-30
HRL,2024-09-04,time-not-supplied,2024-07-31
HRL,2024-12-04,time-not-supplied,2024-10-31
HRL,2025-02-27,time-not-supplied,2025-01-31
HRL,2025-05-29,time-not-supplied,2025-04-30
HRL,2025-08-28,time-not-supplied,2025-07-31
HRL,2025-12-04,time-not-supplied,2025-10-31
HRL,2026-02-18,time-after-hours,2026-01-31
HRL,2026-02-26,time-not-supplied,2026-01-31
HRL,2026-05-27,before-market-open,2026-06-30
HSIC,2023-02-16,time-not-supplied,2022-12-31
HSIC,2023-05-09,time-not-supplied,2023-03-31
HSIC,2023-08-07,time-not-supplied,2023-06-30
HSIC,2023-11-13,time-not-supplied,2023-09-30
HSIC,2024-02-27,time-not-supplied,2023-12-31
HSIC,2024-05-07,time-not-supplied,2024-03-31
HSIC,2024-08-06,time-not-supplied,2024-06-30
HSIC,2024-11-05,time-not-supplied,2024-09-30
HSIC,2025-02-25,time-not-supplied,2024-12-31
HSIC,2025-05-05,time-not-supplied,2025-03-31
HSIC,2025-08-05,time-not-supplied,2025-06-30
HSIC,2025-11-04,time-not-supplied,2025-09-30
HSIC,2026-02-24,time-not-supplied,2025-12-31
HSIC,2026-05-04,before-market-open,2026-03-31
HST,2023-02-15,time-not-supplied,2022-12-31
HST,2023-05-03,time-not-supplied,2023-03-31
HST,2023-08-02,time-not-supplied,2023-06-30
HST,2023-11-01,time-not-supplied,2023-09-30
HST,2024-02-21,time-not-supplied,2023-12-31
HST,2024-05-01,time-not-supplied,2024-03-31
HST,2024-07-31,time-not-supplied,2024-06-30
HST,2024-11-06,time-not-supplied,2024-09-30
HST,2025-02-19,time-not-supplied,2024-12-31
HST,2025-04-30,time-not-supplied,2025-03-31
HST,2025-07-30,time-not-supplied,2025-06-30
HST,2025-11-05,time-not-supplied,2025-09-30
HST,2026-02-18,time-after-hours,2025-12-31
HST,2026-04-28,time-not-supplied,2026-03-31
HSY,2023-02-02,time-not-supplied,2022-12-31
HSY,2023-04-27,time-not-supplied,2023-03-31
HSY,2023-07-27,time-not-supplied,2023-06-30
HSY,2023-10-26,time-not-supplied,2023-09-30
HSY,2024-02-08,time-not-supplied,2023-12-31
HSY,2024-05-03,time-not-supplied,2024-03-31
HSY,2024-08-01,time-not-supplied,2024-06-30
HSY,2024-11-07,time-not-supplied,2024-09-30
HSY,2025-02-06,time-not-supplied,2024-12-31
HSY,2025-05-01,time-not-supplied,2025-03-31
HSY,2025-07-30,time-not-supplied,2025-06-30
HSY,2025-10-30,time-not-supplied,2025-09-30
HSY,2026-02-05,time-pre-market,2025-12-31
HSY,2026-04-29,before-market-open,2026-03-31
HUBB,2023-01-31,time-not-supplied,2022-12-31
HUBB,2023-04-25,time-not-supplied,2023-03-31
HUBB,2023-07-25,time-not-supplied,2023-06-30
HUBB,2023-10-31,time-not-supplied,2023-09-30
HUBB,2024-01-30,time-not-supplied,2023-12-31
HUBB,2024-04-30,time-not-supplied,2024-03-31
HUBB,2024-07-30,time-not-supplied,2024-06-30
HUBB,2024-10-29,time-not-supplied,2024-09-30
HUBB,2025-02-04,time-not-supplied,2024-12-31
HUBB,2025-05-01,time-not-supplied,2025-03-31
HUBB,2025-07-29,time-not-supplied,2025-06-30
HUBB,2025-10-28,time-not-supplied,2025-09-30
HUBB,2026-02-03,time-not-supplied,2025-12-31
HUBB,2026-04-29,time-not-supplied,2026-03-31
HUM,2023-02-01,time-not-supplied,2022-12-31
HUM,2023-04-26,time-not-supplied,2023-03-31
HUM,2023-08-02,time-not-supplied,2023-06-30
HUM,2023-11-01,time-not-supplied,2023-09-30
HUM,2024-01-25,time-not-supplied,2023-12-31
HUM,2024-04-24,time-not-supplied,2024-03-31
HUM,2024-07-31,time-not-supplied,2024-06-30
HUM,2024-10-30,time-not-supplied,2024-09-30
HUM,2025-02-11,time-not-supplied,2024-12-31
HUM,2025-04-30,time-not-supplied,2025-03-31
HUM,2025-07-30,time-not-supplied,2025-06-30
HUM,2025-11-05,time-not-supplied,2025-09-30
HUM,2026-02-11,time-pre-market,2025-12-31
HUM,2026-04-29,before-market-open,2026-03-31
HWM,2023-02-14,time-not-supplied,2022-12-31
HWM,2023-05-02,time-not-supplied,2023-03-31
HWM,2023-08-01,time-not-supplied,2023-06-30
HWM,2023-11-02,time-not-supplied,2023-09-30
HWM,2024-02-13,time-not-supplied,2023-12-31
HWM,2024-05-02,time-not-supplied,2024-03-31
HWM,2024-07-30,time-not-supplied,2024-06-30
HWM,2024-11-06,time-not-supplied,2024-09-30
HWM,2025-02-13,time-not-supplied,2024-12-31
HWM,2025-05-01,time-not-supplied,2025-03-31
HWM,2025-07-31,time-not-supplied,2025-06-30
HWM,2025-10-30,time-not-supplied,2025-09-30
HWM,2026-02-12,time-pre-market,2025-12-31
HWM,2026-04-29,before-market-open,2026-03-31
IBM,2023-01-25,time-not-supplied,2022-12-31
IBM,2023-04-19,time-not-supplied,2023-03-31
IBM,2023-07-19,time-not-supplied,2023-06-30
IBM,2023-10-25,time-not-supplied,2023-09-30
IBM,2024-01-24,time-not-supplied,2023-12-31
IBM,2024-04-24,time-not-supplied,2024-03-31
IBM,2024-07-24,time-not-supplied,2024-06-30
IBM,2024-10-23,time-not-supplied,2024-09-30
IBM,2025-01-29,time-not-supplied,2024-12-31
IBM,2025-04-23,time-not-supplied,2025-03-31
IBM,2025-07-23,time-not-supplied,2025-06-30
IBM,2025-10-22,time-not-supplied,2025-09-30
IBM,2026-01-28,time-after-hours,2025-12-31
IBM,2026-04-22,after-market-close,2026-03-31
ICE,2023-02-02,time-not-supplied,2022-12-31
ICE,2023-05-04,time-not-supplied,2023-03-31
ICE,2023-08-03,time-not-supplied,2023-06-30
ICE,2023-11-02,time-not-supplied,2023-09-30
ICE,2024-02-08,time-not-supplied,2023-12-31
ICE,2024-05-02,time-not-supplied,2024-03-31
ICE,2024-08-01,time-not-supplied,2024-06-30
ICE,2024-10-31,time-not-supplied,2024-09-30
ICE,2025-02-06,time-not-supplied,2024-12-31
ICE,2025-05-01,time-not-supplied,2025-03-31
ICE,2025-07-31,time-not-supplied,2025-06-30
ICE,2025-10-30,time-not-supplied,2025-09-30
ICE,2026-02-05,time-pre-market,2025-12-31
ICE,2026-04-29,before-market-open,2026-03-31
IDXX,2023-02-06,time-not-supplied,2022-12-31
IDXX,2023-05-02,time-not-supplied,2023-03-31
IDXX,2023-08-01,time-not-supplied,2023-06-30
IDXX,2023-11-01,time-not-supplied,2023-09-30
IDXX,2024-02-05,time-not-supplied,2023-12-31
IDXX,2024-05-01,time-not-supplied,2024-03-31
IDXX,2024-08-06,time-not-supplied,2024-06-30
IDXX,2024-10-31,time-not-supplied,2024-09-30
IDXX,2025-02-03,time-not-supplied,2024-12-31
IDXX,2025-05-01,time-not-supplied,2025-03-31
IDXX,2025-08-04,time-not-supplied,2025-06-30
IDXX,2025-11-03,time-not-supplied,2025-09-30
IDXX,2026-02-02,time-pre-market,2025-12-31
IDXX,2026-04-29,before-market-open,2026-03-31
IEX,2023-01-31,time-not-supplied,2022-12-31
IEX,2023-04-26,time-not-supplied,2023-03-31
IEX,2023-07-26,time-not-supplied,2023-06-30
IEX,2023-10-25,time-not-supplied,2023-09-30
IEX,2024-02-06,time-not-supplied,2023-12-31
IEX,2024-04-23,time-not-supplied,2024-03-31
IEX,2024-07-31,time-not-supplied,2024-06-30
IEX,2024-10-29,time-not-supplied,2024-09-30
IEX,2025-02-04,time-not-supplied,2024-12-31
IEX,2025-05-01,time-not-supplied,2025-03-31
IEX,2025-07-30,time-not-supplied,2025-06-30
IEX,2025-10-29,time-not-supplied,2025-09-30
IEX,2026-02-04,time-pre-market,2025-12-31
IEX,2026-04-29,time-not-supplied,2026-03-31
IFF,2023-02-08,time-not-supplied,2022-12-31
IFF,2023-05-08,time-not-supplied,2023-03-31
IFF,2023-08-07,time-not-supplied,2023-06-30
IFF,2023-11-06,time-not-supplied,2023-09-30
IFF,2024-02-20,time-not-supplied,2023-12-31
IFF,2024-05-06,time-not-supplied,2024-03-31
IFF,2024-08-06,time-not-supplied,2024-06-30
IFF,2024-11-05,time-not-supplied,2024-09-30
IFF,2025-02-18,time-not-supplied,2024-12-31
IFF,2025-05-06,time-not-supplied,2025-03-31
IFF,2025-08-05,time-not-supplied,2025-06-30
IFF,2025-11-04,time-not-supplied,2025-09-30
IFF,2026-02-11,time-after-hours,2025-12-31
IFF,2026-05-04,after-market-close,2026-03-31
INCY,2023-02-07,time-not-supplied,2022-12-31
INCY,2023-05-02,time-not-supplied,2023-03-31
INCY,2023-08-01,time-not-supplied,2023-06-30
INCY,2023-10-31,time-not-supplied,2023-09-30
INCY,2024-02-13,time-not-supplied,2023-12-31
INCY,2024-04-30,time-not-supplied,2024-03-31
INCY,2024-07-30,time-not-supplied,2024-06-30
INCY,2024-10-29,time-not-supplied,2024-09-30
INCY,2025-02-10,time-not-supplied,2024-12-31
INCY,2025-04-29,time-not-supplied,2025-03-31
INCY,2025-07-29,time-not-supplied,2025-06-30
INCY,2025-10-28,time-not-supplied,2025-09-30
INCY,2026-02-10,time-pre-market,2025-12-31
INCY,2026-04-27,time-not-supplied,2026-03-31
INTC,2023-01-26,time-not-supplied,2022-12-31
INTC,2023-04-27,time-not-supplied,2023-03-31
INTC,2023-07-27,time-not-supplied,2023-06-30
INTC,2023-10-26,time-not-supplied,2023-09-30
INTC,2024-01-25,time-not-supplied,2023-12-31
INTC,2024-04-25,time-not-supplied,2024-03-31
INTC,2024-08-01,time-not-supplied,2024-06-30
INTC,2024-10-31,time-not-supplied,2024-09-30
INTC,2025-01-30,time-not-supplied,2024-12-31
INTC,2025-04-24,time-not-supplied,2025-03-31
INTC,2025-07-24,time-not-supplied,2025-06-30
INTC,2025-10-23,time-after-hours,2025-09-30
INTC,2026-01-22,time-not-supplied,2025-12-31
INTC,2026-04-22,after-market-close,2026-03-31
INTU,2023-02-23,time-not-supplied,2023-01-31
INTU,2023-05-23,time-not-supplied,2023-04-30
INTU,2023-08-24,time-not-supplied,2023-07-31
INTU,2023-11-28,time-not-supplied,2023-10-31
INTU,2024-02-22,time-not-supplied,2024-01-31
INTU,2024-05-23,time-not-supplied,2024-04-30
INTU,2024-08-22,time-not-supplied,2024-07-31
INTU,2024-11-21,time-not-supplied,2024-10-31
INTU,2025-02-25,time-not-supplied,2025-01-31
INTU,2025-05-22,time-not-supplied,2025-04-30
INTU,2025-08-21,time-not-supplied,2025-07-31
INTU,2025-11-20,time-not-supplied,2025-10-31
INTU,2026-02-26,time-not-supplied,2026-01-31
INTU,2026-05-20,after-market-close,2026-09-30
INVH,2023-02-15,time-not-supplied,2022-12-31
INVH,2023-05-01,time-not-supplied,2023-03-31
INVH,2023-07-26,time-not-supplied,2023-06-30
INVH,2023-10-25,time-not-supplied,2023-09-30
INVH,2024-02-13,time-not-supplied,2023-12-31
INVH,2024-04-30,time-not-supplied,2024-03-31
INVH,2024-07-24,time-not-supplied,2024-06-30
INVH,2024-10-30,time-not-supplied,2024-09-30
INVH,2025-02-26,time-not-supplied,2024-12-31
INVH,2025-04-30,time-not-supplied,2025-03-31
INVH,2025-07-30,time-not-supplied,2025-06-30
INVH,2025-10-29,time-not-supplied,2025-09-30
INVH,2026-02-18,time-after-hours,2025-12-31
INVH,2026-04-28,after-market-close,2026-03-31
IP,2023-01-31,time-not-supplied,2022-12-31
IP,2023-04-27,time-not-supplied,2023-03-31
IP,2023-07-27,time-not-supplied,2023-06-30
IP,2023-10-26,time-not-supplied,2023-09-30
IP,2024-02-01,time-not-supplied,2023-12-31
IP,2024-04-25,time-not-supplied,2024-03-31
IP,2024-07-24,time-not-supplied,2024-06-30
IP,2024-10-31,time-not-supplied,2024-09-30
IP,2025-01-30,time-not-supplied,2024-12-31
IP,2025-04-30,time-not-supplied,2025-03-31
IP,2025-07-31,time-not-supplied,2025-06-30
IP,2025-10-30,time-not-supplied,2025-09-30
IP,2026-01-29,time-not-supplied,2025-12-31
IP,2026-04-30,time-not-supplied,2026-03-31
IPG,2023-02-09,time-not-supplied,2022-12-31
IPG,2023-04-27,time-not-supplied,2023-03-31
IPG,2023-07-21,time-not-supplied,2023-06-30
IPG,2023-10-20,time-not-supplied,2023-09-30
IPG,2024-02-08,time-not-supplied,2023-12-31
IPG,2024-04-24,time-not-supplied,2024-03-31
IPG,2024-07-24,time-not-supplied,2024-06-30
IPG,2024-10-22,time-not-supplied,2024-09-30
IPG,2025-02-12,time-not-supplied,2024-12-31
IPG,2025-04-24,time-not-supplied,2025-03-31
IPG,2025-07-22,time-not-supplied,2025-06-30
IPG,2025-11-11,time-not-supplied,2025-09-30
IPG,2026-04-22,before-market-open,2026-03-31
IQV,2023-02-10,time-not-supplied,2022-12-31
IQV,2023-04-27,time-not-supplied,2023-03-31
IQV,2023-08-01,time-not-supplied,2023-06-30
IQV,2023-11-01,time-not-supplied,2023-09-30
IQV,2024-02-14,time-not-supplied,2023-12-31
IQV,2024-05-02,time-not-supplied,2024-03-31
IQV,2024-07-22,time-not-supplied,2024-06-30
IQV,2024-10-31,time-not-supplied,2024-09-30
IQV,2025-02-06,time-not-supplied,2024-12-31
IQV,2025-05-06,time-not-supplied,2025-03-31
IQV,2025-07-22,time-not-supplied,2025-06-30
IQV,2025-10-28,time-not-supplied,2025-09-30
IQV,2026-02-05,time-not-supplied,2025-12-31
IQV,2026-05-04,before-market-open,2026-03-31
IR,2023-02-21,time-not-supplied,2022-12-31
IR,2023-05-03,time-not-supplied,2023-03-31
IR,2023-08-02,time-not-supplied,2023-06-30
IR,2023-11-01,time-not-supplied,2023-09-30
IR,2024-02-15,time-not-supplied,2023-12-31
IR,2024-05-02,time-not-supplied,2024-03-31
IR,2024-07-31,time-not-supplied,2024-06-30
IR,2024-10-31,time-not-supplied,2024-09-30
IR,2025-02-13,time-not-supplied,2024-12-31
IR,2025-05-01,time-not-supplied,2025-03-31
IR,2025-07-31,time-not-supplied,2025-06-30
IR,2025-10-30,time-not-supplied,2025-09-30
IR,2026-02-12,time-after-hours,2025-12-31
IR,2026-04-29,after-market-close,2026-03-31
IRM,2023-02-23,time-not-supplied,2022-12-31
IRM,2023-05-04,time-not-supplied,2023-03-31
IRM,2023-08-03,time-not-supplied,2023-06-30
IRM,2023-11-02,time-not-supplied,2023-09-30
IRM,2024-02-22,time-not-supplied,2023-12-31
IRM,2024-05-02,time-not-supplied,2024-03-31
IRM,2024-08-01,time-not-supplied,2024-06-30
IRM,2024-11-06,time-not-supplied,2024-09-30
IRM,2025-02-13,time-not-supplied,2024-12-31
IRM,2025-05-01,time-not-supplied,2025-03-31
IRM,2025-08-06,time-not-supplied,2025-06-30
IRM,2025-11-05,time-not-supplied,2025-09-30
IRM,2026-02-12,time-pre-market,2025-12-31
IRM,2026-04-29,before-market-open,2026-03-31
ISRG,2023-01-24,time-not-supplied,2022-12-31
ISRG,2023-04-18,time-not-supplied,2023-03-31
ISRG,2023-07-20,time-not-supplied,2023-06-30
ISRG,2023-10-19,time-not-supplied,2023-09-30
ISRG,2024-01-23,time-not-supplied,2023-12-31
ISRG,2024-04-18,time-not-supplied,2024-03-31
ISRG,2024-07-18,time-not-supplied,2024-06-30
ISRG,2024-10-17,time-not-supplied,2024-09-30
ISRG,2025-01-23,time-not-supplied,2024-12-31
ISRG,2025-04-22,time-not-supplied,2025-03-31
ISRG,2025-07-22,time-not-supplied,2025-06-30
ISRG,2025-10-16,time-not-supplied,2025-09-30
ISRG,2025-10-21,time-not-supplied,2025-09-30
ISRG,2026-01-22,time-not-supplied,2025-12-31
ISRG,2026-04-20,after-market-close,2026-03-31
IT,2023-02-07,time-not-supplied,2022-12-31
IT,2023-05-02,time-not-supplied,2023-03-31
IT,2023-08-01,time-not-supplied,2023-06-30
IT,2023-11-03,time-not-supplied,2023-09-30
IT,2024-02-06,time-not-supplied,2023-12-31
IT,2024-04-30,time-not-supplied,2024-03-31
IT,2024-07-30,time-not-supplied,2024-06-30
IT,2024-11-05,time-not-supplied,2024-09-30
IT,2025-02-04,time-not-supplied,2024-12-31
IT,2025-05-06,time-not-supplied,2025-03-31
IT,2025-08-05,time-not-supplied,2025-06-30
IT,2025-11-04,time-not-supplied,2025-09-30
IT,2026-02-03,time-not-supplied,2025-12-31
IT,2026-05-04,before-market-open,2026-03-31
ITW,2023-02-02,time-not-supplied,2022-12-31
ITW,2023-05-02,time-not-supplied,2023-03-31
ITW,2023-08-01,time-not-supplied,2023-06-30
ITW,2023-10-24,time-not-supplied,2023-09-30
ITW,2024-02-01,time-not-supplied,2023-12-31
ITW,2024-04-30,time-not-supplied,2024-03-31
ITW,2024-07-30,time-not-supplied,2024-06-30
ITW,2024-10-30,time-not-supplied,2024-09-30
ITW,2025-02-05,time-not-supplied,2024-12-31
ITW,2025-04-30,time-not-supplied,2025-03-31
ITW,2025-07-30,time-not-supplied,2025-06-30
ITW,2025-10-24,time-pre-market,2025-09-30
ITW,2026-02-03,time-not-supplied,2025-12-31
ITW,2026-04-28,before-market-open,2026-03-31
IVZ,2023-01-24,time-not-supplied,2022-12-31
IVZ,2023-04-25,time-not-supplied,2023-03-31
IVZ,2023-07-25,time-not-supplied,2023-06-30
IVZ,2023-10-24,time-not-supplied,2023-09-30
IVZ,2024-01-23,time-not-supplied,2023-12-31
IVZ,2024-04-23,time-not-supplied,2024-03-31
IVZ,2024-07-23,time-not-supplied,2024-06-30
IVZ,2024-10-22,time-not-supplied,2024-09-30
IVZ,2025-01-28,time-not-supplied,2024-12-31
IVZ,2025-04-22,time-not-supplied,2025-03-31
IVZ,2025-07-22,time-not-supplied,2025-06-30
IVZ,2025-10-28,time-not-supplied,2025-09-30
IVZ,2026-01-27,time-not-supplied,2025-12-31
IVZ,2026-04-20,before-market-open,2026-03-31
J,2023-02-07,time-not-supplied,2022-12-31
J,2023-05-09,time-not-supplied,2023-03-31
J,2023-08-08,time-not-supplied,2023-06-30
J,2023-11-21,time-not-supplied,2023-09-30
J,2024-02-06,time-not-supplied,2023-12-31
J,2024-05-07,time-not-supplied,2024-03-31
J,2024-08-06,time-not-supplied,2024-06-30
J,2024-11-19,time-not-supplied,2024-09-30
J,2025-02-04,time-not-supplied,2024-12-31
J,2025-05-06,time-not-supplied,2025-03-31
J,2025-08-05,time-not-supplied,2025-06-30
J,2025-11-20,time-not-supplied,2025-09-30
J,2026-02-03,time-not-supplied,2025-12-31
J,2026-05-04,time-not-supplied,2026-06-30
JBHT,2023-01-18,time-not-supplied,2022-12-31
JBHT,2023-04-17,time-not-supplied,2023-03-31
JBHT,2023-07-18,time-not-supplied,2023-06-30
JBHT,2023-10-17,time-not-supplied,2023-09-30
JBHT,2024-01-18,time-not-supplied,2023-12-31
JBHT,2024-04-16,time-not-supplied,2024-03-31
JBHT,2024-07-16,time-not-supplied,2024-06-30
JBHT,2024-10-15,time-not-supplied,2024-09-30
JBHT,2025-01-16,time-not-supplied,2024-12-31
JBHT,2025-04-15,time-not-supplied,2025-03-31
JBHT,2025-07-15,time-not-supplied,2025-06-30
JBHT,2025-10-15,time-not-supplied,2025-09-30
JBHT,2026-01-15,time-not-supplied,2025-12-31
JBHT,2026-04-13,after-market-close,2026-03-31
JBL,2023-03-16,time-not-supplied,2023-02-28
JBL,2023-06-15,time-not-supplied,2023-05-31
JBL,2023-09-28,time-not-supplied,2023-08-31
JBL,2023-12-14,time-not-supplied,2023-11-30
JBL,2024-03-15,time-not-supplied,2024-02-29
JBL,2024-06-20,time-not-supplied,2024-05-31
JBL,2024-09-26,time-not-supplied,2024-08-31
JBL,2024-12-18,time-not-supplied,2024-11-30
JBL,2025-03-20,time-not-supplied,2025-02-28
JBL,2025-06-17,time-not-supplied,2025-05-31
JBL,2025-09-25,time-pre-market,2025-08-31
JBL,2025-12-17,time-not-supplied,2025-11-30
JBL,2026-03-13,before-market-open,2026-06-30
JCI,2023-02-01,time-not-supplied,2022-12-31
JCI,2023-05-05,time-not-supplied,2023-03-31
JCI,2023-08-02,time-not-supplied,2023-06-30
JCI,2023-12-12,time-not-supplied,2023-09-30
JCI,2024-01-30,time-not-supplied,2023-12-31
JCI,2024-05-01,time-not-supplied,2024-03-31
JCI,2024-07-31,time-not-supplied,2024-06-30
JCI,2024-11-06,time-not-supplied,2024-09-30
JCI,2025-02-05,time-not-supplied,2024-12-31
JCI,2025-05-07,time-not-supplied,2025-03-31
JCI,2025-07-29,time-not-supplied,2025-06-30
JCI,2025-11-05,time-not-supplied,2025-09-30
JCI,2026-02-04,time-pre-market,2025-12-31
JCI,2026-05-11,before-market-open,2026-06-30
JKHY,2023-02-07,time-not-supplied,2022-12-31
JKHY,2023-05-02,time-not-supplied,2023-03-31
JKHY,2023-08-15,time-not-supplied,2023-06-30
JKHY,2023-11-07,time-not-supplied,2023-09-30
JKHY,2024-02-06,time-not-supplied,2023-12-31
JKHY,2024-05-07,time-not-supplied,2024-03-31
JKHY,2024-08-20,time-not-supplied,2024-06-30
JKHY,2024-11-05,time-not-supplied,2024-09-30
JKHY,2025-02-04,time-not-supplied,2024-12-31
JKHY,2025-05-06,time-not-supplied,2025-03-31
JKHY,2025-08-19,time-not-supplied,2025-06-30
JKHY,2025-11-04,time-not-supplied,2025-09-30
JKHY,2026-02-03,time-not-supplied,2025-12-31
JKHY,2026-04-28,after-market-close,2026-09-30
JNJ,2023-01-24,time-not-supplied,2022-12-31
JNJ,2023-04-18,time-not-supplied,2023-03-31
JNJ,2023-07-20,time-not-supplied,2023-06-30
JNJ,2023-10-17,time-not-supplied,2023-09-30
JNJ,2024-01-23,time-not-supplied,2023-12-31
JNJ,2024-04-16,time-not-supplied,2024-03-31
JNJ,2024-07-17,time-not-supplied,2024-06-30
JNJ,2024-10-15,time-not-supplied,2024-09-30
JNJ,2025-01-22,time-not-supplied,2024-12-31
JNJ,2025-04-15,time-not-supplied,2025-03-31
JNJ,2025-07-16,time-not-supplied,2025-06-30
JNJ,2025-10-14,time-not-supplied,2025-09-30
JNJ,2026-01-21,time-pre-market,2025-12-31
JNJ,2026-04-14,time-not-supplied,2026-03-31
JPM,2023-01-13,time-not-supplied,2022-12-31
JPM,2023-04-14,time-not-supplied,2023-03-31
JPM,2023-07-14,time-not-supplied,2023-06-30
JPM,2023-10-13,time-not-supplied,2023-09-30
JPM,2024-01-12,time-not-supplied,2023-12-31
JPM,2024-04-12,time-not-supplied,2024-03-31
JPM,2024-07-12,time-not-supplied,2024-06-30
JPM,2024-10-11,time-not-supplied,2024-09-30
JPM,2025-01-15,time-not-supplied,2024-12-31
JPM,2025-04-11,time-not-supplied,2025-03-31
JPM,2025-07-15,time-not-supplied,2025-06-30
JPM,2025-10-14,time-not-supplied,2025-09-30
JPM,2026-01-13,time-not-supplied,2025-12-31
JPM,2026-04-14,time-not-supplied,2026-03-31
K,2023-02-09,time-not-supplied,2022-12-31
K,2023-05-04,time-not-supplied,2023-03-31
K,2023-08-03,time-not-supplied,2023-06-30
K,2023-11-08,time-not-supplied,2023-09-30
K,2024-02-08,time-not-supplied,2023-12-31
K,2024-05-02,time-not-supplied,2024-03-31
K,2024-08-01,time-not-supplied,2024-06-30
K,2024-10-31,time-not-supplied,2024-09-30
K,2025-02-06,time-not-supplied,2024-12-31
K,2025-05-01,time-not-supplied,2025-03-31
K,2025-07-31,time-not-supplied,2025-06-30
K,2025-10-30,time-not-supplied,2025-09-30
K,2026-04-29,before-market-open,2026-03-31
KDP,2023-02-23,time-not-supplied,2022-12-31
KDP,2023-04-27,time-not-supplied,2023-03-31
KDP,2023-07-27,time-not-supplied,2023-06-30
KDP,2023-10-26,time-not-supplied,2023-09-30
KDP,2024-02-22,time-not-supplied,2023-12-31
KDP,2024-04-25,time-not-supplied,2024-03-31
KDP,2024-07-25,time-not-supplied,2024-06-30
KDP,2024-10-24,time-not-supplied,2024-09-30
KDP,2025-02-25,time-not-supplied,2024-12-31
KDP,2025-04-24,time-not-supplied,2025-03-31
KDP,2025-07-24,time-not-supplied,2025-06-30
KDP,2025-10-23,time-not-supplied,2025-09-30
KDP,2025-10-27,time-not-supplied,2025-09-30
KDP,2026-02-24,time-not-supplied,2025-12-31
KDP,2026-04-22,before-market-open,2026-03-31
KEY,2023-01-19,time-not-supplied,2022-12-31
KEY,2023-04-20,time-not-supplied,2023-03-31
KEY,2023-07-20,time-not-supplied,2023-06-30
KEY,2023-10-19,time-not-supplied,2023-09-30
KEY,2024-01-18,time-not-supplied,2023-12-31
KEY,2024-04-18,time-not-supplied,2024-03-31
KEY,2024-07-18,time-not-supplied,2024-06-30
KEY,2024-10-17,time-not-supplied,2024-09-30
KEY,2025-01-21,time-not-supplied,2024-12-31
KEY,2025-04-17,time-not-supplied,2025-03-31
KEY,2025-07-22,time-not-supplied,2025-06-30
KEY,2025-10-16,time-not-supplied,2025-09-30
KEY,2026-01-20,time-pre-market,2025-12-31
KEY,2026-04-16,time-not-supplied,2026-03-31
KEYS,2023-02-21,time-not-supplied,2023-01-31
KEYS,2023-05-16,time-not-supplied,2023-04-30
KEYS,2023-08-17,time-not-supplied,2023-07-31
KEYS,2023-11-20,time-not-supplied,2023-10-31
KEYS,2024-02-20,time-not-supplied,2024-01-31
KEYS,2024-05-20,time-not-supplied,2024-04-30
KEYS,2024-08-20,time-not-supplied,2024-07-31
KEYS,2024-11-19,time-not-supplied,2024-10-31
KEYS,2025-02-25,time-not-supplied,2025-01-31
KEYS,2025-05-20,time-not-supplied,2025-04-30
KEYS,2025-08-19,time-not-supplied,2025-07-31
KEYS,2025-11-24,time-after-hours,2025-10-31
KEYS,2026-02-23,time-not-supplied,2026-01-31
KEYS,2026-05-18,after-market-close,2026-06-30
KHC,2023-02-15,time-not-supplied,2022-12-31
KHC,2023-05-03,time-not-supplied,2023-03-31
KHC,2023-08-02,time-not-supplied,2023-06-30
KHC,2023-11-01,time-not-supplied,2023-09-30
KHC,2024-02-14,time-not-supplied,2023-12-31
KHC,2024-05-01,time-not-supplied,2024-03-31
KHC,2024-07-31,time-not-supplied,2024-06-30
KHC,2024-10-30,time-not-supplied,2024-09-30
KHC,2025-02-12,time-not-supplied,2024-12-31
KHC,2025-04-29,time-not-supplied,2025-03-31
KHC,2025-07-30,time-not-supplied,2025-06-30
KHC,2025-10-29,time-not-supplied,2025-09-30
KHC,2026-02-11,time-pre-market,2025-12-31
KHC,2026-04-27,before-market-open,2026-03-31
KIM,2023-02-09,time-not-supplied,2022-12-31
KIM,2023-04-27,time-not-supplied,2023-03-31
KIM,2023-07-27,time-not-supplied,2023-06-30
KIM,2023-10-26,time-not-supplied,2023-09-30
KIM,2024-02-08,time-not-supplied,2023-12-31
KIM,2024-05-02,time-not-supplied,2024-03-31
KIM,2024-08-01,time-not-supplied,2024-06-30
KIM,2024-10-31,time-not-supplied,2024-09-30
KIM,2025-02-07,time-not-supplied,2024-12-31
KIM,2025-05-01,time-not-supplied,2025-03-31
KIM,2025-07-31,time-not-supplied,2025-06-30
KIM,2025-10-30,time-not-supplied,2025-09-30
KIM,2026-02-12,time-pre-market,2025-12-31
KIM,2026-04-29,before-market-open,2026-03-31
KKR,2023-02-07,time-not-supplied,2022-12-31
KKR,2023-05-08,time-not-supplied,2023-03-31
KKR,2023-08-07,time-not-supplied,2023-06-30
KKR,2023-11-07,time-not-supplied,2023-09-30
KKR,2024-02-06,time-not-supplied,2023-12-31
KKR,2024-05-01,time-not-supplied,2024-03-31
KKR,2024-07-31,time-not-supplied,2024-06-30
KKR,2024-10-24,time-not-supplied,2024-09-30
KKR,2025-02-04,time-not-supplied,2024-12-31
KKR,2025-05-01,time-not-supplied,2025-03-31
KKR,2025-07-31,time-not-supplied,2025-06-30
KKR,2025-11-07,time-not-supplied,2025-09-30
KKR,2026-02-05,time-pre-market,2025-12-31
KKR,2026-04-29,before-market-open,2026-03-31
KLAC,2023-01-26,time-not-supplied,2022-12-31
KLAC,2023-04-26,time-not-supplied,2023-03-31
KLAC,2023-07-27,time-not-supplied,2023-06-30
KLAC,2023-10-25,time-not-supplied,2023-09-30
KLAC,2024-01-25,time-not-supplied,2023-12-31
KLAC,2024-04-25,time-not-supplied,2024-03-31
KLAC,2024-07-24,time-not-supplied,2024-06-30
KLAC,2024-10-30,time-not-supplied,2024-09-30
KLAC,2025-01-30,time-not-supplied,2024-12-31
KLAC,2025-04-30,time-not-supplied,2025-03-31
KLAC,2025-07-31,time-not-supplied,2025-06-30
KLAC,2025-10-29,time-not-supplied,2025-09-30
KLAC,2026-01-29,time-not-supplied,2025-12-31
KLAC,2026-04-28,after-market-close,2026-09-30
KMB,2023-01-25,time-not-supplied,2022-12-31
KMB,2023-04-25,time-not-supplied,2023-03-31
KMB,2023-07-25,time-not-supplied,2023-06-30
KMB,2023-10-24,time-not-supplied,2023-09-30
KMB,2024-01-24,time-not-supplied,2023-12-31
KMB,2024-04-23,time-not-supplied,2024-03-31
KMB,2024-07-23,time-not-supplied,2024-06-30
KMB,2024-10-22,time-not-supplied,2024-09-30
KMB,2025-01-28,time-not-supplied,2024-12-31
KMB,2025-04-22,time-not-supplied,2025-03-31
KMB,2025-08-01,time-not-supplied,2025-06-30
KMB,2025-10-30,time-not-supplied,2025-09-30
KMB,2026-01-27,time-not-supplied,2025-12-31
KMB,2026-04-20,before-market-open,2026-03-31
KMI,2023-01-18,time-not-supplied,2022-12-31
KMI,2023-04-19,time-not-supplied,2023-03-31
KMI,2023-07-19,time-not-supplied,2023-06-30
KMI,2023-10-18,time-not-supplied,2023-09-30
KMI,2024-01-17,time-not-supplied,2023-12-31
KMI,2024-04-17,time-not-supplied,2024-03-31
KMI,2024-07-17,time-not-supplied,2024-06-30
KMI,2024-10-16,time-not-supplied,2024-09-30
KMI,2025-01-22,time-not-supplied,2024-12-31
KMI,2025-04-16,time-not-supplied,2025-03-31
KMI,2025-07-16,time-not-supplied,2025-06-30
KMI,2025-10-22,time-not-supplied,2025-09-30
KMI,2026-01-21,time-after-hours,2025-12-31
KMI,2026-01-28,time-not-supplied,2025-12-31
KMI,2026-04-14,after-market-close,2026-03-31
KMX,2023-04-11,time-not-supplied,2023-02-28
KMX,2023-06-23,time-not-supplied,2023-05-31
KMX,2023-09-28,time-not-supplied,2023-08-31
KMX,2023-12-21,time-not-supplied,2023-11-30
KMX,2024-04-11,time-not-supplied,2024-02-29
KMX,2024-06-21,time-not-supplied,2024-05-31
KMX,2024-09-26,time-not-supplied,2024-08-31
KMX,2024-12-19,time-not-supplied,2024-11-30
KMX,2025-04-10,time-not-supplied,2025-02-28
KMX,2025-06-20,time-not-supplied,2025-05-31
KMX,2025-09-25,time-pre-market,2025-08-31
KMX,2025-12-18,time-not-supplied,2025-11-30
KMX,2026-04-08,after-market-close,2026-12-31
KO,2023-02-14,time-not-supplied,2022-12-31
KO,2023-04-24,time-not-supplied,2023-03-31
KO,2023-07-26,time-not-supplied,2023-06-30
KO,2023-10-24,time-not-supplied,2023-09-30
KO,2024-02-13,time-not-supplied,2023-12-31
KO,2024-04-30,time-not-supplied,2024-03-31
KO,2024-07-23,time-not-supplied,2024-06-30
KO,2024-10-23,time-not-supplied,2024-09-30
KO,2025-02-11,time-not-supplied,2024-12-31
KO,2025-04-29,time-not-supplied,2025-03-31
KO,2025-07-22,time-not-supplied,2025-06-30
KO,2025-10-21,time-not-supplied,2025-09-30
KO,2026-02-10,time-pre-market,2025-12-31
KO,2026-04-27,before-market-open,2026-03-31
KR,2023-03-02,time-not-supplied,2023-01-31
KR,2023-06-15,time-not-supplied,2023-04-30
KR,2023-09-08,time-not-supplied,2023-07-31
KR,2023-11-30,time-not-supplied,2023-10-31
KR,2024-03-07,time-not-supplied,2024-01-31
KR,2024-06-20,time-not-supplied,2024-04-30
KR,2024-09-12,time-not-supplied,2024-07-31
KR,2024-12-05,time-not-supplied,2024-10-31
KR,2025-03-06,time-not-supplied,2025-01-31
KR,2025-06-20,time-not-supplied,2025-04-30
KR,2025-09-11,time-not-supplied,2025-07-31
KR,2025-12-04,time-not-supplied,2025-10-31
KVUE,2023-07-20,time-not-supplied,2023-06-30
KVUE,2023-10-26,time-not-supplied,2023-09-30
KVUE,2024-02-08,time-not-supplied,2023-12-31
KVUE,2024-05-07,time-not-supplied,2024-03-31
KVUE,2024-08-06,time-not-supplied,2024-06-30
KVUE,2024-11-07,time-not-supplied,2024-09-30
KVUE,2025-02-06,time-not-supplied,2024-12-31
KVUE,2025-05-08,time-not-supplied,2025-03-31
KVUE,2025-08-07,time-not-supplied,2025-06-30
KVUE,2025-11-03,time-not-supplied,2025-09-30
KVUE,2026-02-05,time-not-supplied,2025-12-31
KVUE,2026-02-17,time-after-hours,2025-12-31
KVUE,2026-05-06,before-market-open,2026-03-31
L,2023-02-06,time-not-supplied,2022-12-31
L,2023-05-01,time-not-supplied,2023-03-31
L,2023-07-31,time-not-supplied,2023-06-30
L,2023-10-30,time-not-supplied,2023-09-30
L,2024-02-05,time-not-supplied,2023-12-31
L,2024-05-06,time-not-supplied,2024-03-31
L,2024-07-29,time-not-supplied,2024-06-30
L,2024-11-04,time-not-supplied,2024-09-30
L,2025-02-10,time-not-supplied,2024-12-31
L,2025-05-05,time-not-supplied,2025-03-31
L,2025-08-04,time-not-supplied,2025-06-30
L,2025-11-03,time-not-supplied,2025-09-30
L,2026-02-09,time-not-supplied,2025-12-31
L,2026-05-04,time-not-supplied,2026-03-31
LDOS,2023-02-14,time-not-supplied,2022-12-31
LDOS,2023-05-02,time-not-supplied,2023-03-31
LDOS,2023-08-01,time-not-supplied,2023-06-30
LDOS,2023-10-31,time-not-supplied,2023-09-30
LDOS,2024-02-13,time-not-supplied,2023-12-31
LDOS,2024-04-30,time-not-supplied,2024-03-31
LDOS,2024-07-30,time-not-supplied,2024-06-30
LDOS,2024-10-29,time-not-supplied,2024-09-30
LDOS,2025-02-11,time-not-supplied,2024-12-31
LDOS,2025-05-06,time-not-supplied,2025-03-31
LDOS,2025-08-05,time-not-supplied,2025-06-30
LDOS,2025-11-04,time-not-supplied,2025-09-30
LDOS,2026-02-17,time-pre-market,2025-12-31
LDOS,2026-05-04,time-not-supplied,2026-03-31
LEN,2023-03-14,time-not-supplied,2023-02-28
LEN,2023-06-14,time-not-supplied,2023-05-31
LEN,2023-09-14,time-not-supplied,2023-08-31
LEN,2023-12-14,time-not-supplied,2023-11-30
LEN,2024-03-13,time-not-supplied,2024-02-29
LEN,2024-06-17,time-not-supplied,2024-05-31
LEN,2024-09-19,time-not-supplied,2024-08-31
LEN,2024-12-18,time-not-supplied,2024-11-30
LEN,2025-03-20,time-not-supplied,2025-02-28
LEN,2025-06-16,time-not-supplied,2025-05-31
LEN,2025-09-18,time-not-supplied,2025-08-31
LEN,2025-12-16,time-not-supplied,2025-11-30
LEN,2026-03-18,after-market-close,2026-03-31
LH,2023-02-16,time-not-supplied,2022-12-31
LH,2023-04-25,time-not-supplied,2023-03-31
LH,2023-07-27,time-not-supplied,2023-06-30
LH,2023-10-26,time-not-supplied,2023-09-30
LH,2024-02-15,time-not-supplied,2023-12-31
LH,2024-04-25,time-not-supplied,2024-03-31
LH,2024-08-01,time-not-supplied,2024-06-30
LH,2024-10-24,time-not-supplied,2024-09-30
LH,2025-02-06,time-not-supplied,2024-12-31
LH,2025-04-29,time-not-supplied,2025-03-31
LH,2025-07-24,time-not-supplied,2025-06-30
LH,2025-10-28,time-not-supplied,2025-09-30
LH,2026-02-05,time-not-supplied,2025-12-31
LH,2026-02-17,time-pre-market,2025-12-31
LH,2026-04-27,time-not-supplied,2026-03-31
LHX,2023-01-26,time-not-supplied,2022-12-31
LHX,2023-04-27,time-not-supplied,2023-03-31
LHX,2023-07-26,time-not-supplied,2023-06-30
LHX,2023-10-26,time-not-supplied,2023-09-30
LHX,2024-01-25,time-not-supplied,2023-12-31
LHX,2024-04-25,time-not-supplied,2024-03-31
LHX,2024-07-25,time-not-supplied,2024-06-30
LHX,2024-10-24,time-not-supplied,2024-09-30
LHX,2025-01-30,time-not-supplied,2024-12-31
LHX,2025-04-24,time-not-supplied,2025-03-31
LHX,2025-07-24,time-not-supplied,2025-06-30
LHX,2025-10-30,time-not-supplied,2025-09-30
LHX,2026-01-29,time-not-supplied,2025-12-31
LHX,2026-04-22,after-market-close,2026-03-31
LII,2023-01-31,time-not-supplied,2022-12-31
LII,2023-04-27,time-not-supplied,2023-03-31
LII,2023-07-27,time-not-supplied,2023-06-30
LII,2023-10-26,time-not-supplied,2023-09-30
LII,2024-01-31,time-not-supplied,2023-12-31
LII,2024-04-24,time-not-supplied,2024-03-31
LII,2024-07-24,time-not-supplied,2024-06-30
LII,2024-10-23,time-not-supplied,2024-09-30
LII,2025-01-29,time-not-supplied,2024-12-31
LII,2025-04-23,time-not-supplied,2025-03-31
LII,2025-07-23,time-not-supplied,2025-06-30
LII,2025-10-22,time-not-supplied,2025-09-30
LII,2026-04-21,before-market-open,2026-03-31
LIN,2023-02-07,time-not-supplied,2022-12-31
LIN,2023-04-27,time-not-supplied,2023-03-31
LIN,2023-07-27,time-not-supplied,2023-06-30
LIN,2023-10-26,time-not-supplied,2023-09-30
LIN,2024-02-06,time-not-supplied,2023-12-31
LIN,2024-05-02,time-not-supplied,2024-03-31
LIN,2024-08-02,time-not-supplied,2024-06-30
LIN,2024-10-31,time-not-supplied,2024-09-30
LIN,2025-02-06,time-not-supplied,2024-12-31
LIN,2025-05-01,time-not-supplied,2025-03-31
LIN,2025-08-01,time-not-supplied,2025-06-30
LIN,2025-10-31,time-not-supplied,2025-09-30
LIN,2026-02-05,time-pre-market,2025-12-31
LIN,2026-04-29,before-market-open,2026-03-31
LKQ,2023-02-23,time-not-supplied,2022-12-31
LKQ,2023-04-27,time-not-supplied,2023-03-31
LKQ,2023-07-27,time-not-supplied,2023-06-30
LKQ,2023-10-26,time-not-supplied,2023-09-30
LKQ,2024-02-22,time-not-supplied,2023-12-31
LKQ,2024-04-23,time-not-supplied,2024-03-31
LKQ,2024-07-25,time-not-supplied,2024-06-30
LKQ,2024-10-24,time-not-supplied,2024-09-30
LKQ,2025-02-20,time-not-supplied,2024-12-31
LKQ,2025-04-24,time-not-supplied,2025-03-31
LKQ,2025-07-24,time-not-supplied,2025-06-30
LKQ,2025-10-30,time-not-supplied,2025-09-30
LKQ,2026-02-19,time-pre-market,2025-12-31
LKQ,2026-04-30,time-not-supplied,2026-03-31
LLY,2023-02-02,time-not-supplied,2022-12-31
LLY,2023-04-27,time-not-supplied,2023-03-31
LLY,2023-08-08,time-not-supplied,2023-06-30
LLY,2023-11-02,time-not-supplied,2023-09-30
LLY,2024-02-06,time-not-supplied,2023-12-31
LLY,2024-04-30,time-not-supplied,2024-03-31
LLY,2024-08-08,time-not-supplied,2024-06-30
LLY,2024-10-30,time-not-supplied,2024-09-30
LLY,2025-02-06,time-not-supplied,2024-12-31
LLY,2025-05-01,time-not-supplied,2025-03-31
LLY,2025-08-07,time-not-supplied,2025-06-30
LLY,2025-10-30,time-not-supplied,2025-09-30
LLY,2026-02-04,time-pre-market,2025-12-31
LLY,2026-02-05,time-not-supplied,2025-12-31
LLY,2026-04-30,time-not-supplied,2026-03-31
LMT,2023-01-24,time-not-supplied,2022-12-31
LMT,2023-04-18,time-not-supplied,2023-03-31
LMT,2023-07-18,time-not-supplied,2023-06-30
LMT,2023-10-17,time-not-supplied,2023-09-30
LMT,2024-01-23,time-not-supplied,2023-12-31
LMT,2024-04-23,time-not-supplied,2024-03-31
LMT,2024-07-23,time-not-supplied,2024-06-30
LMT,2024-10-22,time-not-supplied,2024-09-30
LMT,2025-01-28,time-not-supplied,2024-12-31
LMT,2025-04-22,time-not-supplied,2025-03-31
LMT,2025-07-22,time-not-supplied,2025-06-30
LMT,2025-10-21,time-not-supplied,2025-09-30
LMT,2026-01-29,time-not-supplied,2025-12-31
LMT,2026-04-20,before-market-open,2026-03-31
LNT,2023-02-23,time-not-supplied,2022-12-31
LNT,2023-05-04,time-not-supplied,2023-03-31
LNT,2023-08-03,time-not-supplied,2023-06-30
LNT,2023-11-02,time-not-supplied,2023-09-30
LNT,2024-02-15,time-not-supplied,2023-12-31
LNT,2024-05-02,time-not-supplied,2024-03-31
LNT,2024-08-01,time-not-supplied,2024-06-30
LNT,2024-10-31,time-not-supplied,2024-09-30
LNT,2025-02-20,time-not-supplied,2024-12-31
LNT,2025-05-08,time-not-supplied,2025-03-31
LNT,2025-08-07,time-not-supplied,2025-06-30
LNT,2025-11-06,time-not-supplied,2025-09-30
LNT,2026-02-19,time-after-hours,2025-12-31
LNT,2026-05-06,after-market-close,2026-03-31
LOW,2023-03-01,time-not-supplied,2023-01-31
LOW,2023-05-23,time-not-supplied,2023-04-30
LOW,2023-08-22,time-not-supplied,2023-07-31
LOW,2023-11-21,time-not-supplied,2023-10-31
LOW,2024-02-27,time-not-supplied,2024-01-31
LOW,2024-05-21,time-not-supplied,2024-04-30
LOW,2024-08-20,time-not-supplied,2024-07-31
LOW,2024-11-19,time-not-supplied,2024-10-31
LOW,2025-02-26,time-not-supplied,2025-01-31
LOW,2025-05-21,time-not-supplied,2025-04-30
LOW,2025-08-20,time-not-supplied,2025-07-31
LOW,2025-11-19,time-not-supplied,2025-10-31
LOW,2026-02-25,time-not-supplied,2026-01-31
LOW,2026-05-19,before-market-open,2027-03-31
LRCX,2023-01-25,time-not-supplied,2022-12-31
LRCX,2023-04-19,time-not-supplied,2023-03-31
LRCX,2023-07-26,time-not-supplied,2023-06-30
LRCX,2023-10-18,time-not-supplied,2023-09-30
LRCX,2024-01-24,time-not-supplied,2023-12-31
LRCX,2024-04-24,time-not-supplied,2024-03-31
LRCX,2024-07-31,time-not-supplied,2024-06-30
LRCX,2024-10-23,time-not-supplied,2024-09-30
LRCX,2025-01-29,time-not-supplied,2024-12-31
LRCX,2025-04-23,time-not-supplied,2025-03-31
LRCX,2025-07-30,time-not-supplied,2025-06-30
LRCX,2025-10-22,time-not-supplied,2025-09-30
LRCX,2026-01-28,time-after-hours,2025-12-31
LRCX,2026-04-21,after-market-close,2026-09-30
LULU,2023-03-28,time-not-supplied,2023-01-31
LULU,2023-06-01,time-not-supplied,2023-04-30
LULU,2023-08-31,time-not-supplied,2023-07-31
LULU,2023-12-07,time-not-supplied,2023-10-31
LULU,2024-03-21,time-not-supplied,2024-01-31
LULU,2024-06-05,time-not-supplied,2024-04-30
LULU,2024-08-29,time-not-supplied,2024-07-31
LULU,2024-12-05,time-not-supplied,2024-10-31
LULU,2025-03-27,time-not-supplied,2025-01-31
LULU,2025-06-05,time-not-supplied,2025-04-30
LULU,2025-09-04,time-not-supplied,2025-07-31
LULU,2025-12-11,time-not-supplied,2025-10-31
LUV,2023-01-26,time-not-supplied,2022-12-31
LUV,2023-04-27,time-not-supplied,2023-03-31
LUV,2023-07-27,time-not-supplied,2023-06-30
LUV,2023-10-26,time-not-supplied,2023-09-30
LUV,2024-01-25,time-not-supplied,2023-12-31
LUV,2024-04-25,time-not-supplied,2024-03-31
LUV,2024-07-25,time-not-supplied,2024-06-30
LUV,2024-10-24,time-not-supplied,2024-09-30
LUV,2025-01-30,time-not-supplied,2024-12-31
LUV,2025-04-23,time-not-supplied,2025-03-31
LUV,2025-07-23,time-not-supplied,2025-06-30
LUV,2025-10-22,time-not-supplied,2025-09-30
LUV,2026-04-22,time-not-supplied,2026-03-31
LVS,2023-01-25,time-not-supplied,2022-12-31
LVS,2023-04-19,time-not-supplied,2023-03-31
LVS,2023-07-19,time-not-supplied,2023-06-30
LVS,2023-10-18,time-not-supplied,2023-09-30
LVS,2024-01-24,time-not-supplied,2023-12-31
LVS,2024-04-17,time-not-supplied,2024-03-31
LVS,2024-07-24,time-not-supplied,2024-06-30
LVS,2024-10-23,time-not-supplied,2024-09-30
LVS,2025-01-29,time-not-supplied,2024-12-31
LVS,2025-04-23,time-not-supplied,2025-03-31
LVS,2025-07-23,time-not-supplied,2025-06-30
LVS,2025-10-22,time-not-supplied,2025-09-30
LVS,2026-04-21,after-market-close,2026-03-31
LW,2023-01-05,time-not-supplied,2022-11-30
LW,2023-04-06,time-not-supplied,2023-02-28
LW,2023-07-25,time-not-supplied,2023-05-31
LW,2023-10-05,time-not-supplied,2023-08-31
LW,2024-01-04,time-not-supplied,2023-11-30
LW,2024-04-04,time-not-supplied,2024-02-29
LW,2024-07-24,time-not-supplied,2024-05-31
LW,2024-10-01,time-not-supplied,2024-08-31
LW,2024-12-19,time-not-supplied,2024-11-30
LW,2025-04-03,time-not-supplied,2025-02-28
LW,2025-07-23,time-not-supplied,2025-05-31
LW,2025-09-30,time-not-supplied,2025-08-31
LW,2025-12-19,time-not-supplied,2025-11-30
LW,2026-04-01,before-market-open,2026-09-30
LYB,2023-02-03,time-not-supplied,2022-12-31
LYB,2023-04-28,time-not-supplied,2023-03-31
LYB,2023-08-04,time-not-supplied,2023-06-30
LYB,2023-10-27,time-not-supplied,2023-09-30
LYB,2024-02-02,time-not-supplied,2023-12-31
LYB,2024-04-26,time-not-supplied,2024-03-31
LYB,2024-08-02,time-not-supplied,2024-06-30
LYB,2024-11-01,time-not-supplied,2024-09-30
LYB,2025-01-31,time-not-supplied,2024-12-31
LYB,2025-04-25,time-not-supplied,2025-03-31
LYB,2025-08-01,time-not-supplied,2025-06-30
LYB,2025-10-31,time-not-supplied,2025-09-30
LYB,2026-01-30,time-pre-market,2025-12-31
LYB,2026-04-23,before-market-open,2026-03-31
LYV,2023-02-23,time-not-supplied,2022-12-31
LYV,2023-05-04,time-not-supplied,2023-03-31
LYV,2023-07-27,time-not-supplied,2023-06-30
LYV,2023-11-02,time-not-supplied,2023-09-30
LYV,2024-02-22,time-not-supplied,2023-12-31
LYV,2024-05-02,time-not-supplied,2024-03-31
LYV,2024-07-30,time-not-supplied,2024-06-30
LYV,2024-11-11,time-not-supplied,2024-09-30
LYV,2025-02-20,time-not-supplied,2024-12-31
LYV,2025-05-01,time-not-supplied,2025-03-31
LYV,2025-08-07,time-not-supplied,2025-06-30
LYV,2025-11-04,time-not-supplied,2025-09-30
LYV,2026-02-19,time-after-hours,2025-12-31
LYV,2026-04-29,after-market-close,2026-03-31
MA,2023-01-26,time-not-supplied,2022-12-31
MA,2023-04-27,time-not-supplied,2023-03-31
MA,2023-07-27,time-not-supplied,2023-06-30
MA,2023-10-26,time-not-supplied,2023-09-30
MA,2024-01-31,time-not-supplied,2023-12-31
MA,2024-05-01,time-not-supplied,2024-03-31
MA,2024-07-31,time-not-supplied,2024-06-30
MA,2024-10-31,time-not-supplied,2024-09-30
MA,2025-01-30,time-not-supplied,2024-12-31
MA,2025-05-01,time-not-supplied,2025-03-31
MA,2025-07-31,time-not-supplied,2025-06-30
MA,2025-10-30,time-not-supplied,2025-09-30
MA,2026-01-29,time-not-supplied,2025-12-31
MA,2026-04-29,before-market-open,2026-03-31
MAA,2023-02-01,time-not-supplied,2022-12-31
MAA,2023-04-26,time-not-supplied,2023-03-31
MAA,2023-07-26,time-not-supplied,2023-06-30
MAA,2023-10-25,time-not-supplied,2023-09-30
MAA,2024-02-07,time-not-supplied,2023-12-31
MAA,2024-05-01,time-not-supplied,2024-03-31
MAA,2024-07-31,time-not-supplied,2024-06-30
MAA,2024-10-30,time-not-supplied,2024-09-30
MAA,2025-02-05,time-not-supplied,2024-12-31
MAA,2025-04-30,time-not-supplied,2025-03-31
MAA,2025-07-30,time-not-supplied,2025-06-30
MAA,2025-10-29,time-not-supplied,2025-09-30
MAA,2026-02-04,time-after-hours,2025-12-31
MAA,2026-04-28,after-market-close,2026-03-31
MAR,2023-02-14,time-not-supplied,2022-12-31
MAR,2023-05-02,time-not-supplied,2023-03-31
MAR,2023-08-01,time-not-supplied,2023-06-30
MAR,2023-11-02,time-not-supplied,2023-09-30
MAR,2024-02-13,time-not-supplied,2023-12-31
MAR,2024-05-01,time-not-supplied,2024-03-31
MAR,2024-07-31,time-not-supplied,2024-06-30
MAR,2024-11-04,time-not-supplied,2024-09-30
MAR,2025-02-11,time-not-supplied,2024-12-31
MAR,2025-05-06,time-not-supplied,2025-03-31
MAR,2025-08-05,time-not-supplied,2025-06-30
MAR,2025-11-04,time-not-supplied,2025-09-30
MAR,2026-02-10,time-pre-market,2025-12-31
MAR,2026-05-04,before-market-open,2026-03-31
MAS,2023-02-09,time-not-supplied,2022-12-31
MAS,2023-04-26,time-not-supplied,2023-03-31
MAS,2023-07-27,time-not-supplied,2023-06-30
MAS,2023-10-26,time-not-supplied,2023-09-30
MAS,2024-02-08,time-not-supplied,2023-12-31
MAS,2024-04-24,time-not-supplied,2024-03-31
MAS,2024-07-25,time-not-supplied,2024-06-30
MAS,2024-10-29,time-not-supplied,2024-09-30
MAS,2025-02-11,time-not-supplied,2024-12-31
MAS,2025-04-23,time-not-supplied,2025-03-31
MAS,2025-07-31,time-not-supplied,2025-06-30
MAS,2025-10-29,time-not-supplied,2025-09-30
MAS,2026-02-10,time-pre-market,2025-12-31
MAS,2026-04-21,before-market-open,2026-03-31
MCD,2023-01-31,time-not-supplied,2022-12-31
MCD,2023-04-25,time-not-supplied,2023-03-31
MCD,2023-07-27,time-not-supplied,2023-06-30
MCD,2023-10-30,time-not-supplied,2023-09-30
MCD,2024-02-05,time-not-supplied,2023-12-31
MCD,2024-04-30,time-not-supplied,2024-03-31
MCD,2024-07-29,time-not-supplied,2024-06-30
MCD,2024-10-29,time-not-supplied,2024-09-30
MCD,2025-02-10,time-not-supplied,2024-12-31
MCD,2025-05-01,time-not-supplied,2025-03-31
MCD,2025-08-06,time-not-supplied,2025-06-30
MCD,2025-11-05,time-not-supplied,2025-09-30
MCD,2026-02-11,time-pre-market,2025-12-31
MCD,2026-04-29,before-market-open,2026-03-31
MCHP,2023-02-02,time-not-supplied,2022-12-31
MCHP,2023-05-04,time-not-supplied,2023-03-31
MCHP,2023-08-03,time-not-supplied,2023-06-30
MCHP,2023-11-02,time-not-supplied,2023-09-30
MCHP,2024-02-01,time-not-supplied,2023-12-31
MCHP,2024-05-06,time-not-supplied,2024-03-31
MCHP,2024-08-01,time-not-supplied,2024-06-30
MCHP,2024-11-05,time-not-supplied,2024-09-30
MCHP,2025-02-06,time-not-supplied,2024-12-31
MCHP,2025-05-08,time-not-supplied,2025-03-31
MCHP,2025-08-07,time-not-supplied,2025-06-30
MCHP,2025-11-06,time-not-supplied,2025-09-30
MCHP,2026-02-05,time-not-supplied,2025-12-31
MCHP,2026-05-06,after-market-close,2026-12-31
MCK,2023-02-01,time-not-supplied,2022-12-31
MCK,2023-05-08,time-not-supplied,2023-03-31
MCK,2023-08-02,time-not-supplied,2023-06-30
MCK,2023-11-01,time-not-supplied,2023-09-30
MCK,2024-02-07,time-not-supplied,2023-12-31
MCK,2024-05-07,time-not-supplied,2024-03-31
MCK,2024-08-07,time-not-supplied,2024-06-30
MCK,2024-11-06,time-not-supplied,2024-09-30
MCK,2025-02-05,time-not-supplied,2024-12-31
MCK,2025-05-08,time-not-supplied,2025-03-31
MCK,2025-08-06,time-not-supplied,2025-06-30
MCK,2025-11-05,time-not-supplied,2025-09-30
MCK,2026-02-04,time-after-hours,2025-12-31
MCK,2026-05-06,after-market-close,2026-12-31
MCO,2023-01-31,time-not-supplied,2022-12-31
MCO,2023-04-25,time-not-supplied,2023-03-31
MCO,2023-07-25,time-not-supplied,2023-06-30
MCO,2023-10-25,time-not-supplied,2023-09-30
MCO,2024-02-13,time-not-supplied,2023-12-31
MCO,2024-05-02,time-not-supplied,2024-03-31
MCO,2024-07-23,time-not-supplied,2024-06-30
MCO,2024-10-22,time-not-supplied,2024-09-30
MCO,2025-02-13,time-not-supplied,2024-12-31
MCO,2025-04-22,time-not-supplied,2025-03-31
MCO,2025-07-23,time-not-supplied,2025-06-30
MCO,2025-10-22,time-not-supplied,2025-09-30
MCO,2026-02-18,time-pre-market,2025-12-31
MCO,2026-04-20,before-market-open,2026-03-31
MDLZ,2023-01-31,time-not-supplied,2022-12-31
MDLZ,2023-04-27,time-not-supplied,2023-03-31
MDLZ,2023-07-27,time-not-supplied,2023-06-30
MDLZ,2023-11-01,time-not-supplied,2023-09-30
MDLZ,2024-01-30,time-not-supplied,2023-12-31
MDLZ,2024-04-30,time-not-supplied,2024-03-31
MDLZ,2024-07-30,time-not-supplied,2024-06-30
MDLZ,2024-10-29,time-not-supplied,2024-09-30
MDLZ,2025-02-04,time-not-supplied,2024-12-31
MDLZ,2025-04-29,time-not-supplied,2025-03-31
MDLZ,2025-07-29,time-not-supplied,2025-06-30
MDLZ,2025-10-28,time-not-supplied,2025-09-30
MDLZ,2026-02-03,time-not-supplied,2025-12-31
MDLZ,2026-04-27,after-market-close,2026-03-31
MDT,2023-02-21,time-not-supplied,2023-01-31
MDT,2023-05-25,time-not-supplied,2023-04-30
MDT,2023-08-22,time-not-supplied,2023-07-31
MDT,2023-11-21,time-not-supplied,2023-10-31
MDT,2024-02-20,time-not-supplied,2024-01-31
MDT,2024-05-23,time-not-supplied,2024-04-30
MDT,2024-08-20,time-not-supplied,2024-07-31
MDT,2024-11-19,time-not-supplied,2024-10-31
MDT,2025-02-18,time-not-supplied,2025-01-31
MDT,2025-05-21,time-not-supplied,2025-04-30
MDT,2025-08-19,time-not-supplied,2025-07-31
MDT,2025-11-18,time-not-supplied,2025-10-31
MDT,2026-02-17,time-pre-market,2026-01-31
MDT,2026-05-20,after-market-close,2026-12-31
MET,2023-02-01,time-not-supplied,2022-12-31
MET,2023-05-03,time-not-supplied,2023-03-31
MET,2023-08-02,time-not-supplied,2023-06-30
MET,2023-11-01,time-not-supplied,2023-09-30
MET,2024-01-31,time-not-supplied,2023-12-31
MET,2024-05-01,time-not-supplied,2024-03-31
MET,2024-07-31,time-not-supplied,2024-06-30
MET,2024-10-30,time-not-supplied,2024-09-30
MET,2025-02-05,time-not-supplied,2024-12-31
MET,2025-04-30,time-not-supplied,2025-03-31
MET,2025-08-06,time-not-supplied,2025-06-30
MET,2025-11-05,time-not-supplied,2025-09-30
MET,2026-02-04,time-after-hours,2025-12-31
MET,2026-04-28,after-market-close,2026-03-31
META,2023-02-01,time-not-supplied,2022-12-31
META,2023-04-26,time-not-supplied,2023-03-31
META,2023-07-26,time-not-supplied,2023-06-30
META,2023-10-25,time-not-supplied,2023-09-30
META,2024-02-01,time-not-supplied,2023-12-31
META,2024-04-24,time-not-supplied,2024-03-31
META,2024-07-31,time-not-supplied,2024-06-30
META,2024-10-30,time-not-supplied,2024-09-30
META,2025-01-29,time-not-supplied,2024-12-31
META,2025-04-30,time-not-supplied,2025-03-31
META,2025-07-30,time-not-supplied,2025-06-30
META,2025-10-29,time-not-supplied,2025-09-30
META,2026-04-28,after-market-close,2026-03-31
MGM,2023-02-08,time-not-supplied,2022-12-31
MGM,2023-05-01,time-not-supplied,2023-03-31
MGM,2023-08-02,time-not-supplied,2023-06-30
MGM,2023-11-08,time-not-supplied,2023-09-30
MGM,2024-02-13,time-not-supplied,2023-12-31
MGM,2024-05-01,time-not-supplied,2024-03-31
MGM,2024-07-31,time-not-supplied,2024-06-30
MGM,2024-10-30,time-not-supplied,2024-09-30
MGM,2025-02-12,time-not-supplied,2024-12-31
MGM,2025-04-30,time-not-supplied,2025-03-31
MGM,2025-07-30,time-not-supplied,2025-06-30
MGM,2025-10-29,time-not-supplied,2025-09-30
MGM,2026-04-28,after-market-close,2026-03-31
MHK,2023-02-09,time-not-supplied,2022-12-31
MHK,2023-04-27,time-not-supplied,2023-03-31
MHK,2023-07-27,time-not-supplied,2023-06-30
MHK,2023-10-26,time-not-supplied,2023-09-30
MHK,2024-02-08,time-not-supplied,2023-12-31
MHK,2024-04-25,time-not-supplied,2024-03-31
MHK,2024-07-25,time-not-supplied,2024-06-30
MHK,2024-10-24,time-not-supplied,2024-09-30
MHK,2025-02-06,time-not-supplied,2024-12-31
MHK,2025-05-01,time-not-supplied,2025-03-31
MHK,2025-07-24,time-not-supplied,2025-06-30
MHK,2025-10-23,time-after-hours,2025-09-30
MHK,2026-02-05,time-not-supplied,2025-12-31
MHK,2026-02-12,time-pre-market,2025-12-31
MHK,2026-04-29,time-not-supplied,2026-03-31
MKC,2023-01-26,time-not-supplied,2022-11-30
MKC,2023-03-28,time-not-supplied,2023-02-28
MKC,2023-06-29,time-not-supplied,2023-05-31
MKC,2023-10-03,time-not-supplied,2023-08-31
MKC,2024-01-25,time-not-supplied,2023-11-30
MKC,2024-03-26,time-not-supplied,2024-02-29
MKC,2024-06-27,time-not-supplied,2024-05-31
MKC,2024-10-01,time-not-supplied,2024-08-31
MKC,2025-01-23,time-not-supplied,2024-11-30
MKC,2025-03-25,time-not-supplied,2025-02-28
MKC,2025-06-26,time-not-supplied,2025-05-31
MKC,2025-10-07,time-not-supplied,2025-08-31
MKC,2026-01-22,time-not-supplied,2025-11-30
MKC,2026-03-23,before-market-open,2026-03-31
MKTX,2023-01-25,time-not-supplied,2022-12-31
MKTX,2023-04-26,time-not-supplied,2023-03-31
MKTX,2023-07-20,time-not-supplied,2023-06-30
MKTX,2023-10-25,time-not-supplied,2023-09-30
MKTX,2024-01-31,time-not-supplied,2023-12-31
MKTX,2024-05-07,time-not-supplied,2024-03-31
MKTX,2024-08-06,time-not-supplied,2024-06-30
MKTX,2024-11-06,time-not-supplied,2024-09-30
MKTX,2025-02-06,time-not-supplied,2024-12-31
MKTX,2025-05-07,time-not-supplied,2025-03-31
MKTX,2025-08-06,time-not-supplied,2025-06-30
MKTX,2025-11-07,time-not-supplied,2025-09-30
MKTX,2026-02-05,time-not-supplied,2025-12-31
MKTX,2026-05-05,before-market-open,2026-03-31
MLM,2023-02-15,time-not-supplied,2022-12-31
MLM,2023-05-04,time-not-supplied,2023-03-31
MLM,2023-07-27,time-not-supplied,2023-06-30
MLM,2023-11-01,time-not-supplied,2023-09-30
MLM,2024-02-14,time-not-supplied,2023-12-31
MLM,2024-04-30,time-not-supplied,2024-03-31
MLM,2024-08-08,time-not-supplied,2024-06-30
MLM,2024-10-30,time-not-supplied,2024-09-30
MLM,2025-02-12,time-not-supplied,2024-12-31
MLM,2025-04-30,time-not-supplied,2025-03-31
MLM,2025-08-07,time-not-supplied,2025-06-30
MLM,2025-11-04,time-not-supplied,2025-09-30
MLM,2026-02-11,time-pre-market,2025-12-31
MLM,2026-04-28,time-not-supplied,2026-03-31
MMC,2023-01-26,time-not-supplied,2022-12-31
MMC,2023-04-20,time-not-supplied,2023-03-31
MMC,2023-07-20,time-not-supplied,2023-06-30
MMC,2023-10-19,time-not-supplied,2023-09-30
MMC,2024-01-25,time-not-supplied,2023-12-31
MMC,2024-04-18,time-not-supplied,2024-03-31
MMC,2024-07-18,time-not-supplied,2024-06-30
MMC,2024-10-17,time-not-supplied,2024-09-30
MMC,2025-01-30,time-not-supplied,2024-12-31
MMC,2025-04-17,time-not-supplied,2025-03-31
MMC,2025-07-17,time-not-supplied,2025-06-30
MMC,2025-10-16,time-not-supplied,2025-09-30
MMM,2023-01-24,time-not-supplied,2022-12-31
MMM,2023-04-25,time-not-supplied,2023-03-31
MMM,2023-07-25,time-not-supplied,2023-06-30
MMM,2023-10-24,time-not-supplied,2023-09-30
MMM,2024-01-23,time-not-supplied,2023-12-31
MMM,2024-04-30,time-not-supplied,2024-03-31
MMM,2024-07-26,time-not-supplied,2024-06-30
MMM,2024-10-22,time-not-supplied,2024-09-30
MMM,2025-01-21,time-not-supplied,2024-12-31
MMM,2025-04-22,time-not-supplied,2025-03-31
MMM,2025-07-18,time-not-supplied,2025-06-30
MMM,2025-10-21,time-not-supplied,2025-09-30
MMM,2026-01-20,time-pre-market,2025-12-31
MMM,2026-04-20,time-not-supplied,2026-03-31
MNST,2023-02-28,time-not-supplied,2022-12-31
MNST,2023-05-04,time-not-supplied,2023-03-31
MNST,2023-08-03,time-not-supplied,2023-06-30
MNST,2023-11-02,time-not-supplied,2023-09-30
MNST,2024-02-28,time-not-supplied,2023-12-31
MNST,2024-05-02,time-not-supplied,2024-03-31
MNST,2024-08-07,time-not-supplied,2024-06-30
MNST,2024-11-07,time-not-supplied,2024-09-30
MNST,2025-02-27,time-not-supplied,2024-12-31
MNST,2025-05-08,time-not-supplied,2025-03-31
MNST,2025-08-07,time-not-supplied,2025-06-30
MNST,2025-11-06,time-not-supplied,2025-09-30
MNST,2026-02-26,time-not-supplied,2025-12-31
MNST,2026-05-06,after-market-close,2026-03-31
MO,2023-02-01,time-not-supplied,2022-12-31
MO,2023-04-27,time-not-supplied,2023-03-31
MO,2023-08-01,time-not-supplied,2023-06-30
MO,2023-10-26,time-not-supplied,2023-09-30
MO,2024-02-01,time-not-supplied,2023-12-31
MO,2024-04-25,time-not-supplied,2024-03-31
MO,2024-07-31,time-not-supplied,2024-06-30
MO,2024-10-31,time-not-supplied,2024-09-30
MO,2025-01-30,time-not-supplied,2024-12-31
MO,2025-04-29,time-not-supplied,2025-03-31
MO,2025-07-30,time-not-supplied,2025-06-30
MO,2025-10-30,time-not-supplied,2025-09-30
MO,2026-01-29,time-not-supplied,2025-12-31
MO,2026-04-30,before-market-open,2026-03-31
MOH,2023-02-08,time-not-supplied,2022-12-31
MOH,2023-04-26,time-not-supplied,2023-03-31
MOH,2023-07-26,time-not-supplied,2023-06-30
MOH,2023-10-25,time-not-supplied,2023-09-30
MOH,2024-02-07,time-not-supplied,2023-12-31
MOH,2024-04-24,time-not-supplied,2024-03-31
MOH,2024-07-24,time-not-supplied,2024-06-30
MOH,2024-10-23,time-not-supplied,2024-09-30
MOH,2025-02-05,time-not-supplied,2024-12-31
MOH,2025-04-23,time-not-supplied,2025-03-31
MOH,2025-07-23,time-not-supplied,2025-06-30
MOH,2025-10-22,time-not-supplied,2025-09-30
MOH,2026-02-05,time-after-hours,2025-12-31
MOH,2026-04-21,after-market-close,2026-03-31
MOS,2023-02-22,time-not-supplied,2022-12-31
MOS,2023-05-03,time-not-supplied,2023-03-31
MOS,2023-08-01,time-not-supplied,2023-06-30
MOS,2023-11-07,time-not-supplied,2023-09-30
MOS,2024-02-21,time-not-supplied,2023-12-31
MOS,2024-05-01,time-not-supplied,2024-03-31
MOS,2024-08-06,time-not-supplied,2024-06-30
MOS,2024-11-12,time-not-supplied,2024-09-30
MOS,2025-02-27,time-not-supplied,2024-12-31
MOS,2025-05-06,time-not-supplied,2025-03-31
MOS,2025-08-05,time-not-supplied,2025-06-30
MOS,2025-11-04,time-not-supplied,2025-09-30
MOS,2026-02-24,time-not-supplied,2025-12-31
MOS,2026-05-04,after-market-close,2026-03-31
MPC,2023-01-31,time-not-supplied,2022-12-31
MPC,2023-05-02,time-not-supplied,2023-03-31
MPC,2023-08-01,time-not-supplied,2023-06-30
MPC,2023-10-31,time-not-supplied,2023-09-30
MPC,2024-01-30,time-not-supplied,2023-12-31
MPC,2024-04-30,time-not-supplied,2024-03-31
MPC,2024-08-06,time-not-supplied,2024-06-30
MPC,2024-11-05,time-not-supplied,2024-09-30
MPC,2025-02-04,time-not-supplied,2024-12-31
MPC,2025-05-06,time-not-supplied,2025-03-31
MPC,2025-08-05,time-not-supplied,2025-06-30
MPC,2025-11-04,time-not-supplied,2025-09-30
MPC,2026-02-03,time-not-supplied,2025-12-31
MPC,2026-05-04,before-market-open,2026-03-31
MPWR,2023-02-08,time-not-supplied,2022-12-31
MPWR,2023-05-04,time-not-supplied,2023-03-31
MPWR,2023-07-31,time-not-supplied,2023-06-30
MPWR,2023-10-30,time-not-supplied,2023-09-30
MPWR,2024-02-07,time-not-supplied,2023-12-31
MPWR,2024-05-01,time-not-supplied,2024-03-31
MPWR,2024-08-01,time-not-supplied,2024-06-30
MPWR,2024-10-30,time-not-supplied,2024-09-30
MPWR,2025-02-06,time-not-supplied,2024-12-31
MPWR,2025-05-01,time-not-supplied,2025-03-31
MPWR,2025-07-31,time-not-supplied,2025-06-30
MPWR,2025-10-30,time-not-supplied,2025-09-30
MPWR,2026-02-05,time-not-supplied,2025-12-31
MPWR,2026-04-29,after-market-close,2026-03-31
MRK,2023-02-02,time-not-supplied,2022-12-31
MRK,2023-04-27,time-not-supplied,2023-03-31
MRK,2023-08-01,time-not-supplied,2023-06-30
MRK,2023-10-26,time-not-supplied,2023-09-30
MRK,2024-02-01,time-not-supplied,2023-12-31
MRK,2024-04-25,time-not-supplied,2024-03-31
MRK,2024-07-30,time-not-supplied,2024-06-30
MRK,2024-10-31,time-not-supplied,2024-09-30
MRK,2025-02-04,time-not-supplied,2024-12-31
MRK,2025-04-24,time-not-supplied,2025-03-31
MRK,2025-07-29,time-not-supplied,2025-06-30
MRK,2025-10-30,time-not-supplied,2025-09-30
MRK,2026-02-03,time-not-supplied,2025-12-31
MRK,2026-04-30,time-not-supplied,2026-03-31
MRNA,2023-02-23,time-not-supplied,2022-12-31
MRNA,2023-05-04,time-not-supplied,2023-03-31
MRNA,2023-08-03,time-not-supplied,2023-06-30
MRNA,2023-11-02,time-not-supplied,2023-09-30
MRNA,2024-02-22,time-not-supplied,2023-12-31
MRNA,2024-05-02,time-not-supplied,2024-03-31
MRNA,2024-08-01,time-not-supplied,2024-06-30
MRNA,2024-11-07,time-not-supplied,2024-09-30
MRNA,2025-02-14,time-not-supplied,2024-12-31
MRNA,2025-05-01,time-not-supplied,2025-03-31
MRNA,2025-08-01,time-not-supplied,2025-06-30
MRNA,2025-11-06,time-not-supplied,2025-09-30
MRNA,2026-02-13,time-not-supplied,2025-12-31
MRNA,2026-04-29,before-market-open,2026-03-31
MS,2023-01-17,time-not-supplied,2022-12-31
MS,2023-04-19,time-not-supplied,2023-03-31
MS,2023-07-18,time-not-supplied,2023-06-30
MS,2023-10-18,time-not-supplied,2023-09-30
MS,2024-01-16,time-not-supplied,2023-12-31
MS,2024-04-16,time-not-supplied,2024-03-31
MS,2024-07-16,time-not-supplied,2024-06-30
MS,2024-10-16,time-not-supplied,2024-09-30
MS,2025-01-16,time-not-supplied,2024-12-31
MS,2025-04-11,time-not-supplied,2025-03-31
MS,2025-07-16,time-not-supplied,2025-06-30
MS,2025-10-15,time-not-supplied,2025-09-30
MS,2026-01-15,time-not-supplied,2025-12-31
MS,2026-04-15,before-market-open,2026-03-31
MSCI,2023-01-31,time-not-supplied,2022-12-31
MSCI,2023-04-25,time-not-supplied,2023-03-31
MSCI,2023-07-25,time-not-supplied,2023-06-30
MSCI,2023-10-31,time-not-supplied,2023-09-30
MSCI,2024-01-30,time-not-supplied,2023-12-31
MSCI,2024-04-23,time-not-supplied,2024-03-31
MSCI,2024-07-23,time-not-supplied,2024-06-30
MSCI,2024-10-29,time-not-supplied,2024-09-30
MSCI,2025-01-29,time-not-supplied,2024-12-31
MSCI,2025-04-22,time-not-supplied,2025-03-31
MSCI,2025-07-22,time-not-supplied,2025-06-30
MSCI,2025-10-28,time-not-supplied,2025-09-30
MSCI,2026-01-28,time-pre-market,2025-12-31
MSCI,2026-04-20,before-market-open,2026-03-31
MSFT,2023-01-24,time-not-supplied,2022-12-31
MSFT,2023-04-25,time-not-supplied,2023-03-31
MSFT,2023-07-25,time-not-supplied,2023-06-30
MSFT,2023-10-24,time-not-supplied,2023-09-30
MSFT,2024-01-30,time-not-supplied,2023-12-31
MSFT,2024-04-25,time-not-supplied,2024-03-31
MSFT,2024-07-30,time-not-supplied,2024-06-30
MSFT,2024-10-30,time-not-supplied,2024-09-30
MSFT,2025-01-29,time-not-supplied,2024-12-31
MSFT,2025-04-30,time-not-supplied,2025-03-31
MSFT,2025-07-30,time-not-supplied,2025-06-30
MSFT,2025-10-29,time-not-supplied,2025-09-30
MSFT,2026-01-28,time-after-hours,2025-12-31
MSFT,2026-04-28,after-market-close,2026-09-30
MSI,2023-02-09,time-not-supplied,2022-12-31
MSI,2023-05-04,time-not-supplied,2023-03-31
MSI,2023-08-03,time-not-supplied,2023-06-30
MSI,2023-11-02,time-not-supplied,2023-09-30
MSI,2024-02-08,time-not-supplied,2023-12-31
MSI,2024-05-02,time-not-supplied,2024-03-31
MSI,2024-08-01,time-not-supplied,2024-06-30
MSI,2024-11-07,time-not-supplied,2024-09-30
MSI,2025-02-13,time-not-supplied,2024-12-31
MSI,2025-05-01,time-not-supplied,2025-03-31
MSI,2025-08-07,time-not-supplied,2025-06-30
MSI,2025-10-30,time-not-supplied,2025-09-30
MSI,2026-02-11,time-after-hours,2025-12-31
MSI,2026-04-29,time-not-supplied,2026-03-31
MTB,2023-01-19,time-not-supplied,2022-12-31
MTB,2023-04-17,time-not-supplied,2023-03-31
MTB,2023-07-19,time-not-supplied,2023-06-30
MTB,2023-10-18,time-not-supplied,2023-09-30
MTB,2024-01-18,time-not-supplied,2023-12-31
MTB,2024-04-15,time-not-supplied,2024-03-31
MTB,2024-07-18,time-not-supplied,2024-06-30
MTB,2024-10-17,time-not-supplied,2024-09-30
MTB,2025-01-16,time-not-supplied,2024-12-31
MTB,2025-04-14,time-not-supplied,2025-03-31
MTB,2025-07-16,time-not-supplied,2025-06-30
MTB,2025-10-16,time-not-supplied,2025-09-30
MTB,2026-01-16,time-not-supplied,2025-12-31
MTB,2026-04-15,time-not-supplied,2026-03-31
MTCH,2023-01-31,time-not-supplied,2022-12-31
MTCH,2023-05-02,time-not-supplied,2023-03-31
MTCH,2023-08-01,time-not-supplied,2023-06-30
MTCH,2023-10-31,time-not-supplied,2023-09-30
MTCH,2024-01-30,time-not-supplied,2023-12-31
MTCH,2024-05-07,time-not-supplied,2024-03-31
MTCH,2024-07-30,time-not-supplied,2024-06-30
MTCH,2024-11-06,time-not-supplied,2024-09-30
MTCH,2025-02-04,time-not-supplied,2024-12-31
MTCH,2025-05-08,time-not-supplied,2025-03-31
MTCH,2025-08-05,time-not-supplied,2025-06-30
MTCH,2025-11-04,time-not-supplied,2025-09-30
MTCH,2026-02-03,time-not-supplied,2025-12-31
MTCH,2026-05-06,after-market-close,2026-03-31
MTD,2023-02-09,time-not-supplied,2022-12-31
MTD,2023-05-04,time-not-supplied,2023-03-31
MTD,2023-07-27,time-not-supplied,2023-06-30
MTD,2023-11-09,time-not-supplied,2023-09-30
MTD,2024-02-08,time-not-supplied,2023-12-31
MTD,2024-05-09,time-not-supplied,2024-03-31
MTD,2024-08-01,time-not-supplied,2024-06-30
MTD,2024-11-07,time-not-supplied,2024-09-30
MTD,2025-02-06,time-not-supplied,2024-12-31
MTD,2025-05-01,time-not-supplied,2025-03-31
MTD,2025-07-31,time-not-supplied,2025-06-30
MTD,2025-11-06,time-not-supplied,2025-09-30
MTD,2026-02-05,time-not-supplied,2025-12-31
MTD,2026-04-29,after-market-close,2026-03-31
MU,2023-03-28,time-not-supplied,2023-02-28
MU,2023-06-28,time-not-supplied,2023-05-31
MU,2023-09-27,time-not-supplied,2023-08-31
MU,2023-12-20,time-not-supplied,2023-11-30
MU,2024-03-20,time-not-supplied,2024-02-29
MU,2024-06-26,time-not-supplied,2024-05-31
MU,2024-09-25,time-not-supplied,2024-08-31
MU,2024-12-18,time-not-supplied,2024-11-30
MU,2025-03-20,time-not-supplied,2025-02-28
MU,2025-06-25,time-not-supplied,2025-05-31
MU,2025-09-23,time-not-supplied,2025-08-31
MU,2025-12-17,time-not-supplied,2025-11-30
MU,2026-03-18,after-market-close,2026-06-30
NCLH,2023-02-28,time-not-supplied,2022-12-31
NCLH,2023-05-01,time-not-supplied,2023-03-31
NCLH,2023-08-01,time-not-supplied,2023-06-30
NCLH,2023-11-01,time-not-supplied,2023-09-30
NCLH,2024-02-27,time-not-supplied,2023-12-31
NCLH,2024-05-01,time-not-supplied,2024-03-31
NCLH,2024-07-31,time-not-supplied,2024-06-30
NCLH,2024-10-31,time-not-supplied,2024-09-30
NCLH,2025-02-27,time-not-supplied,2024-12-31
NCLH,2025-04-30,time-not-supplied,2025-03-31
NCLH,2025-07-31,time-not-supplied,2025-06-30
NCLH,2025-11-04,time-not-supplied,2025-09-30
NCLH,2026-03-02,before-market-open,2025-12-31
NCLH,2026-04-28,before-market-open,2026-03-31
NDAQ,2023-01-25,time-not-supplied,2022-12-31
NDAQ,2023-04-19,time-not-supplied,2023-03-31
NDAQ,2023-07-19,time-not-supplied,2023-06-30
NDAQ,2023-10-18,time-not-supplied,2023-09-30
NDAQ,2024-01-31,time-not-supplied,2023-12-31
NDAQ,2024-04-25,time-not-supplied,2024-03-31
NDAQ,2024-07-25,time-not-supplied,2024-06-30
NDAQ,2024-10-24,time-not-supplied,2024-09-30
NDAQ,2025-01-29,time-not-supplied,2024-12-31
NDAQ,2025-04-24,time-not-supplied,2025-03-31
NDAQ,2025-07-24,time-not-supplied,2025-06-30
NDAQ,2025-10-21,time-not-supplied,2025-09-30
NDAQ,2026-01-29,time-not-supplied,2025-12-31
NDAQ,2026-04-22,time-not-supplied,2026-03-31
NDSN,2023-02-20,time-not-supplied,2023-01-31
NDSN,2023-05-22,time-not-supplied,2023-04-30
NDSN,2023-08-21,time-not-supplied,2023-07-31
NDSN,2023-12-13,time-not-supplied,2023-10-31
NDSN,2024-02-21,time-not-supplied,2024-01-31
NDSN,2024-05-20,time-not-supplied,2024-04-30
NDSN,2024-08-21,time-not-supplied,2024-07-31
NDSN,2024-12-11,time-not-supplied,2024-10-31
NDSN,2025-02-19,time-not-supplied,2025-01-31
NDSN,2025-05-28,time-not-supplied,2025-04-30
NDSN,2025-08-20,time-not-supplied,2025-07-31
NDSN,2025-12-10,time-not-supplied,2025-10-31
NDSN,2026-02-18,time-after-hours,2026-01-31
NDSN,2026-05-26,after-market-close,2026-06-30
NEE,2023-01-25,time-not-supplied,2022-12-31
NEE,2023-04-25,time-not-supplied,2023-03-31
NEE,2023-07-25,time-not-supplied,2023-06-30
NEE,2023-10-24,time-not-supplied,2023-09-30
NEE,2024-01-25,time-not-supplied,2023-12-31
NEE,2024-04-23,time-not-supplied,2024-03-31
NEE,2024-07-24,time-not-supplied,2024-06-30
NEE,2024-10-23,time-not-supplied,2024-09-30
NEE,2025-01-24,time-not-supplied,2024-12-31
NEE,2025-04-23,time-not-supplied,2025-03-31
NEE,2025-07-23,time-not-supplied,2025-06-30
NEE,2025-10-28,time-not-supplied,2025-09-30
NEE,2026-01-27,time-not-supplied,2025-12-31
NEE,2026-04-21,before-market-open,2026-03-31
NEM,2023-02-23,time-not-supplied,2022-12-31
NEM,2023-04-27,time-not-supplied,2023-03-31
NEM,2023-07-20,time-not-supplied,2023-06-30
NEM,2023-10-26,time-not-supplied,2023-09-30
NEM,2024-02-22,time-not-supplied,2023-12-31
NEM,2024-04-25,time-not-supplied,2024-03-31
NEM,2024-07-24,time-not-supplied,2024-06-30
NEM,2024-10-23,time-not-supplied,2024-09-30
NEM,2025-02-20,time-not-supplied,2024-12-31
NEM,2025-04-23,time-not-supplied,2025-03-31
NEM,2025-07-24,time-not-supplied,2025-06-30
NEM,2025-10-23,time-after-hours,2025-09-30
NEM,2026-02-19,time-after-hours,2025-12-31
NEM,2026-04-21,before-market-open,2026-03-31
NFLX,2023-01-19,time-not-supplied,2022-12-31
NFLX,2023-04-18,time-not-supplied,2023-03-31
NFLX,2023-07-19,time-not-supplied,2023-06-30
NFLX,2023-10-18,time-not-supplied,2023-09-30
NFLX,2024-01-23,time-not-supplied,2023-12-31
NFLX,2024-04-18,time-not-supplied,2024-03-31
NFLX,2024-07-18,time-not-supplied,2024-06-30
NFLX,2024-10-17,time-not-supplied,2024-09-30
NFLX,2025-01-21,time-not-supplied,2024-12-31
NFLX,2025-04-17,time-not-supplied,2025-03-31
NFLX,2025-07-17,time-not-supplied,2025-06-30
NFLX,2025-10-21,time-not-supplied,2025-09-30
NFLX,2026-01-20,time-after-hours,2025-12-31
NFLX,2026-04-15,after-market-close,2026-03-31
NI,2023-02-22,time-not-supplied,2022-12-31
NI,2023-05-03,time-not-supplied,2023-03-31
NI,2023-08-02,time-not-supplied,2023-06-30
NI,2023-11-01,time-not-supplied,2023-09-30
NI,2024-02-21,time-not-supplied,2023-12-31
NI,2024-05-08,time-not-supplied,2024-03-31
NI,2024-08-07,time-not-supplied,2024-06-30
NI,2024-10-30,time-not-supplied,2024-09-30
NI,2025-02-12,time-not-supplied,2024-12-31
NI,2025-05-07,time-not-supplied,2025-03-31
NI,2025-08-06,time-not-supplied,2025-06-30
NI,2025-10-29,time-not-supplied,2025-09-30
NI,2026-02-11,time-pre-market,2025-12-31
NI,2026-05-05,before-market-open,2026-03-31
NKE,2023-03-21,time-not-supplied,2023-02-28
NKE,2023-06-29,time-not-supplied,2023-05-31
NKE,2023-09-28,time-not-supplied,2023-08-31
NKE,2023-12-21,time-not-supplied,2023-11-30
NKE,2024-03-21,time-not-supplied,2024-02-29
NKE,2024-06-27,time-not-supplied,2024-05-31
NKE,2024-10-01,time-not-supplied,2024-08-31
NKE,2024-12-19,time-not-supplied,2024-11-30
NKE,2025-03-20,time-not-supplied,2025-02-28
NKE,2025-06-26,time-not-supplied,2025-05-31
NKE,2025-09-30,time-not-supplied,2025-08-31
NKE,2025-12-18,time-not-supplied,2025-11-30
NKE,2026-03-18,after-market-close,2026-09-30
NOC,2023-01-26,time-not-supplied,2022-12-31
NOC,2023-04-27,time-not-supplied,2023-03-31
NOC,2023-07-27,time-not-supplied,2023-06-30
NOC,2023-10-26,time-not-supplied,2023-09-30
NOC,2024-01-25,time-not-supplied,2023-12-31
NOC,2024-04-25,time-not-supplied,2024-03-31
NOC,2024-07-25,time-not-supplied,2024-06-30
NOC,2024-10-24,time-not-supplied,2024-09-30
NOC,2025-01-30,time-not-supplied,2024-12-31
NOC,2025-04-22,time-not-supplied,2025-03-31
NOC,2025-07-22,time-not-supplied,2025-06-30
NOC,2025-10-21,time-not-supplied,2025-09-30
NOC,2026-01-27,time-not-supplied,2025-12-31
NOC,2026-04-20,before-market-open,2026-03-31
NOW,2023-01-25,time-not-supplied,2022-12-31
NOW,2023-04-26,time-not-supplied,2023-03-31
NOW,2023-07-26,time-not-supplied,2023-06-30
NOW,2023-10-25,time-not-supplied,2023-09-30
NOW,2024-01-24,time-not-supplied,2023-12-31
NOW,2024-04-24,time-not-supplied,2024-03-31
NOW,2024-07-24,time-not-supplied,2024-06-30
NOW,2024-10-23,time-not-supplied,2024-09-30
NOW,2025-01-29,time-not-supplied,2024-12-31
NOW,2025-04-23,time-not-supplied,2025-03-31
NOW,2025-07-23,time-not-supplied,2025-06-30
NOW,2025-10-29,time-not-supplied,2025-09-30
NOW,2026-01-28,time-after-hours,2025-12-31
NOW,2026-04-21,after-market-close,2026-03-31
NRG,2023-02-16,time-not-supplied,2022-12-31
NRG,2023-05-04,time-not-supplied,2023-03-31
NRG,2023-08-08,time-not-supplied,2023-06-30
NRG,2023-11-02,time-not-supplied,2023-09-30
NRG,2024-02-28,time-not-supplied,2023-12-31
NRG,2024-05-07,time-not-supplied,2024-03-31
NRG,2024-08-08,time-not-supplied,2024-06-30
NRG,2024-11-08,time-not-supplied,2024-09-30
NRG,2025-02-26,time-not-supplied,2024-12-31
NRG,2025-05-12,time-not-supplied,2025-03-31
NRG,2025-08-06,time-not-supplied,2025-06-30
NRG,2025-11-06,time-not-supplied,2025-09-30
NRG,2026-02-24,time-not-supplied,2025-12-31
NRG,2026-05-11,time-not-supplied,2026-03-31
NSC,2023-01-25,time-not-supplied,2022-12-31
NSC,2023-04-26,time-not-supplied,2023-03-31
NSC,2023-07-27,time-not-supplied,2023-06-30
NSC,2023-10-25,time-not-supplied,2023-09-30
NSC,2024-01-26,time-not-supplied,2023-12-31
NSC,2024-04-24,time-not-supplied,2024-03-31
NSC,2024-07-25,time-not-supplied,2024-06-30
NSC,2024-10-22,time-not-supplied,2024-09-30
NSC,2025-01-29,time-not-supplied,2024-12-31
NSC,2025-04-23,time-not-supplied,2025-03-31
NSC,2025-07-29,time-not-supplied,2025-06-30
NSC,2025-10-23,time-after-hours,2025-09-30
NSC,2026-01-29,time-not-supplied,2025-12-31
NSC,2026-04-21,before-market-open,2026-03-31
NTAP,2023-02-22,time-not-supplied,2023-01-31
NTAP,2023-05-31,time-not-supplied,2023-04-30
NTAP,2023-08-23,time-not-supplied,2023-07-31
NTAP,2023-11-28,time-not-supplied,2023-10-31
NTAP,2024-02-29,time-not-supplied,2024-01-31
NTAP,2024-05-30,time-not-supplied,2024-04-30
NTAP,2024-08-28,time-not-supplied,2024-07-31
NTAP,2024-11-21,time-not-supplied,2024-10-31
NTAP,2025-02-27,time-not-supplied,2025-01-31
NTAP,2025-05-29,time-not-supplied,2025-04-30
NTAP,2025-08-27,time-not-supplied,2025-07-31
NTAP,2025-11-25,time-not-supplied,2025-10-31
NTAP,2026-02-26,time-not-supplied,2026-01-31
NTAP,2026-05-28,after-market-close,2026-12-31
NTRS,2023-01-19,time-not-supplied,2022-12-31
NTRS,2023-04-25,time-not-supplied,2023-03-31
NTRS,2023-07-19,time-not-supplied,2023-06-30
NTRS,2023-10-18,time-not-supplied,2023-09-30
NTRS,2024-01-18,time-not-supplied,2023-12-31
NTRS,2024-04-16,time-not-supplied,2024-03-31
NTRS,2024-07-17,time-not-supplied,2024-06-30
NTRS,2024-10-23,time-not-supplied,2024-09-30
NTRS,2025-01-23,time-not-supplied,2024-12-31
NTRS,2025-04-22,time-not-supplied,2025-03-31
NTRS,2025-07-23,time-not-supplied,2025-06-30
NTRS,2025-10-22,time-not-supplied,2025-09-30
NTRS,2026-01-22,time-not-supplied,2025-12-31
NTRS,2026-04-21,before-market-open,2026-03-31
NUE,2023-01-26,time-not-supplied,2022-12-31
NUE,2023-04-20,time-not-supplied,2023-03-31
NUE,2023-07-24,time-not-supplied,2023-06-30
NUE,2023-10-23,time-not-supplied,2023-09-30
NUE,2024-01-29,time-not-supplied,2023-12-31
NUE,2024-04-22,time-not-supplied,2024-03-31
NUE,2024-07-22,time-not-supplied,2024-06-30
NUE,2024-10-21,time-not-supplied,2024-09-30
NUE,2025-01-27,time-not-supplied,2024-12-31
NUE,2025-04-28,time-not-supplied,2025-03-31
NUE,2025-07-28,time-not-supplied,2025-06-30
NUE,2025-10-27,time-not-supplied,2025-09-30
NUE,2026-01-26,time-not-supplied,2025-12-31
NUE,2026-04-27,after-market-close,2026-03-31
NVDA,2023-02-22,time-not-supplied,2023-01-31
NVDA,2023-05-24,time-not-supplied,2023-04-30
NVDA,2023-08-23,time-not-supplied,2023-07-31
NVDA,2023-11-21,time-not-supplied,2023-10-31
NVDA,2024-02-21,time-not-supplied,2024-01-31
NVDA,2024-05-22,time-not-supplied,2024-04-30
NVDA,2024-08-28,time-not-supplied,2024-07-31
NVDA,2024-11-20,time-not-supplied,2024-10-31
NVDA,2025-02-26,time-not-supplied,2025-01-31
NVDA,2025-05-28,time-not-supplied,2025-04-30
NVDA,2025-08-27,time-not-supplied,2025-07-31
NVDA,2025-11-19,time-not-supplied,2025-10-31
NVDA,2026-02-25,time-not-supplied,2026-01-31
NVDA,2026-05-26,after-market-close,2027-03-31
NVR,2023-01-31,time-not-supplied,2022-12-31
NVR,2023-04-25,time-not-supplied,2023-03-31
NVR,2023-07-25,time-not-supplied,2023-06-30
NVR,2023-10-24,time-not-supplied,2023-09-30
NVR,2024-01-30,time-not-supplied,2023-12-31
NVR,2024-04-23,time-not-supplied,2024-03-31
NVR,2024-07-23,time-not-supplied,2024-06-30
NVR,2024-10-22,time-not-supplied,2024-09-30
NVR,2025-01-28,time-not-supplied,2024-12-31
NVR,2025-04-22,time-not-supplied,2025-03-31
NVR,2025-07-23,time-not-supplied,2025-06-30
NVR,2025-10-22,time-not-supplied,2025-09-30
NVR,2026-04-20,before-market-open,2026-03-31
NWS,2023-02-09,time-not-supplied,2022-12-31
NWS,2023-05-11,time-not-supplied,2023-03-31
NWS,2023-08-10,time-not-supplied,2023-06-30
NWS,2023-11-09,time-not-supplied,2023-09-30
NWS,2024-02-07,time-not-supplied,2023-12-31
NWS,2024-05-08,time-not-supplied,2024-03-31
NWS,2024-08-08,time-not-supplied,2024-06-30
NWS,2024-11-07,time-not-supplied,2024-09-30
NWS,2025-02-05,time-not-supplied,2024-12-31
NWS,2025-05-08,time-not-supplied,2025-03-31
NWS,2025-08-05,time-not-supplied,2025-06-30
NWS,2025-11-06,time-not-supplied,2025-09-30
NWSA,2023-02-09,time-not-supplied,2022-12-31
NWSA,2023-05-11,time-not-supplied,2023-03-31
NWSA,2023-08-10,time-not-supplied,2023-06-30
NWSA,2023-11-09,time-not-supplied,2023-09-30
NWSA,2024-02-07,time-not-supplied,2023-12-31
NWSA,2024-05-08,time-not-supplied,2024-03-31
NWSA,2024-08-08,time-not-supplied,2024-06-30
NWSA,2024-11-07,time-not-supplied,2024-09-30
NWSA,2025-02-05,time-not-supplied,2024-12-31
NWSA,2025-05-08,time-not-supplied,2025-03-31
NWSA,2025-08-05,time-not-supplied,2025-06-30
NWSA,2025-11-06,time-not-supplied,2025-09-30
NWSA,2026-05-06,after-market-close,2026-09-30
NXPI,2023-01-30,time-not-supplied,2022-12-31
NXPI,2023-05-01,time-not-supplied,2023-03-31
NXPI,2023-07-24,time-not-supplied,2023-06-30
NXPI,2023-11-06,time-not-supplied,2023-09-30
NXPI,2024-02-05,time-not-supplied,2023-12-31
NXPI,2024-04-29,time-not-supplied,2024-03-31
NXPI,2024-07-22,time-not-supplied,2024-06-30
NXPI,2024-11-04,time-not-supplied,2024-09-30
NXPI,2025-02-03,time-not-supplied,2024-12-31
NXPI,2025-04-28,time-not-supplied,2025-03-31
NXPI,2025-07-21,time-not-supplied,2025-06-30
NXPI,2025-10-27,time-not-supplied,2025-09-30
NXPI,2026-02-02,time-after-hours,2025-12-31
NXPI,2026-04-28,after-market-close,2026-03-31
O,2023-02-21,time-not-supplied,2022-12-31
O,2023-05-03,time-not-supplied,2023-03-31
O,2023-08-02,time-not-supplied,2023-06-30
O,2023-11-06,time-not-supplied,2023-09-30
O,2024-02-20,time-not-supplied,2023-12-31
O,2024-05-06,time-not-supplied,2024-03-31
O,2024-08-05,time-not-supplied,2024-06-30
O,2024-11-04,time-not-supplied,2024-09-30
O,2025-02-24,time-not-supplied,2024-12-31
O,2025-05-05,time-not-supplied,2025-03-31
O,2025-08-06,time-not-supplied,2025-06-30
O,2025-11-03,time-not-supplied,2025-09-30
O,2026-02-24,time-not-supplied,2025-12-31
O,2026-05-04,after-market-close,2026-03-31
ODFL,2023-02-01,time-not-supplied,2022-12-31
ODFL,2023-04-26,time-not-supplied,2023-03-31
ODFL,2023-07-26,time-not-supplied,2023-06-30
ODFL,2023-10-25,time-not-supplied,2023-09-30
ODFL,2024-01-31,time-not-supplied,2023-12-31
ODFL,2024-04-24,time-not-supplied,2024-03-31
ODFL,2024-07-24,time-not-supplied,2024-06-30
ODFL,2024-10-23,time-not-supplied,2024-09-30
ODFL,2025-02-05,time-not-supplied,2024-12-31
ODFL,2025-04-23,time-not-supplied,2025-03-31
ODFL,2025-07-30,time-not-supplied,2025-06-30
ODFL,2025-10-29,time-not-supplied,2025-09-30
ODFL,2026-02-04,time-pre-market,2025-12-31
ODFL,2026-04-21,time-not-supplied,2026-03-31
OKE,2023-02-27,time-not-supplied,2022-12-31
OKE,2023-05-02,time-not-supplied,2023-03-31
OKE,2023-08-07,time-not-supplied,2023-06-30
OKE,2023-10-31,time-not-supplied,2023-09-30
OKE,2024-02-26,time-not-supplied,2023-12-31
OKE,2024-04-30,time-not-supplied,2024-03-31
OKE,2024-08-05,time-not-supplied,2024-06-30
OKE,2024-10-29,time-not-supplied,2024-09-30
OKE,2025-02-24,time-not-supplied,2024-12-31
OKE,2025-04-29,time-not-supplied,2025-03-31
OKE,2025-08-04,time-not-supplied,2025-06-30
OKE,2025-10-28,time-not-supplied,2025-09-30
OKE,2026-02-23,time-not-supplied,2025-12-31
OKE,2026-04-27,after-market-close,2026-03-31
OMC,2023-02-07,time-not-supplied,2022-12-31
OMC,2023-04-18,time-not-supplied,2023-03-31
OMC,2023-07-18,time-not-supplied,2023-06-30
OMC,2023-10-17,time-not-supplied,2023-09-30
OMC,2024-02-06,time-not-supplied,2023-12-31
OMC,2024-04-16,time-not-supplied,2024-03-31
OMC,2024-07-16,time-not-supplied,2024-06-30
OMC,2024-10-15,time-not-supplied,2024-09-30
OMC,2025-02-04,time-not-supplied,2024-12-31
OMC,2025-04-15,time-not-supplied,2025-03-31
OMC,2025-07-15,time-not-supplied,2025-06-30
OMC,2025-10-21,time-not-supplied,2025-09-30
OMC,2026-02-03,time-not-supplied,2025-12-31
OMC,2026-02-10,time-not-supplied,2025-12-31
OMC,2026-04-13,after-market-close,2026-03-31
ON,2023-02-06,time-not-supplied,2022-12-31
ON,2023-05-01,time-not-supplied,2023-03-31
ON,2023-07-31,time-not-supplied,2023-06-30
ON,2023-10-30,time-not-supplied,2023-09-30
ON,2024-02-05,time-not-supplied,2023-12-31
ON,2024-04-29,time-not-supplied,2024-03-31
ON,2024-07-29,time-not-supplied,2024-06-30
ON,2024-10-28,time-not-supplied,2024-09-30
ON,2025-02-10,time-not-supplied,2024-12-31
ON,2025-05-05,time-not-supplied,2025-03-31
ON,2025-08-04,time-not-supplied,2025-06-30
ON,2025-11-03,time-not-supplied,2025-09-30
ON,2026-02-09,time-not-supplied,2025-12-31
ON,2026-05-04,before-market-open,2026-03-31
ORCL,2023-03-09,time-not-supplied,2023-02-28
ORCL,2023-06-12,time-not-supplied,2023-05-31
ORCL,2023-09-11,time-not-supplied,2023-08-31
ORCL,2023-12-11,time-not-supplied,2023-11-30
ORCL,2024-03-11,time-not-supplied,2024-02-29
ORCL,2024-06-11,time-not-supplied,2024-05-31
ORCL,2024-09-09,time-not-supplied,2024-08-31
ORCL,2024-12-09,time-not-supplied,2024-11-30
ORCL,2025-03-10,time-not-supplied,2025-02-28
ORCL,2025-06-11,time-not-supplied,2025-05-31
ORCL,2025-09-09,time-not-supplied,2025-08-31
ORCL,2025-12-10,time-not-supplied,2025-11-30
ORCL,2026-03-09,after-market-close,2026-09-30
ORLY,2023-02-08,time-not-supplied,2022-12-31
ORLY,2023-04-26,time-not-supplied,2023-03-31
ORLY,2023-07-26,time-not-supplied,2023-06-30
ORLY,2023-10-25,time-not-supplied,2023-09-30
ORLY,2024-02-07,time-not-supplied,2023-12-31
ORLY,2024-04-24,time-not-supplied,2024-03-31
ORLY,2024-07-24,time-not-supplied,2024-06-30
ORLY,2024-10-23,time-not-supplied,2024-09-30
ORLY,2025-02-05,time-not-supplied,2024-12-31
ORLY,2025-04-23,time-not-supplied,2025-03-31
ORLY,2025-07-23,time-not-supplied,2025-06-30
ORLY,2025-10-22,time-not-supplied,2025-09-30
ORLY,2026-02-04,time-after-hours,2025-12-31
ORLY,2026-04-21,time-not-supplied,2026-03-31
OTIS,2023-02-01,time-not-supplied,2022-12-31
OTIS,2023-04-26,time-not-supplied,2023-03-31
OTIS,2023-07-26,time-not-supplied,2023-06-30
OTIS,2023-10-25,time-not-supplied,2023-09-30
OTIS,2024-01-31,time-not-supplied,2023-12-31
OTIS,2024-04-24,time-not-supplied,2024-03-31
OTIS,2024-07-24,time-not-supplied,2024-06-30
OTIS,2024-10-30,time-not-supplied,2024-09-30
OTIS,2025-01-29,time-not-supplied,2024-12-31
OTIS,2025-04-23,time-not-supplied,2025-03-31
OTIS,2025-07-23,time-not-supplied,2025-06-30
OTIS,2025-10-29,time-not-supplied,2025-09-30
OTIS,2026-01-28,time-pre-market,2025-12-31
OTIS,2026-04-21,time-not-supplied,2026-03-31
OXY,2023-02-27,time-not-supplied,2022-12-31
OXY,2023-05-09,time-not-supplied,2023-03-31
OXY,2023-08-02,time-not-supplied,2023-06-30
OXY,2023-11-07,time-not-supplied,2023-09-30
OXY,2024-02-14,time-not-supplied,2023-12-31
OXY,2024-05-07,time-not-supplied,2024-03-31
OXY,2024-08-07,time-not-supplied,2024-06-30
OXY,2024-11-12,time-not-supplied,2024-09-30
OXY,2025-02-18,time-not-supplied,2024-12-31
OXY,2025-05-07,time-not-supplied,2025-03-31
OXY,2025-08-06,time-not-supplied,2025-06-30
OXY,2025-11-10,time-not-supplied,2025-09-30
OXY,2026-02-18,time-after-hours,2025-12-31
OXY,2026-05-05,after-market-close,2026-03-31
PANW,2023-02-21,time-not-supplied,2023-01-31
PANW,2023-05-23,time-not-supplied,2023-04-30
PANW,2023-08-18,time-not-supplied,2023-07-31
PANW,2023-11-15,time-not-supplied,2023-10-31
PANW,2024-02-20,time-not-supplied,2024-01-31
PANW,2024-05-20,time-not-supplied,2024-04-30
PANW,2024-08-19,time-not-supplied,2024-07-31
PANW,2024-11-20,time-not-supplied,2024-10-31
PANW,2025-02-13,time-not-supplied,2025-01-31
PANW,2025-05-20,time-not-supplied,2025-04-30
PANW,2025-08-18,time-not-supplied,2025-07-31
PANW,2025-11-19,time-not-supplied,2025-10-31
PANW,2026-02-17,time-after-hours,2026-01-31
PANW,2026-05-18,after-market-close,2026-09-30
PAYC,2023-02-07,time-not-supplied,2022-12-31
PAYC,2023-05-02,time-not-supplied,2023-03-31
PAYC,2023-08-01,time-not-supplied,2023-06-30
PAYC,2023-10-31,time-not-supplied,2023-09-30
PAYC,2024-02-07,time-not-supplied,2023-12-31
PAYC,2024-05-01,time-not-supplied,2024-03-31
PAYC,2024-07-31,time-not-supplied,2024-06-30
PAYC,2024-10-30,time-not-supplied,2024-09-30
PAYC,2025-02-12,time-not-supplied,2024-12-31
PAYC,2025-05-07,time-not-supplied,2025-03-31
PAYC,2025-08-06,time-not-supplied,2025-06-30
PAYC,2025-11-05,time-not-supplied,2025-09-30
PAYC,2026-02-11,time-after-hours,2025-12-31
PAYC,2026-05-05,after-market-close,2026-03-31
PAYX,2023-03-29,time-not-supplied,2023-02-28
PAYX,2023-06-29,time-not-supplied,2023-05-31
PAYX,2023-09-27,time-not-supplied,2023-08-31
PAYX,2023-12-21,time-not-supplied,2023-11-30
PAYX,2024-04-02,time-not-supplied,2024-02-29
PAYX,2024-06-26,time-not-supplied,2024-05-31
PAYX,2024-10-01,time-not-supplied,2024-08-31
PAYX,2024-12-19,time-not-supplied,2024-11-30
PAYX,2025-03-26,time-not-supplied,2025-02-28
PAYX,2025-06-25,time-not-supplied,2025-05-31
PAYX,2025-09-30,time-not-supplied,2025-08-31
PAYX,2025-12-19,time-not-supplied,2025-11-30
PAYX,2026-03-24,before-market-open,2026-09-30
PCAR,2023-01-24,time-not-supplied,2022-12-31
PCAR,2023-04-25,time-not-supplied,2023-03-31
PCAR,2023-07-25,time-not-supplied,2023-06-30
PCAR,2023-10-24,time-not-supplied,2023-09-30
PCAR,2024-01-23,time-not-supplied,2023-12-31
PCAR,2024-04-30,time-not-supplied,2024-03-31
PCAR,2024-07-23,time-not-supplied,2024-06-30
PCAR,2024-10-22,time-not-supplied,2024-09-30
PCAR,2025-01-28,time-not-supplied,2024-12-31
PCAR,2025-04-29,time-not-supplied,2025-03-31
PCAR,2025-07-22,time-not-supplied,2025-06-30
PCAR,2025-10-21,time-not-supplied,2025-09-30
PCAR,2026-01-27,time-not-supplied,2025-12-31
PCAR,2026-04-27,before-market-open,2026-03-31
PCG,2023-02-23,time-not-supplied,2022-12-31
PCG,2023-05-04,time-not-supplied,2023-03-31
PCG,2023-07-27,time-not-supplied,2023-06-30
PCG,2023-10-26,time-not-supplied,2023-09-30
PCG,2024-02-22,time-not-supplied,2023-12-31
PCG,2024-04-25,time-not-supplied,2024-03-31
PCG,2024-07-25,time-not-supplied,2024-06-30
PCG,2024-11-07,time-not-supplied,2024-09-30
PCG,2025-02-13,time-not-supplied,2024-12-31
PCG,2025-04-24,time-not-supplied,2025-03-31
PCG,2025-07-31,time-not-supplied,2025-06-30
PCG,2025-10-23,time-pre-market,2025-09-30
PCG,2026-02-12,time-pre-market,2025-12-31
PCG,2026-04-22,time-not-supplied,2026-03-31
PEG,2023-02-21,time-not-supplied,2022-12-31
PEG,2023-05-02,time-not-supplied,2023-03-31
PEG,2023-08-01,time-not-supplied,2023-06-30
PEG,2023-10-31,time-not-supplied,2023-09-30
PEG,2024-02-26,time-not-supplied,2023-12-31
PEG,2024-04-30,time-not-supplied,2024-03-31
PEG,2024-07-30,time-not-supplied,2024-06-30
PEG,2024-11-04,time-not-supplied,2024-09-30
PEG,2025-02-25,time-not-supplied,2024-12-31
PEG,2025-04-30,time-not-supplied,2025-03-31
PEG,2025-08-05,time-not-supplied,2025-06-30
PEG,2025-11-03,time-not-supplied,2025-09-30
PEG,2026-02-26,time-not-supplied,2025-12-31
PEG,2026-04-28,before-market-open,2026-03-31
PEP,2023-02-09,time-not-supplied,2022-12-31
PEP,2023-04-25,time-not-supplied,2023-03-31
PEP,2023-07-13,time-not-supplied,2023-06-30
PEP,2023-10-10,time-not-supplied,2023-09-30
PEP,2024-02-09,time-not-supplied,2023-12-31
PEP,2024-04-23,time-not-supplied,2024-03-31
PEP,2024-07-11,time-not-supplied,2024-06-30
PEP,2024-10-08,time-not-supplied,2024-09-30
PEP,2025-02-04,time-not-supplied,2024-12-31
PEP,2025-04-24,time-not-supplied,2025-03-31
PEP,2025-07-17,time-not-supplied,2025-06-30
PEP,2025-10-09,time-not-supplied,2025-09-30
PEP,2026-02-03,time-not-supplied,2025-12-31
PEP,2026-04-22,before-market-open,2026-03-31
PFE,2023-01-31,time-not-supplied,2022-12-31
PFE,2023-05-02,time-not-supplied,2023-03-31
PFE,2023-08-01,time-not-supplied,2023-06-30
PFE,2023-10-31,time-not-supplied,2023-09-30
PFE,2024-01-30,time-not-supplied,2023-12-31
PFE,2024-05-01,time-not-supplied,2024-03-31
PFE,2024-07-30,time-not-supplied,2024-06-30
PFE,2024-10-29,time-not-supplied,2024-09-30
PFE,2025-02-04,time-not-supplied,2024-12-31
PFE,2025-04-29,time-not-supplied,2025-03-31
PFE,2025-08-05,time-not-supplied,2025-06-30
PFE,2025-11-04,time-not-supplied,2025-09-30
PFE,2026-02-03,time-not-supplied,2025-12-31
PFE,2026-04-27,time-not-supplied,2026-03-31
PFG,2023-01-30,time-not-supplied,2022-12-31
PFG,2023-04-27,time-not-supplied,2023-03-31
PFG,2023-07-27,time-not-supplied,2023-06-30
PFG,2023-10-26,time-not-supplied,2023-09-30
PFG,2024-02-12,time-not-supplied,2023-12-31
PFG,2024-04-25,time-not-supplied,2024-03-31
PFG,2024-07-25,time-not-supplied,2024-06-30
PFG,2024-10-24,time-not-supplied,2024-09-30
PFG,2025-02-06,time-not-supplied,2024-12-31
PFG,2025-04-24,time-not-supplied,2025-03-31
PFG,2025-07-28,time-not-supplied,2025-06-30
PFG,2025-10-27,time-not-supplied,2025-09-30
PFG,2026-02-09,time-not-supplied,2025-12-31
PFG,2026-04-22,after-market-close,2026-03-31
PG,2023-01-19,time-not-supplied,2022-12-31
PG,2023-04-21,time-not-supplied,2023-03-31
PG,2023-07-28,time-not-supplied,2023-06-30
PG,2023-10-18,time-not-supplied,2023-09-30
PG,2024-01-23,time-not-supplied,2023-12-31
PG,2024-04-19,time-not-supplied,2024-03-31
PG,2024-07-30,time-not-supplied,2024-06-30
PG,2024-10-18,time-not-supplied,2024-09-30
PG,2025-01-22,time-not-supplied,2024-12-31
PG,2025-04-24,time-not-supplied,2025-03-31
PG,2025-07-29,time-not-supplied,2025-06-30
PG,2025-10-24,time-pre-market,2025-09-30
PG,2026-01-22,time-not-supplied,2025-12-31
PG,2026-04-22,before-market-open,2026-09-30
PGR,2023-01-25,time-not-supplied,2022-12-31
PGR,2023-04-13,time-not-supplied,2023-03-31
PGR,2023-07-13,time-not-supplied,2023-06-30
PGR,2023-10-13,time-not-supplied,2023-09-30
PGR,2024-01-24,time-not-supplied,2023-12-31
PGR,2024-04-12,time-not-supplied,2024-03-31
PGR,2024-07-16,time-not-supplied,2024-06-30
PGR,2024-10-15,time-not-supplied,2024-09-30
PGR,2025-01-29,time-not-supplied,2024-12-31
PGR,2025-04-16,time-not-supplied,2025-03-31
PGR,2025-07-16,time-not-supplied,2025-06-30
PGR,2025-10-15,time-not-supplied,2025-09-30
PGR,2026-05-04,before-market-open,2026-03-31
PH,2023-02-02,time-not-supplied,2022-12-31
PH,2023-05-04,time-not-supplied,2023-03-31
PH,2023-08-03,time-not-supplied,2023-06-30
PH,2023-11-02,time-not-supplied,2023-09-30
PH,2024-02-01,time-not-supplied,2023-12-31
PH,2024-05-02,time-not-supplied,2024-03-31
PH,2024-08-08,time-not-supplied,2024-06-30
PH,2024-10-31,time-not-supplied,2024-09-30
PH,2025-01-30,time-not-supplied,2024-12-31
PH,2025-05-01,time-not-supplied,2025-03-31
PH,2025-08-07,time-not-supplied,2025-06-30
PH,2025-11-06,time-not-supplied,2025-09-30
PH,2026-01-29,time-not-supplied,2025-12-31
PH,2026-04-29,before-market-open,2026-09-30
PHM,2023-01-31,time-not-supplied,2022-12-31
PHM,2023-04-25,time-not-supplied,2023-03-31
PHM,2023-07-25,time-not-supplied,2023-06-30
PHM,2023-10-24,time-not-supplied,2023-09-30
PHM,2024-01-30,time-not-supplied,2023-12-31
PHM,2024-04-23,time-not-supplied,2024-03-31
PHM,2024-07-23,time-not-supplied,2024-06-30
PHM,2024-10-22,time-not-supplied,2024-09-30
PHM,2025-01-30,time-not-supplied,2024-12-31
PHM,2025-04-22,time-not-supplied,2025-03-31
PHM,2025-07-22,time-not-supplied,2025-06-30
PHM,2025-10-21,time-not-supplied,2025-09-30
PHM,2026-01-29,time-not-supplied,2025-12-31
PHM,2026-04-20,before-market-open,2026-03-31
PKG,2023-01-25,time-not-supplied,2022-12-31
PKG,2023-04-24,time-not-supplied,2023-03-31
PKG,2023-07-24,time-not-supplied,2023-06-30
PKG,2023-10-23,time-not-supplied,2023-09-30
PKG,2024-01-24,time-not-supplied,2023-12-31
PKG,2024-04-22,time-not-supplied,2024-03-31
PKG,2024-07-23,time-not-supplied,2024-06-30
PKG,2024-10-22,time-not-supplied,2024-09-30
PKG,2025-01-28,time-not-supplied,2024-12-31
PKG,2025-04-22,time-not-supplied,2025-03-31
PKG,2025-07-23,time-not-supplied,2025-06-30
PKG,2025-10-22,time-not-supplied,2025-09-30
PKG,2026-01-27,time-not-supplied,2025-12-31
PKG,2026-04-20,time-not-supplied,2026-03-31
PLD,2023-01-18,time-not-supplied,2022-12-31
PLD,2023-04-18,time-not-supplied,2023-03-31
PLD,2023-07-18,time-not-supplied,2023-06-30
PLD,2023-10-17,time-not-supplied,2023-09-30
PLD,2024-01-17,time-not-supplied,2023-12-31
PLD,2024-04-17,time-not-supplied,2024-03-31
PLD,2024-07-17,time-not-supplied,2024-06-30
PLD,2024-10-16,time-not-supplied,2024-09-30
PLD,2025-01-21,time-not-supplied,2024-12-31
PLD,2025-04-16,time-not-supplied,2025-03-31
PLD,2025-07-16,time-not-supplied,2025-06-30
PLD,2025-10-15,time-not-supplied,2025-09-30
PLD,2026-01-21,time-pre-market,2025-12-31
PLD,2026-04-14,time-not-supplied,2026-03-31
PLTR,2023-02-13,time-not-supplied,2022-12-31
PLTR,2023-05-08,time-not-supplied,2023-03-31
PLTR,2023-08-07,time-not-supplied,2023-06-30
PLTR,2023-11-02,time-not-supplied,2023-09-30
PLTR,2024-02-05,time-not-supplied,2023-12-31
PLTR,2024-05-06,time-not-supplied,2024-03-31
PLTR,2024-08-05,time-not-supplied,2024-06-30
PLTR,2024-11-04,time-not-supplied,2024-09-30
PLTR,2025-02-03,time-not-supplied,2024-12-31
PLTR,2025-05-05,time-not-supplied,2025-03-31
PLTR,2025-08-04,time-not-supplied,2025-06-30
PLTR,2025-11-03,time-not-supplied,2025-09-30
PLTR,2026-02-02,time-after-hours,2025-12-31
PLTR,2026-05-04,time-not-supplied,2026-03-31
PM,2023-02-09,time-not-supplied,2022-12-31
PM,2023-04-20,time-not-supplied,2023-03-31
PM,2023-07-20,time-not-supplied,2023-06-30
PM,2023-10-19,time-not-supplied,2023-09-30
PM,2024-02-08,time-not-supplied,2023-12-31
PM,2024-04-23,time-not-supplied,2024-03-31
PM,2024-07-23,time-not-supplied,2024-06-30
PM,2024-10-22,time-not-supplied,2024-09-30
PM,2025-02-06,time-not-supplied,2024-12-31
PM,2025-04-23,time-not-supplied,2025-03-31
PM,2025-07-22,time-not-supplied,2025-06-30
PM,2025-10-21,time-not-supplied,2025-09-30
PM,2026-02-05,time-not-supplied,2025-12-31
PM,2026-04-22,before-market-open,2026-03-31
PNC,2023-01-18,time-not-supplied,2022-12-31
PNC,2023-04-14,time-not-supplied,2023-03-31
PNC,2023-07-18,time-not-supplied,2023-06-30
PNC,2023-10-13,time-not-supplied,2023-09-30
PNC,2024-01-16,time-not-supplied,2023-12-31
PNC,2024-04-16,time-not-supplied,2024-03-31
PNC,2024-07-16,time-not-supplied,2024-06-30
PNC,2024-10-15,time-not-supplied,2024-09-30
PNC,2025-01-16,time-not-supplied,2024-12-31
PNC,2025-04-15,time-not-supplied,2025-03-31
PNC,2025-07-16,time-not-supplied,2025-06-30
PNC,2025-10-15,time-not-supplied,2025-09-30
PNC,2026-01-16,time-not-supplied,2025-12-31
PNC,2026-04-15,time-not-supplied,2026-03-31
PNR,2023-01-31,time-not-supplied,2022-12-31
PNR,2023-04-27,time-not-supplied,2023-03-31
PNR,2023-07-27,time-not-supplied,2023-06-30
PNR,2023-10-24,time-not-supplied,2023-09-30
PNR,2024-01-30,time-not-supplied,2023-12-31
PNR,2024-04-23,time-not-supplied,2024-03-31
PNR,2024-07-23,time-not-supplied,2024-06-30
PNR,2024-10-22,time-not-supplied,2024-09-30
PNR,2025-02-04,time-not-supplied,2024-12-31
PNR,2025-04-22,time-not-supplied,2025-03-31
PNR,2025-07-22,time-not-supplied,2025-06-30
PNR,2025-10-21,time-not-supplied,2025-09-30
PNR,2026-02-03,time-not-supplied,2025-12-31
PNR,2026-04-20,before-market-open,2026-03-31
PNW,2023-02-27,time-not-supplied,2022-12-31
PNW,2023-05-04,time-not-supplied,2023-03-31
PNW,2023-08-03,time-not-supplied,2023-06-30
PNW,2023-11-02,time-not-supplied,2023-09-30
PNW,2024-02-27,time-not-supplied,2023-12-31
PNW,2024-05-02,time-not-supplied,2024-03-31
PNW,2024-08-01,time-not-supplied,2024-06-30
PNW,2024-11-06,time-not-supplied,2024-09-30
PNW,2025-02-25,time-not-supplied,2024-12-31
PNW,2025-05-01,time-not-supplied,2025-03-31
PNW,2025-08-06,time-not-supplied,2025-06-30
PNW,2025-11-03,time-not-supplied,2025-09-30
PNW,2026-02-25,time-not-supplied,2025-12-31
PNW,2026-04-29,time-not-supplied,2026-03-31
PODD,2023-02-23,time-not-supplied,2022-12-31
PODD,2023-05-04,time-not-supplied,2023-03-31
PODD,2023-08-08,time-not-supplied,2023-06-30
PODD,2023-11-02,time-not-supplied,2023-09-30
PODD,2024-02-22,time-not-supplied,2023-12-31
PODD,2024-05-09,time-not-supplied,2024-03-31
PODD,2024-08-08,time-not-supplied,2024-06-30
PODD,2024-11-07,time-not-supplied,2024-09-30
PODD,2025-02-20,time-not-supplied,2024-12-31
PODD,2025-05-08,time-not-supplied,2025-03-31
PODD,2025-08-07,time-not-supplied,2025-06-30
PODD,2025-11-06,time-not-supplied,2025-09-30
PODD,2026-02-18,time-pre-market,2025-12-31
PODD,2026-05-06,time-not-supplied,2026-03-31
POOL,2023-02-16,time-not-supplied,2022-12-31
POOL,2023-04-20,time-not-supplied,2023-03-31
POOL,2023-07-20,time-not-supplied,2023-06-30
POOL,2023-10-19,time-not-supplied,2023-09-30
POOL,2024-02-22,time-not-supplied,2023-12-31
POOL,2024-04-25,time-not-supplied,2024-03-31
POOL,2024-07-25,time-not-supplied,2024-06-30
POOL,2024-10-24,time-not-supplied,2024-09-30
POOL,2025-02-20,time-not-supplied,2024-12-31
POOL,2025-04-24,time-not-supplied,2025-03-31
POOL,2025-07-24,time-not-supplied,2025-06-30
POOL,2025-10-23,time-pre-market,2025-09-30
POOL,2026-02-19,time-pre-market,2025-12-31
POOL,2026-04-22,time-not-supplied,2026-03-31
PPG,2023-01-19,time-not-supplied,2022-12-31
PPG,2023-04-20,time-not-supplied,2023-03-31
PPG,2023-07-20,time-not-supplied,2023-06-30
PPG,2023-10-18,time-not-supplied,2023-09-30
PPG,2024-01-18,time-not-supplied,2023-12-31
PPG,2024-04-18,time-not-supplied,2024-03-31
PPG,2024-07-18,time-not-supplied,2024-06-30
PPG,2024-10-16,time-not-supplied,2024-09-30
PPG,2025-01-30,time-not-supplied,2024-12-31
PPG,2025-04-29,time-not-supplied,2025-03-31
PPG,2025-07-29,time-not-supplied,2025-06-30
PPG,2025-10-28,time-not-supplied,2025-09-30
PPG,2026-01-27,time-not-supplied,2025-12-31
PPG,2026-04-27,after-market-close,2026-03-31
PPL,2023-02-17,time-not-supplied,2022-12-31
PPL,2023-05-04,time-not-supplied,2023-03-31
PPL,2023-08-04,time-not-supplied,2023-06-30
PPL,2023-11-02,time-not-supplied,2023-09-30
PPL,2024-02-16,time-not-supplied,2023-12-31
PPL,2024-05-01,time-not-supplied,2024-03-31
PPL,2024-08-02,time-not-supplied,2024-06-30
PPL,2024-11-01,time-not-supplied,2024-09-30
PPL,2025-02-13,time-not-supplied,2024-12-31
PPL,2025-04-30,time-not-supplied,2025-03-31
PPL,2025-07-31,time-not-supplied,2025-06-30
PPL,2025-11-05,time-not-supplied,2025-09-30
PPL,2026-02-20,time-not-supplied,2025-12-31
PPL,2026-04-28,time-not-supplied,2026-03-31
PRU,2023-02-07,time-not-supplied,2022-12-31
PRU,2023-05-02,time-not-supplied,2023-03-31
PRU,2023-08-01,time-not-supplied,2023-06-30
PRU,2023-11-01,time-not-supplied,2023-09-30
PRU,2024-02-06,time-not-supplied,2023-12-31
PRU,2024-04-30,time-not-supplied,2024-03-31
PRU,2024-08-01,time-not-supplied,2024-06-30
PRU,2024-10-30,time-not-supplied,2024-09-30
PRU,2025-02-04,time-not-supplied,2024-12-31
PRU,2025-04-30,time-not-supplied,2025-03-31
PRU,2025-07-30,time-not-supplied,2025-06-30
PRU,2025-10-29,time-not-supplied,2025-09-30
PRU,2026-02-03,time-not-supplied,2025-12-31
PRU,2026-04-28,after-market-close,2026-03-31
PSA,2023-02-21,time-not-supplied,2022-12-31
PSA,2023-05-03,time-not-supplied,2023-03-31
PSA,2023-08-02,time-not-supplied,2023-06-30
PSA,2023-10-30,time-not-supplied,2023-09-30
PSA,2024-02-20,time-not-supplied,2023-12-31
PSA,2024-04-30,time-not-supplied,2024-03-31
PSA,2024-07-30,time-not-supplied,2024-06-30
PSA,2024-10-30,time-not-supplied,2024-09-30
PSA,2025-02-24,time-not-supplied,2024-12-31
PSA,2025-04-30,time-not-supplied,2025-03-31
PSA,2025-07-30,time-not-supplied,2025-06-30
PSA,2025-10-29,time-not-supplied,2025-09-30
PSA,2026-02-12,time-after-hours,2025-12-31
PSA,2026-04-28,after-market-close,2026-03-31
PSKY,2025-11-10,time-after-hours,2025-09-30
PSKY,2026-02-25,time-not-supplied,2025-12-31
PSKY,2026-05-06,after-market-close,2026-03-31
PSX,2023-01-31,time-not-supplied,2022-12-31
PSX,2023-05-03,time-not-supplied,2023-03-31
PSX,2023-08-02,time-not-supplied,2023-06-30
PSX,2023-10-27,time-not-supplied,2023-09-30
PSX,2024-01-31,time-not-supplied,2023-12-31
PSX,2024-04-26,time-not-supplied,2024-03-31
PSX,2024-07-30,time-not-supplied,2024-06-30
PSX,2024-10-29,time-not-supplied,2024-09-30
PSX,2025-01-31,time-not-supplied,2024-12-31
PSX,2025-04-25,time-not-supplied,2025-03-31
PSX,2025-07-25,time-not-supplied,2025-06-30
PSX,2025-10-29,time-not-supplied,2025-09-30
PSX,2026-02-04,time-pre-market,2025-12-31
PSX,2026-04-23,before-market-open,2026-03-31
PTC,2023-02-01,time-not-supplied,2022-12-31
PTC,2023-04-26,time-not-supplied,2023-03-31
PTC,2023-07-26,time-not-supplied,2023-06-30
PTC,2023-11-01,time-not-supplied,2023-09-30
PTC,2024-01-31,time-not-supplied,2023-12-31
PTC,2024-05-01,time-not-supplied,2024-03-31
PTC,2024-07-31,time-not-supplied,2024-06-30
PTC,2024-11-06,time-not-supplied,2024-09-30
PTC,2025-02-05,time-not-supplied,2024-12-31
PTC,2025-04-30,time-not-supplied,2025-03-31
PTC,2025-07-30,time-not-supplied,2025-06-30
PTC,2025-11-05,time-not-supplied,2025-09-30
PTC,2026-02-04,time-after-hours,2025-12-31
PTC,2026-04-30,after-market-close,2026-06-30
PWR,2023-02-23,time-not-supplied,2022-12-31
PWR,2023-05-04,time-not-supplied,2023-03-31
PWR,2023-08-03,time-not-supplied,2023-06-30
PWR,2023-11-02,time-not-supplied,2023-09-30
PWR,2024-02-22,time-not-supplied,2023-12-31
PWR,2024-05-02,time-not-supplied,2024-03-31
PWR,2024-08-01,time-not-supplied,2024-06-30
PWR,2024-10-31,time-not-supplied,2024-09-30
PWR,2025-02-20,time-not-supplied,2024-12-31
PWR,2025-05-01,time-not-supplied,2025-03-31
PWR,2025-07-31,time-not-supplied,2025-06-30
PWR,2025-10-30,time-not-supplied,2025-09-30
PWR,2026-02-19,time-pre-market,2025-12-31
PWR,2026-04-29,before-market-open,2026-03-31
PYPL,2023-02-09,time-not-supplied,2022-12-31
PYPL,2023-05-08,time-not-supplied,2023-03-31
PYPL,2023-08-02,time-not-supplied,2023-06-30
PYPL,2023-11-01,time-not-supplied,2023-09-30
PYPL,2024-02-07,time-not-supplied,2023-12-31
PYPL,2024-04-30,time-not-supplied,2024-03-31
PYPL,2024-07-30,time-not-supplied,2024-06-30
PYPL,2024-10-29,time-not-supplied,2024-09-30
PYPL,2025-02-04,time-not-supplied,2024-12-31
PYPL,2025-04-29,time-not-supplied,2025-03-31
PYPL,2025-07-29,time-not-supplied,2025-06-30
PYPL,2025-10-28,time-not-supplied,2025-09-30
PYPL,2026-02-03,time-not-supplied,2025-12-31
PYPL,2026-04-27,after-market-close,2026-03-31
QCOM,2023-02-02,time-not-supplied,2022-12-31
QCOM,2023-05-03,time-not-supplied,2023-03-31
QCOM,2023-08-02,time-not-supplied,2023-06-30
QCOM,2023-11-01,time-not-supplied,2023-09-30
QCOM,2024-01-31,time-not-supplied,2023-12-31
QCOM,2024-05-01,time-not-supplied,2024-03-31
QCOM,2024-07-31,time-not-supplied,2024-06-30
QCOM,2024-11-06,time-not-supplied,2024-09-30
QCOM,2025-02-05,time-not-supplied,2024-12-31
QCOM,2025-04-30,time-not-supplied,2025-03-31
QCOM,2025-07-30,time-not-supplied,2025-06-30
QCOM,2025-11-05,time-not-supplied,2025-09-30
QCOM,2026-02-04,time-after-hours,2025-12-31
QCOM,2026-04-28,after-market-close,2026-06-30
RCL,2023-02-07,time-not-supplied,2022-12-31
RCL,2023-05-04,time-not-supplied,2023-03-31
RCL,2023-07-27,time-not-supplied,2023-06-30
RCL,2023-10-26,time-not-supplied,2023-09-30
RCL,2024-02-01,time-not-supplied,2023-12-31
RCL,2024-04-25,time-not-supplied,2024-03-31
RCL,2024-07-25,time-not-supplied,2024-06-30
RCL,2024-10-29,time-not-supplied,2024-09-30
RCL,2025-01-28,time-not-supplied,2024-12-31
RCL,2025-04-29,time-not-supplied,2025-03-31
RCL,2025-07-29,time-not-supplied,2025-06-30
RCL,2025-10-28,time-not-supplied,2025-09-30
RCL,2026-01-29,time-not-supplied,2025-12-31
RCL,2026-04-27,before-market-open,2026-03-31
REG,2023-02-09,time-not-supplied,2022-12-31
REG,2023-05-04,time-not-supplied,2023-03-31
REG,2023-08-03,time-not-supplied,2023-06-30
REG,2023-11-02,time-not-supplied,2023-09-30
REG,2024-02-08,time-not-supplied,2023-12-31
REG,2024-05-02,time-not-supplied,2024-03-31
REG,2024-08-01,time-not-supplied,2024-06-30
REG,2024-10-28,time-not-supplied,2024-09-30
REG,2025-02-06,time-not-supplied,2024-12-31
REG,2025-04-29,time-not-supplied,2025-03-31
REG,2025-07-29,time-not-supplied,2025-06-30
REG,2025-10-28,time-not-supplied,2025-09-30
REG,2026-02-05,time-after-hours,2025-12-31
REG,2026-04-29,after-market-close,2026-03-31
REGN,2023-02-03,time-not-supplied,2022-12-31
REGN,2023-05-04,time-not-supplied,2023-03-31
REGN,2023-08-03,time-not-supplied,2023-06-30
REGN,2023-11-02,time-not-supplied,2023-09-30
REGN,2024-02-02,time-not-supplied,2023-12-31
REGN,2024-05-02,time-not-supplied,2024-03-31
REGN,2024-08-01,time-not-supplied,2024-06-30
REGN,2024-10-31,time-not-supplied,2024-09-30
REGN,2025-02-04,time-not-supplied,2024-12-31
REGN,2025-04-29,time-not-supplied,2025-03-31
REGN,2025-08-01,time-not-supplied,2025-06-30
REGN,2025-10-28,time-not-supplied,2025-09-30
REGN,2026-01-30,time-pre-market,2025-12-31
REGN,2026-04-27,time-not-supplied,2026-03-31
RF,2023-01-20,time-not-supplied,2022-12-31
RF,2023-04-21,time-not-supplied,2023-03-31
RF,2023-07-21,time-not-supplied,2023-06-30
RF,2023-10-20,time-not-supplied,2023-09-30
RF,2024-01-19,time-not-supplied,2023-12-31
RF,2024-04-19,time-not-supplied,2024-03-31
RF,2024-07-19,time-not-supplied,2024-06-30
RF,2024-10-18,time-not-supplied,2024-09-30
RF,2025-01-17,time-not-supplied,2024-12-31
RF,2025-04-17,time-not-supplied,2025-03-31
RF,2025-07-18,time-not-supplied,2025-06-30
RF,2025-10-17,time-not-supplied,2025-09-30
RF,2026-01-16,time-not-supplied,2025-12-31
RF,2026-04-17,time-not-supplied,2026-03-31
RJF,2023-01-25,time-not-supplied,2022-12-31
RJF,2023-04-26,time-not-supplied,2023-03-31
RJF,2023-07-26,time-not-supplied,2023-06-30
RJF,2023-10-25,time-not-supplied,2023-09-30
RJF,2024-01-24,time-not-supplied,2023-12-31
RJF,2024-04-24,time-not-supplied,2024-03-31
RJF,2024-07-24,time-not-supplied,2024-06-30
RJF,2024-10-23,time-not-supplied,2024-09-30
RJF,2025-01-29,time-not-supplied,2024-12-31
RJF,2025-04-23,time-not-supplied,2025-03-31
RJF,2025-07-23,time-not-supplied,2025-06-30
RJF,2025-10-22,time-not-supplied,2025-09-30
RJF,2026-01-28,time-after-hours,2025-12-31
RJF,2026-04-22,after-market-close,2026-06-30
RL,2023-02-09,time-not-supplied,2022-12-31
RL,2023-05-25,time-not-supplied,2023-03-31
RL,2023-08-10,time-not-supplied,2023-06-30
RL,2023-11-08,time-not-supplied,2023-09-30
RL,2024-02-08,time-not-supplied,2023-12-31
RL,2024-05-23,time-not-supplied,2024-03-31
RL,2024-08-07,time-not-supplied,2024-06-30
RL,2024-11-07,time-not-supplied,2024-09-30
RL,2025-02-06,time-not-supplied,2024-12-31
RL,2025-05-22,time-not-supplied,2025-03-31
RL,2025-08-07,time-not-supplied,2025-06-30
RL,2025-11-06,time-not-supplied,2025-09-30
RL,2026-02-05,time-not-supplied,2025-12-31
RL,2026-05-20,after-market-close,2026-12-31
RMD,2023-01-26,time-not-supplied,2022-12-31
RMD,2023-04-27,time-not-supplied,2023-03-31
RMD,2023-08-03,time-not-supplied,2023-06-30
RMD,2023-10-26,time-not-supplied,2023-09-30
RMD,2024-01-24,time-not-supplied,2023-12-31
RMD,2024-04-25,time-not-supplied,2024-03-31
RMD,2024-08-01,time-not-supplied,2024-06-30
RMD,2024-10-24,time-not-supplied,2024-09-30
RMD,2025-01-30,time-not-supplied,2024-12-31
RMD,2025-04-23,time-not-supplied,2025-03-31
RMD,2025-07-31,time-not-supplied,2025-06-30
RMD,2025-10-30,time-not-supplied,2025-09-30
RMD,2026-01-29,time-not-supplied,2025-12-31
RMD,2026-04-21,time-not-supplied,2026-09-30
ROK,2023-01-26,time-not-supplied,2022-12-31
ROK,2023-04-27,time-not-supplied,2023-03-31
ROK,2023-08-01,time-not-supplied,2023-06-30
ROK,2023-11-02,time-not-supplied,2023-09-30
ROK,2024-01-31,time-not-supplied,2023-12-31
ROK,2024-05-07,time-not-supplied,2024-03-31
ROK,2024-08-07,time-not-supplied,2024-06-30
ROK,2024-11-07,time-not-supplied,2024-09-30
ROK,2025-02-10,time-not-supplied,2024-12-31
ROK,2025-05-07,time-not-supplied,2025-03-31
ROK,2025-08-06,time-not-supplied,2025-06-30
ROK,2025-11-06,time-not-supplied,2025-09-30
ROK,2026-05-05,before-market-open,2026-06-30
ROL,2023-02-15,time-not-supplied,2022-12-31
ROL,2023-04-26,time-not-supplied,2023-03-31
ROL,2023-07-26,time-not-supplied,2023-06-30
ROL,2023-10-25,time-not-supplied,2023-09-30
ROL,2024-02-14,time-not-supplied,2023-12-31
ROL,2024-04-24,time-not-supplied,2024-03-31
ROL,2024-07-24,time-not-supplied,2024-06-30
ROL,2024-10-23,time-not-supplied,2024-09-30
ROL,2025-02-12,time-not-supplied,2024-12-31
ROL,2025-04-23,time-not-supplied,2025-03-31
ROL,2025-07-23,time-not-supplied,2025-06-30
ROL,2025-10-29,time-not-supplied,2025-09-30
ROL,2026-02-11,time-after-hours,2025-12-31
ROL,2026-04-21,after-market-close,2026-03-31
ROP,2023-01-27,time-not-supplied,2022-12-31
ROP,2023-04-27,time-not-supplied,2023-03-31
ROP,2023-07-21,time-not-supplied,2023-06-30
ROP,2023-10-25,time-not-supplied,2023-09-30
ROP,2024-01-31,time-not-supplied,2023-12-31
ROP,2024-04-26,time-not-supplied,2024-03-31
ROP,2024-07-24,time-not-supplied,2024-06-30
ROP,2024-10-23,time-not-supplied,2024-09-30
ROP,2025-01-30,time-not-supplied,2024-12-31
ROP,2025-04-28,time-not-supplied,2025-03-31
ROP,2025-07-21,time-not-supplied,2025-06-30
ROP,2025-10-23,time-pre-market,2025-09-30
ROP,2026-01-27,time-not-supplied,2025-12-31
ROP,2026-04-27,time-not-supplied,2026-03-31
ROST,2023-02-28,time-not-supplied,2023-01-31
ROST,2023-05-18,time-not-supplied,2023-04-30
ROST,2023-08-17,time-not-supplied,2023-07-31
ROST,2023-11-16,time-not-supplied,2023-10-31
ROST,2024-03-05,time-not-supplied,2024-01-31
ROST,2024-05-23,time-not-supplied,2024-04-30
ROST,2024-08-22,time-not-supplied,2024-07-31
ROST,2024-11-21,time-not-supplied,2024-10-31
ROST,2025-03-04,time-not-supplied,2025-01-31
ROST,2025-05-22,time-not-supplied,2025-04-30
ROST,2025-08-21,time-not-supplied,2025-07-31
ROST,2025-11-20,time-not-supplied,2025-10-31
ROST,2026-05-20,time-not-supplied,2027-03-31
RSG,2023-02-15,time-not-supplied,2022-12-31
RSG,2023-04-27,time-not-supplied,2023-03-31
RSG,2023-07-31,time-not-supplied,2023-06-30
RSG,2023-10-26,time-not-supplied,2023-09-30
RSG,2024-02-27,time-not-supplied,2023-12-31
RSG,2024-04-30,time-not-supplied,2024-03-31
RSG,2024-07-24,time-not-supplied,2024-06-30
RSG,2024-10-29,time-not-supplied,2024-09-30
RSG,2025-02-13,time-not-supplied,2024-12-31
RSG,2025-04-24,time-not-supplied,2025-03-31
RSG,2025-07-29,time-not-supplied,2025-06-30
RSG,2025-10-30,time-not-supplied,2025-09-30
RSG,2026-02-17,time-after-hours,2025-12-31
RSG,2026-04-22,after-market-close,2026-03-31
RTX,2023-01-24,time-not-supplied,2022-12-31
RTX,2023-04-25,time-not-supplied,2023-03-31
RTX,2023-07-25,time-not-supplied,2023-06-30
RTX,2023-10-24,time-not-supplied,2023-09-30
RTX,2024-01-23,time-not-supplied,2023-12-31
RTX,2024-04-23,time-not-supplied,2024-03-31
RTX,2024-07-25,time-not-supplied,2024-06-30
RTX,2024-10-22,time-not-supplied,2024-09-30
RTX,2025-01-28,time-not-supplied,2024-12-31
RTX,2025-04-22,time-not-supplied,2025-03-31
RTX,2025-07-22,time-not-supplied,2025-06-30
RTX,2025-10-21,time-not-supplied,2025-09-30
RTX,2026-01-27,time-not-supplied,2025-12-31
RTX,2026-04-20,before-market-open,2026-03-31
RVTY,2023-02-14,time-not-supplied,2022-12-31
RVTY,2023-05-11,time-not-supplied,2023-03-31
RVTY,2023-08-01,time-not-supplied,2023-06-30
RVTY,2023-10-30,time-not-supplied,2023-09-30
RVTY,2024-02-01,time-not-supplied,2023-12-31
RVTY,2024-04-29,time-not-supplied,2024-03-31
RVTY,2024-07-29,time-not-supplied,2024-06-30
RVTY,2024-11-04,time-not-supplied,2024-09-30
RVTY,2025-01-31,time-not-supplied,2024-12-31
RVTY,2025-04-28,time-not-supplied,2025-03-31
RVTY,2025-07-28,time-not-supplied,2025-06-30
RVTY,2025-10-27,time-not-supplied,2025-09-30
RVTY,2026-02-02,time-pre-market,2025-12-31
RVTY,2026-04-27,before-market-open,2026-03-31
SBAC,2023-02-21,time-not-supplied,2022-12-31
SBAC,2023-05-01,time-not-supplied,2023-03-31
SBAC,2023-07-31,time-not-supplied,2023-06-30
SBAC,2023-11-02,time-not-supplied,2023-09-30
SBAC,2024-02-26,time-not-supplied,2023-12-31
SBAC,2024-04-29,time-not-supplied,2024-03-31
SBAC,2024-07-29,time-not-supplied,2024-06-30
SBAC,2024-10-28,time-not-supplied,2024-09-30
SBAC,2025-02-24,time-not-supplied,2024-12-31
SBAC,2025-04-28,time-not-supplied,2025-03-31
SBAC,2025-08-04,time-not-supplied,2025-06-30
SBAC,2025-11-03,time-not-supplied,2025-09-30
SBAC,2026-02-26,time-not-supplied,2025-12-31
SBAC,2026-04-27,time-not-supplied,2026-03-31
SBUX,2023-02-02,time-not-supplied,2022-12-31
SBUX,2023-05-02,time-not-supplied,2023-03-31
SBUX,2023-08-01,time-not-supplied,2023-06-30
SBUX,2023-11-02,time-not-supplied,2023-09-30
SBUX,2024-01-30,time-not-supplied,2023-12-31
SBUX,2024-04-30,time-not-supplied,2024-03-31
SBUX,2024-07-30,time-not-supplied,2024-06-30
SBUX,2024-10-30,time-not-supplied,2024-09-30
SBUX,2025-01-28,time-not-supplied,2024-12-31
SBUX,2025-04-29,time-not-supplied,2025-03-31
SBUX,2025-07-29,time-not-supplied,2025-06-30
SBUX,2025-10-29,time-not-supplied,2025-09-30
SBUX,2026-04-20,after-market-close,2026-06-30
SCHW,2023-01-18,time-not-supplied,2022-12-31
SCHW,2023-04-17,time-not-supplied,2023-03-31
SCHW,2023-07-18,time-not-supplied,2023-06-30
SCHW,2023-10-16,time-not-supplied,2023-09-30
SCHW,2024-01-17,time-not-supplied,2023-12-31
SCHW,2024-04-15,time-not-supplied,2024-03-31
SCHW,2024-07-16,time-not-supplied,2024-06-30
SCHW,2024-10-15,time-not-supplied,2024-09-30
SCHW,2025-01-21,time-not-supplied,2024-12-31
SCHW,2025-04-17,time-not-supplied,2025-03-31
SCHW,2025-07-18,time-not-supplied,2025-06-30
SCHW,2025-10-16,time-not-supplied,2025-09-30
SCHW,2026-01-21,time-pre-market,2025-12-31
SCHW,2026-04-15,before-market-open,2026-03-31
SHW,2023-01-26,time-not-supplied,2022-12-31
SHW,2023-04-25,time-not-supplied,2023-03-31
SHW,2023-07-25,time-not-supplied,2023-06-30
SHW,2023-10-24,time-not-supplied,2023-09-30
SHW,2024-01-25,time-not-supplied,2023-12-31
SHW,2024-04-23,time-not-supplied,2024-03-31
SHW,2024-07-23,time-not-supplied,2024-06-30
SHW,2024-10-22,time-not-supplied,2024-09-30
SHW,2025-01-30,time-not-supplied,2024-12-31
SHW,2025-04-29,time-not-supplied,2025-03-31
SHW,2025-07-22,time-not-supplied,2025-06-30
SHW,2025-10-28,time-not-supplied,2025-09-30
SHW,2026-01-29,time-not-supplied,2025-12-31
SHW,2026-04-27,before-market-open,2026-03-31
SJM,2023-02-28,time-not-supplied,2023-01-31
SJM,2023-06-06,time-not-supplied,2023-04-30
SJM,2023-08-29,time-not-supplied,2023-07-31
SJM,2023-12-05,time-not-supplied,2023-10-31
SJM,2024-02-27,time-not-supplied,2024-01-31
SJM,2024-06-06,time-not-supplied,2024-04-30
SJM,2024-08-28,time-not-supplied,2024-07-31
SJM,2024-11-26,time-not-supplied,2024-10-31
SJM,2025-02-27,time-not-supplied,2025-01-31
SJM,2025-06-10,time-not-supplied,2025-04-30
SJM,2025-08-27,time-not-supplied,2025-07-31
SJM,2025-11-25,time-not-supplied,2025-10-31
SJM,2026-02-26,time-not-supplied,2026-01-31
SLB,2023-01-20,time-not-supplied,2022-12-31
SLB,2023-04-21,time-not-supplied,2023-03-31
SLB,2023-07-21,time-not-supplied,2023-06-30
SLB,2023-10-20,time-not-supplied,2023-09-30
SLB,2024-01-19,time-not-supplied,2023-12-31
SLB,2024-04-19,time-not-supplied,2024-03-31
SLB,2024-07-19,time-not-supplied,2024-06-30
SLB,2024-10-18,time-not-supplied,2024-09-30
SLB,2025-01-17,time-not-supplied,2024-12-31
SLB,2025-04-25,time-not-supplied,2025-03-31
SLB,2025-07-18,time-not-supplied,2025-06-30
SLB,2025-10-17,time-not-supplied,2025-09-30
SLB,2026-01-23,time-not-supplied,2025-12-31
SLB,2026-04-23,before-market-open,2026-03-31
SMCI,2023-01-31,time-not-supplied,2022-12-31
SMCI,2023-05-02,time-not-supplied,2023-03-31
SMCI,2023-08-08,time-not-supplied,2023-06-30
SMCI,2023-11-01,time-not-supplied,2023-09-30
SMCI,2024-01-29,time-not-supplied,2023-12-31
SMCI,2024-04-30,time-not-supplied,2024-03-31
SMCI,2024-08-06,time-not-supplied,2024-06-30
SMCI,2025-02-25,time-not-supplied,2024-09-30
SMCI,2025-05-06,time-not-supplied,2025-03-31
SMCI,2025-08-05,time-not-supplied,2025-06-30
SMCI,2025-11-04,time-not-supplied,2025-09-30
SMCI,2026-02-03,time-not-supplied,2025-12-31
SMCI,2026-05-04,after-market-close,2026-09-30
SNA,2023-02-02,time-not-supplied,2022-12-31
SNA,2023-04-20,time-not-supplied,2023-03-31
SNA,2023-07-20,time-not-supplied,2023-06-30
SNA,2023-10-19,time-not-supplied,2023-09-30
SNA,2024-02-08,time-not-supplied,2023-12-31
SNA,2024-04-18,time-not-supplied,2024-03-31
SNA,2024-07-18,time-not-supplied,2024-06-30
SNA,2024-10-17,time-not-supplied,2024-09-30
SNA,2025-02-06,time-not-supplied,2024-12-31
SNA,2025-04-17,time-not-supplied,2025-03-31
SNA,2025-07-17,time-not-supplied,2025-06-30
SNA,2025-10-16,time-not-supplied,2025-09-30
SNA,2026-02-05,time-not-supplied,2025-12-31
SNA,2026-04-15,time-not-supplied,2026-03-31
SNPS,2023-02-15,time-not-supplied,2023-01-31
SNPS,2023-05-17,time-not-supplied,2023-04-30
SNPS,2023-08-16,time-not-supplied,2023-07-31
SNPS,2023-11-29,time-not-supplied,2023-10-31
SNPS,2024-02-21,time-not-supplied,2024-01-31
SNPS,2024-05-22,time-not-supplied,2024-04-30
SNPS,2024-08-21,time-not-supplied,2024-07-31
SNPS,2024-12-04,time-not-supplied,2024-10-31
SNPS,2025-02-26,time-not-supplied,2025-01-31
SNPS,2025-05-28,time-not-supplied,2025-04-30
SNPS,2025-09-09,time-not-supplied,2025-07-31
SNPS,2025-12-10,time-not-supplied,2025-10-31
SNPS,2026-02-25,time-not-supplied,2026-01-31
SNPS,2026-05-26,time-not-supplied,2026-06-30
SO,2023-02-16,time-not-supplied,2022-12-31
SO,2023-04-27,time-not-supplied,2023-03-31
SO,2023-08-03,time-not-supplied,2023-06-30
SO,2023-11-02,time-not-supplied,2023-09-30
SO,2024-02-15,time-not-supplied,2023-12-31
SO,2024-05-02,time-not-supplied,2024-03-31
SO,2024-08-01,time-not-supplied,2024-06-30
SO,2024-10-31,time-not-supplied,2024-09-30
SO,2025-02-20,time-not-supplied,2024-12-31
SO,2025-05-01,time-not-supplied,2025-03-31
SO,2025-07-31,time-not-supplied,2025-06-30
SO,2025-10-30,time-not-supplied,2025-09-30
SO,2026-02-19,time-pre-market,2025-12-31
SO,2026-04-29,before-market-open,2026-03-31
SOLV,2024-05-09,time-not-supplied,2024-03-31
SOLV,2024-08-08,time-not-supplied,2024-06-30
SOLV,2024-11-07,time-not-supplied,2024-09-30
SOLV,2025-02-27,time-not-supplied,2024-12-31
SOLV,2025-05-08,time-not-supplied,2025-03-31
SOLV,2025-08-07,time-not-supplied,2025-06-30
SOLV,2025-11-06,time-not-supplied,2025-09-30
SOLV,2026-02-26,time-not-supplied,2025-12-31
SOLV,2026-05-06,time-not-supplied,2026-03-31
SPG,2023-02-06,time-not-supplied,2022-12-31
SPG,2023-05-02,time-not-supplied,2023-03-31
SPG,2023-08-02,time-not-supplied,2023-06-30
SPG,2023-10-30,time-not-supplied,2023-09-30
SPG,2024-02-05,time-not-supplied,2023-12-31
SPG,2024-05-06,time-not-supplied,2024-03-31
SPG,2024-08-05,time-not-supplied,2024-06-30
SPG,2024-11-01,time-not-supplied,2024-09-30
SPG,2025-02-04,time-not-supplied,2024-12-31
SPG,2025-05-12,time-not-supplied,2025-03-31
SPG,2025-08-04,time-not-supplied,2025-06-30
SPG,2025-11-03,time-not-supplied,2025-09-30
SPG,2026-02-02,time-after-hours,2025-12-31
SPGI,2023-02-09,time-not-supplied,2022-12-31
SPGI,2023-04-27,time-not-supplied,2023-03-31
SPGI,2023-07-27,time-not-supplied,2023-06-30
SPGI,2023-11-02,time-not-supplied,2023-09-30
SPGI,2024-02-08,time-not-supplied,2023-12-31
SPGI,2024-04-25,time-not-supplied,2024-03-31
SPGI,2024-07-30,time-not-supplied,2024-06-30
SPGI,2024-10-24,time-not-supplied,2024-09-30
SPGI,2025-02-11,time-not-supplied,2024-12-31
SPGI,2025-04-29,time-not-supplied,2025-03-31
SPGI,2025-07-31,time-not-supplied,2025-06-30
SPGI,2025-10-30,time-not-supplied,2025-09-30
SPGI,2026-02-10,time-pre-market,2025-12-31
SPGI,2026-04-27,before-market-open,2026-03-31
SRE,2023-02-28,time-not-supplied,2022-12-31
SRE,2023-05-04,time-not-supplied,2023-03-31
SRE,2023-08-03,time-not-supplied,2023-06-30
SRE,2023-11-03,time-not-supplied,2023-09-30
SRE,2024-02-27,time-not-supplied,2023-12-31
SRE,2024-05-07,time-not-supplied,2024-03-31
SRE,2024-08-06,time-not-supplied,2024-06-30
SRE,2024-11-06,time-not-supplied,2024-09-30
SRE,2025-02-25,time-not-supplied,2024-12-31
SRE,2025-05-08,time-not-supplied,2025-03-31
SRE,2025-08-07,time-not-supplied,2025-06-30
SRE,2025-11-05,time-not-supplied,2025-09-30
SRE,2026-02-26,time-not-supplied,2025-12-31
SRE,2026-05-06,before-market-open,2026-03-31
STE,2023-02-08,time-not-supplied,2022-12-31
STE,2023-05-10,time-not-supplied,2023-03-31
STE,2023-08-01,time-not-supplied,2023-06-30
STE,2023-11-07,time-not-supplied,2023-09-30
STE,2024-02-07,time-not-supplied,2023-12-31
STE,2024-05-08,time-not-supplied,2024-03-31
STE,2024-08-06,time-not-supplied,2024-06-30
STE,2024-11-06,time-not-supplied,2024-09-30
STE,2025-02-05,time-not-supplied,2024-12-31
STE,2025-05-14,time-not-supplied,2025-03-31
STE,2025-08-06,time-not-supplied,2025-06-30
STE,2025-11-05,time-not-supplied,2025-09-30
STE,2026-02-04,time-after-hours,2025-12-31
STE,2026-05-12,after-market-close,2026-12-31
STLD,2023-01-25,time-not-supplied,2022-12-31
STLD,2023-04-19,time-not-supplied,2023-03-31
STLD,2023-07-19,time-not-supplied,2023-06-30
STLD,2023-10-18,time-not-supplied,2023-09-30
STLD,2024-01-23,time-not-supplied,2023-12-31
STLD,2024-04-23,time-not-supplied,2024-03-31
STLD,2024-07-17,time-not-supplied,2024-06-30
STLD,2024-10-16,time-not-supplied,2024-09-30
STLD,2025-01-22,time-not-supplied,2024-12-31
STLD,2025-04-22,time-not-supplied,2025-03-31
STLD,2025-07-21,time-not-supplied,2025-06-30
STLD,2025-10-20,time-not-supplied,2025-09-30
STLD,2026-01-26,time-not-supplied,2025-12-31
STLD,2026-04-20,after-market-close,2026-03-31
STT,2023-01-20,time-not-supplied,2022-12-31
STT,2023-04-17,time-not-supplied,2023-03-31
STT,2023-07-14,time-not-supplied,2023-06-30
STT,2023-10-18,time-not-supplied,2023-09-30
STT,2024-01-19,time-not-supplied,2023-12-31
STT,2024-04-12,time-not-supplied,2024-03-31
STT,2024-07-16,time-not-supplied,2024-06-30
STT,2024-10-15,time-not-supplied,2024-09-30
STT,2025-01-17,time-not-supplied,2024-12-31
STT,2025-04-17,time-not-supplied,2025-03-31
STT,2025-07-15,time-not-supplied,2025-06-30
STT,2025-10-17,time-not-supplied,2025-09-30
STT,2026-01-16,time-not-supplied,2025-12-31
STT,2026-04-15,before-market-open,2026-03-31
STX,2023-01-25,time-not-supplied,2022-12-31
STX,2023-04-20,time-not-supplied,2023-03-31
STX,2023-07-26,time-not-supplied,2023-06-30
STX,2023-10-26,time-not-supplied,2023-09-30
STX,2024-01-24,time-not-supplied,2023-12-31
STX,2024-04-23,time-not-supplied,2024-03-31
STX,2024-07-23,time-not-supplied,2024-06-30
STX,2024-10-22,time-not-supplied,2024-09-30
STX,2025-01-21,time-not-supplied,2024-12-31
STX,2025-04-29,time-not-supplied,2025-03-31
STX,2025-07-29,time-not-supplied,2025-06-30
STX,2025-10-28,time-not-supplied,2025-09-30
STX,2026-01-27,time-not-supplied,2025-12-31
STX,2026-04-27,after-market-close,2026-09-30
STZ,2023-01-05,time-not-supplied,2022-11-30
STZ,2023-04-06,time-not-supplied,2023-02-28
STZ,2023-06-30,time-not-supplied,2023-05-31
STZ,2023-10-05,time-not-supplied,2023-08-31
STZ,2024-01-05,time-not-supplied,2023-11-30
STZ,2024-04-11,time-not-supplied,2024-02-29
STZ,2024-07-03,time-not-supplied,2024-05-31
STZ,2024-10-03,time-not-supplied,2024-08-31
STZ,2025-01-10,time-not-supplied,2024-11-30
STZ,2025-04-09,time-not-supplied,2025-02-28
STZ,2025-07-01,time-not-supplied,2025-05-31
STZ,2025-10-06,time-not-supplied,2025-08-31
STZ,2026-01-07,time-not-supplied,2025-11-30
STZ,2026-04-07,after-market-close,2026-12-31
SW,2024-07-30,time-not-supplied,2024-06-30
SW,2024-10-30,time-not-supplied,2024-09-30
SW,2025-02-12,time-not-supplied,2024-12-31
SW,2025-05-01,time-not-supplied,2025-03-31
SW,2025-07-30,time-not-supplied,2025-06-30
SW,2025-10-29,time-not-supplied,2025-09-30
SW,2026-02-11,time-pre-market,2025-12-31
SW,2026-04-29,time-not-supplied,2026-03-31
SWK,2023-02-02,time-not-supplied,2022-12-31
SWK,2023-05-04,time-not-supplied,2023-03-31
SWK,2023-08-01,time-not-supplied,2023-06-30
SWK,2023-10-27,time-not-supplied,2023-09-30
SWK,2024-02-01,time-not-supplied,2023-12-31
SWK,2024-05-02,time-not-supplied,2024-03-31
SWK,2024-07-30,time-not-supplied,2024-06-30
SWK,2024-10-29,time-not-supplied,2024-09-30
SWK,2025-02-05,time-not-supplied,2024-12-31
SWK,2025-04-30,time-not-supplied,2025-03-31
SWK,2025-07-29,time-not-supplied,2025-06-30
SWK,2025-11-04,time-not-supplied,2025-09-30
SWK,2026-02-04,time-pre-market,2025-12-31
SWK,2026-04-28,before-market-open,2026-03-31
SWKS,2023-02-06,time-not-supplied,2022-12-31
SWKS,2023-05-08,time-not-supplied,2023-03-31
SWKS,2023-08-07,time-not-supplied,2023-06-30
SWKS,2023-11-02,time-not-supplied,2023-09-30
SWKS,2024-01-30,time-not-supplied,2023-12-31
SWKS,2024-04-30,time-not-supplied,2024-03-31
SWKS,2024-07-30,time-not-supplied,2024-06-30
SWKS,2024-11-12,time-not-supplied,2024-09-30
SWKS,2025-02-05,time-not-supplied,2024-12-31
SWKS,2025-05-07,time-not-supplied,2025-03-31
SWKS,2025-08-05,time-not-supplied,2025-06-30
SWKS,2025-10-28,time-not-supplied,2025-09-30
SWKS,2026-02-03,time-not-supplied,2025-12-31
SWKS,2026-05-05,after-market-close,2026-06-30
SYF,2023-01-23,time-not-supplied,2022-12-31
SYF,2023-04-19,time-not-supplied,2023-03-31
SYF,2023-07-18,time-not-supplied,2023-06-30
SYF,2023-10-24,time-not-supplied,2023-09-30
SYF,2024-01-23,time-not-supplied,2023-12-31
SYF,2024-04-24,time-not-supplied,2024-03-31
SYF,2024-07-17,time-not-supplied,2024-06-30
SYF,2024-10-16,time-not-supplied,2024-09-30
SYF,2025-01-28,time-not-supplied,2024-12-31
SYF,2025-04-22,time-not-supplied,2025-03-31
SYF,2025-07-22,time-not-supplied,2025-06-30
SYF,2025-10-15,time-not-supplied,2025-09-30
SYF,2026-01-27,time-not-supplied,2025-12-31
SYF,2026-04-20,before-market-open,2026-03-31
SYK,2023-01-31,time-not-supplied,2022-12-31
SYK,2023-05-01,time-not-supplied,2023-03-31
SYK,2023-08-03,time-not-supplied,2023-06-30
SYK,2023-11-02,time-not-supplied,2023-09-30
SYK,2024-01-30,time-not-supplied,2023-12-31
SYK,2024-04-30,time-not-supplied,2024-03-31
SYK,2024-07-30,time-not-supplied,2024-06-30
SYK,2024-10-29,time-not-supplied,2024-09-30
SYK,2025-01-28,time-not-supplied,2024-12-31
SYK,2025-05-01,time-not-supplied,2025-03-31
SYK,2025-07-31,time-not-supplied,2025-06-30
SYK,2025-10-30,time-not-supplied,2025-09-30
SYK,2026-01-29,time-not-supplied,2025-12-31
SYK,2026-04-29,after-market-close,2026-03-31
SYY,2023-01-31,time-not-supplied,2022-12-31
SYY,2023-05-02,time-not-supplied,2023-03-31
SYY,2023-08-01,time-not-supplied,2023-06-30
SYY,2023-10-31,time-not-supplied,2023-09-30
SYY,2024-01-30,time-not-supplied,2023-12-31
SYY,2024-04-30,time-not-supplied,2024-03-31
SYY,2024-07-30,time-not-supplied,2024-06-30
SYY,2024-10-29,time-not-supplied,2024-09-30
SYY,2025-01-28,time-not-supplied,2024-12-31
SYY,2025-04-29,time-not-supplied,2025-03-31
SYY,2025-07-29,time-not-supplied,2025-06-30
SYY,2025-10-28,time-not-supplied,2025-09-30
SYY,2026-01-27,time-not-supplied,2025-12-31
SYY,2026-04-27,before-market-open,2026-09-30
T,2023-01-25,time-not-supplied,2022-12-31
T,2023-04-20,time-not-supplied,2023-03-31
T,2023-07-26,time-not-supplied,2023-06-30
T,2023-10-19,time-not-supplied,2023-09-30
T,2024-01-24,time-not-supplied,2023-12-31
T,2024-04-24,time-not-supplied,2024-03-31
T,2024-07-24,time-not-supplied,2024-06-30
T,2024-10-23,time-not-supplied,2024-09-30
T,2025-01-27,time-not-supplied,2024-12-31
T,2025-04-23,time-not-supplied,2025-03-31
T,2025-07-23,time-not-supplied,2025-06-30
T,2025-10-22,time-not-supplied,2025-09-30
T,2026-01-28,time-pre-market,2025-12-31
T,2026-04-21,time-not-supplied,2026-03-31
TAP,2023-02-21,time-not-supplied,2022-12-31
TAP,2023-05-02,time-not-supplied,2023-03-31
TAP,2023-08-01,time-not-supplied,2023-06-30
TAP,2023-11-02,time-not-supplied,2023-09-30
TAP,2024-02-13,time-not-supplied,2023-12-31
TAP,2024-04-30,time-not-supplied,2024-03-31
TAP,2024-08-06,time-not-supplied,2024-06-30
TAP,2024-11-07,time-not-supplied,2024-09-30
TAP,2025-02-13,time-not-supplied,2024-12-31
TAP,2025-05-08,time-not-supplied,2025-03-31
TAP,2025-08-05,time-not-supplied,2025-06-30
TAP,2025-11-04,time-not-supplied,2025-09-30
TAP,2026-02-18,time-after-hours,2025-12-31
TAP,2026-05-06,before-market-open,2026-03-31
TDG,2023-02-07,time-not-supplied,2022-12-31
TDG,2023-05-09,time-not-supplied,2023-03-31
TDG,2023-08-08,time-not-supplied,2023-06-30
TDG,2023-11-09,time-not-supplied,2023-09-30
TDG,2024-02-08,time-not-supplied,2023-12-31
TDG,2024-05-07,time-not-supplied,2024-03-31
TDG,2024-08-06,time-not-supplied,2024-06-30
TDG,2024-11-07,time-not-supplied,2024-09-30
TDG,2025-02-04,time-not-supplied,2024-12-31
TDG,2025-05-06,time-not-supplied,2025-03-31
TDG,2025-08-05,time-not-supplied,2025-06-30
TDG,2025-11-12,time-not-supplied,2025-09-30
TDG,2026-02-03,time-not-supplied,2025-12-31
TDG,2026-05-04,before-market-open,2026-06-30
TDY,2023-01-25,time-not-supplied,2022-12-31
TDY,2023-04-26,time-not-supplied,2023-03-31
TDY,2023-07-26,time-not-supplied,2023-06-30
TDY,2023-10-25,time-not-supplied,2023-09-30
TDY,2024-01-24,time-not-supplied,2023-12-31
TDY,2024-04-24,time-not-supplied,2024-03-31
TDY,2024-07-24,time-not-supplied,2024-06-30
TDY,2024-10-23,time-not-supplied,2024-09-30
TDY,2025-01-22,time-not-supplied,2024-12-31
TDY,2025-04-23,time-not-supplied,2025-03-31
TDY,2025-07-23,time-not-supplied,2025-06-30
TDY,2025-10-22,time-not-supplied,2025-09-30
TDY,2026-01-21,time-pre-market,2025-12-31
TDY,2026-01-28,time-not-supplied,2025-12-31
TDY,2026-04-20,before-market-open,2026-03-31
TECH,2023-02-02,time-not-supplied,2022-12-31
TECH,2023-05-03,time-not-supplied,2023-03-31
TECH,2023-08-08,time-not-supplied,2023-06-30
TECH,2023-10-31,time-not-supplied,2023-09-30
TECH,2024-02-01,time-not-supplied,2023-12-31
TECH,2024-05-01,time-not-supplied,2024-03-31
TECH,2024-08-07,time-not-supplied,2024-06-30
TECH,2024-10-30,time-not-supplied,2024-09-30
TECH,2025-02-05,time-not-supplied,2024-12-31
TECH,2025-05-07,time-not-supplied,2025-03-31
TECH,2025-08-06,time-not-supplied,2025-06-30
TECH,2025-11-05,time-not-supplied,2025-09-30
TECH,2026-02-04,time-pre-market,2025-12-31
TECH,2026-05-05,before-market-open,2026-09-30
TEL,2023-01-25,time-not-supplied,2022-12-31
TEL,2023-04-26,time-not-supplied,2023-03-31
TEL,2023-07-26,time-not-supplied,2023-06-30
TEL,2023-11-01,time-not-supplied,2023-09-30
TEL,2024-01-24,time-not-supplied,2023-12-31
TEL,2024-04-24,time-not-supplied,2024-03-31
TEL,2024-07-24,time-not-supplied,2024-06-30
TEL,2024-10-30,time-not-supplied,2024-09-30
TEL,2025-01-22,time-not-supplied,2024-12-31
TEL,2025-04-23,time-not-supplied,2025-03-31
TEL,2025-07-23,time-not-supplied,2025-06-30
TEL,2025-10-29,time-not-supplied,2025-09-30
TEL,2026-01-21,time-pre-market,2025-12-31
TEL,2026-04-21,time-not-supplied,2026-06-30
TER,2023-01-25,time-not-supplied,2022-12-31
TER,2023-04-26,time-not-supplied,2023-03-31
TER,2023-07-26,time-not-supplied,2023-06-30
TER,2023-10-25,time-not-supplied,2023-09-30
TER,2024-01-30,time-not-supplied,2023-12-31
TER,2024-04-24,time-not-supplied,2024-03-31
TER,2024-07-24,time-not-supplied,2024-06-30
TER,2025-01-29,time-not-supplied,2024-12-31
TER,2025-04-28,time-not-supplied,2025-03-31
TER,2025-07-29,time-not-supplied,2025-06-30
TER,2025-10-28,time-not-supplied,2025-09-30
TER,2026-02-02,time-after-hours,2025-12-31
TER,2026-04-27,after-market-close,2026-03-31
TFC,2023-01-19,time-not-supplied,2022-12-31
TFC,2023-04-20,time-not-supplied,2023-03-31
TFC,2023-07-20,time-not-supplied,2023-06-30
TFC,2023-10-19,time-not-supplied,2023-09-30
TFC,2024-01-18,time-not-supplied,2023-12-31
TFC,2024-04-22,time-not-supplied,2024-03-31
TFC,2024-07-22,time-not-supplied,2024-06-30
TFC,2024-10-17,time-not-supplied,2024-09-30
TFC,2025-01-17,time-not-supplied,2024-12-31
TFC,2025-04-17,time-not-supplied,2025-03-31
TFC,2025-07-18,time-not-supplied,2025-06-30
TFC,2025-10-17,time-not-supplied,2025-09-30
TFC,2026-01-21,time-pre-market,2025-12-31
TFC,2026-04-17,time-not-supplied,2026-03-31
TGT,2023-02-28,time-not-supplied,2023-01-31
TGT,2023-05-17,time-not-supplied,2023-04-30
TGT,2023-08-16,time-not-supplied,2023-07-31
TGT,2023-11-15,time-not-supplied,2023-10-31
TGT,2024-03-05,time-not-supplied,2024-01-31
TGT,2024-05-22,time-not-supplied,2024-04-30
TGT,2024-08-21,time-not-supplied,2024-07-31
TGT,2024-11-20,time-not-supplied,2024-10-31
TGT,2025-03-04,time-not-supplied,2025-01-31
TGT,2025-05-21,time-not-supplied,2025-04-30
TGT,2025-08-20,time-not-supplied,2025-07-31
TGT,2025-11-19,time-not-supplied,2025-10-31
TGT,2026-05-19,time-not-supplied,2027-03-31
TJX,2023-02-22,time-not-supplied,2023-01-31
TJX,2023-05-17,time-not-supplied,2023-04-30
TJX,2023-08-16,time-not-supplied,2023-07-31
TJX,2023-11-15,time-not-supplied,2023-10-31
TJX,2024-02-28,time-not-supplied,2024-01-31
TJX,2024-05-22,time-not-supplied,2024-04-30
TJX,2024-08-21,time-not-supplied,2024-07-31
TJX,2024-11-20,time-not-supplied,2024-10-31
TJX,2025-02-26,time-not-supplied,2025-01-31
TJX,2025-05-21,time-not-supplied,2025-04-30
TJX,2025-08-20,time-not-supplied,2025-07-31
TJX,2025-11-19,time-not-supplied,2025-10-31
TJX,2026-02-25,time-not-supplied,2026-01-31
TJX,2026-05-20,time-not-supplied,2027-03-31
TKO,2023-11-07,time-not-supplied,2023-09-30
TKO,2024-02-27,time-not-supplied,2023-12-31
TKO,2024-05-08,time-not-supplied,2024-03-31
TKO,2024-08-08,time-not-supplied,2024-06-30
TKO,2024-11-06,time-not-supplied,2024-09-30
TKO,2025-02-26,time-not-supplied,2024-12-31
TKO,2025-05-08,time-not-supplied,2025-03-31
TKO,2025-08-06,time-not-supplied,2025-06-30
TKO,2025-11-05,time-not-supplied,2025-09-30
TKO,2026-02-25,time-not-supplied,2025-12-31
TKO,2026-05-06,time-not-supplied,2026-03-31
TMO,2023-02-01,time-not-supplied,2022-12-31
TMO,2023-04-26,time-not-supplied,2023-03-31
TMO,2023-07-26,time-not-supplied,2023-06-30
TMO,2023-10-25,time-not-supplied,2023-09-30
TMO,2024-01-31,time-not-supplied,2023-12-31
TMO,2024-04-24,time-not-supplied,2024-03-31
TMO,2024-07-24,time-not-supplied,2024-06-30
TMO,2024-10-23,time-not-supplied,2024-09-30
TMO,2025-01-30,time-not-supplied,2024-12-31
TMO,2025-04-23,time-not-supplied,2025-03-31
TMO,2025-07-23,time-not-supplied,2025-06-30
TMO,2025-10-22,time-not-supplied,2025-09-30
TMO,2026-01-29,time-not-supplied,2025-12-31
TMO,2026-04-21,before-market-open,2026-03-31
TMUS,2023-02-01,time-not-supplied,2022-12-31
TMUS,2023-04-27,time-not-supplied,2023-03-31
TMUS,2023-07-27,time-not-supplied,2023-06-30
TMUS,2023-10-25,time-not-supplied,2023-09-30
TMUS,2024-01-25,time-not-supplied,2023-12-31
TMUS,2024-04-25,time-not-supplied,2024-03-31
TMUS,2024-07-31,time-not-supplied,2024-06-30
TMUS,2024-10-23,time-not-supplied,2024-09-30
TMUS,2025-01-29,time-not-supplied,2024-12-31
TMUS,2025-04-24,time-not-supplied,2025-03-31
TMUS,2025-07-23,time-not-supplied,2025-06-30
TMUS,2025-10-23,time-pre-market,2025-09-30
TMUS,2026-02-11,time-pre-market,2025-12-31
TMUS,2026-04-22,time-not-supplied,2026-03-31
TPL,2023-02-22,time-not-supplied,2022-12-31
TPL,2023-05-03,time-not-supplied,2023-03-31
TPL,2023-08-02,time-not-supplied,2023-06-30
TPL,2023-11-01,time-not-supplied,2023-09-30
TPL,2024-02-21,time-not-supplied,2023-12-31
TPL,2024-05-08,time-not-supplied,2024-03-31
TPL,2024-08-07,time-not-supplied,2024-06-30
TPL,2024-11-06,time-not-supplied,2024-09-30
TPL,2025-02-19,time-not-supplied,2024-12-31
TPL,2025-05-07,time-not-supplied,2025-03-31
TPL,2025-08-06,time-not-supplied,2025-06-30
TPL,2025-11-05,time-not-supplied,2025-09-30
TPL,2026-02-18,time-after-hours,2025-12-31
TPL,2026-05-05,time-not-supplied,2026-03-31
TPR,2023-02-09,time-not-supplied,2022-12-31
TPR,2023-05-11,time-not-supplied,2023-03-31
TPR,2023-08-17,time-not-supplied,2023-06-30
TPR,2023-11-09,time-not-supplied,2023-09-30
TPR,2024-02-08,time-not-supplied,2023-12-31
TPR,2024-05-09,time-not-supplied,2024-03-31
TPR,2024-08-15,time-not-supplied,2024-06-30
TPR,2024-11-07,time-not-supplied,2024-09-30
TPR,2025-02-06,time-not-supplied,2024-12-31
TPR,2025-05-08,time-not-supplied,2025-03-31
TPR,2025-08-14,time-not-supplied,2025-06-30
TPR,2025-11-06,time-not-supplied,2025-09-30
TPR,2026-02-05,time-not-supplied,2025-12-31
TPR,2026-05-06,before-market-open,2026-09-30
TRGP,2023-02-22,time-not-supplied,2022-12-31
TRGP,2023-05-04,time-not-supplied,2023-03-31
TRGP,2023-08-03,time-not-supplied,2023-06-30
TRGP,2023-11-02,time-not-supplied,2023-09-30
TRGP,2024-02-15,time-not-supplied,2023-12-31
TRGP,2024-05-02,time-not-supplied,2024-03-31
TRGP,2024-08-01,time-not-supplied,2024-06-30
TRGP,2024-11-05,time-not-supplied,2024-09-30
TRGP,2025-02-20,time-not-supplied,2024-12-31
TRGP,2025-05-01,time-not-supplied,2025-03-31
TRGP,2025-08-07,time-not-supplied,2025-06-30
TRGP,2025-11-05,time-not-supplied,2025-09-30
TRGP,2026-02-19,time-pre-market,2025-12-31
TRGP,2026-04-29,before-market-open,2026-03-31
TRMB,2023-02-08,time-not-supplied,2022-12-31
TRMB,2023-05-03,time-not-supplied,2023-03-31
TRMB,2023-08-03,time-not-supplied,2023-06-30
TRMB,2023-11-01,time-not-supplied,2023-09-30
TRMB,2024-02-12,time-not-supplied,2023-12-31
TRMB,2024-05-03,time-not-supplied,2024-03-31
TRMB,2024-08-06,time-not-supplied,2024-06-30
TRMB,2024-11-06,time-not-supplied,2024-09-30
TRMB,2025-02-19,time-not-supplied,2024-12-31
TRMB,2025-05-07,time-not-supplied,2025-03-31
TRMB,2025-08-06,time-not-supplied,2025-06-30
TRMB,2025-11-05,time-not-supplied,2025-09-30
TRMB,2026-02-10,time-pre-market,2025-12-31
TRMB,2026-05-05,time-not-supplied,2026-03-31
TROW,2023-01-26,time-not-supplied,2022-12-31
TROW,2023-05-02,time-not-supplied,2023-03-31
TROW,2023-07-28,time-not-supplied,2023-06-30
TROW,2023-10-27,time-not-supplied,2023-09-30
TROW,2024-02-08,time-not-supplied,2023-12-31
TROW,2024-04-26,time-not-supplied,2024-03-31
TROW,2024-07-26,time-not-supplied,2024-06-30
TROW,2024-11-01,time-not-supplied,2024-09-30
TROW,2025-02-05,time-not-supplied,2024-12-31
TROW,2025-05-02,time-not-supplied,2025-03-31
TROW,2025-08-01,time-not-supplied,2025-06-30
TROW,2025-10-31,time-not-supplied,2025-09-30
TROW,2026-02-04,time-pre-market,2025-12-31
TROW,2026-04-30,before-market-open,2026-03-31
TRV,2023-01-24,time-not-supplied,2022-12-31
TRV,2023-04-19,time-not-supplied,2023-03-31
TRV,2023-07-20,time-not-supplied,2023-06-30
TRV,2023-10-18,time-not-supplied,2023-09-30
TRV,2024-01-19,time-not-supplied,2023-12-31
TRV,2024-04-17,time-not-supplied,2024-03-31
TRV,2024-07-19,time-not-supplied,2024-06-30
TRV,2024-10-17,time-not-supplied,2024-09-30
TRV,2025-01-22,time-not-supplied,2024-12-31
TRV,2025-04-16,time-not-supplied,2025-03-31
TRV,2025-07-17,time-not-supplied,2025-06-30
TRV,2025-10-16,time-not-supplied,2025-09-30
TRV,2026-01-21,time-pre-market,2025-12-31
TRV,2026-04-14,before-market-open,2026-03-31
TSCO,2023-01-26,time-not-supplied,2022-12-31
TSCO,2023-04-27,time-not-supplied,2023-03-31
TSCO,2023-07-27,time-not-supplied,2023-06-30
TSCO,2023-10-26,time-not-supplied,2023-09-30
TSCO,2024-02-01,time-not-supplied,2023-12-31
TSCO,2024-04-25,time-not-supplied,2024-03-31
TSCO,2024-07-25,time-not-supplied,2024-06-30
TSCO,2024-10-24,time-not-supplied,2024-09-30
TSCO,2025-01-30,time-not-supplied,2024-12-31
TSCO,2025-04-24,time-not-supplied,2025-03-31
TSCO,2025-07-24,time-not-supplied,2025-06-30
TSCO,2025-10-23,time-pre-market,2025-09-30
TSCO,2026-01-29,time-not-supplied,2025-12-31
TSCO,2026-04-22,time-not-supplied,2026-03-31
TSLA,2023-01-25,time-not-supplied,2022-12-31
TSLA,2023-04-19,time-not-supplied,2023-03-31
TSLA,2023-07-19,time-not-supplied,2023-06-30
TSLA,2023-10-18,time-not-supplied,2023-09-30
TSLA,2024-01-24,time-not-supplied,2023-12-31
TSLA,2024-04-23,time-not-supplied,2024-03-31
TSLA,2024-07-23,time-not-supplied,2024-06-30
TSLA,2024-10-23,time-not-supplied,2024-09-30
TSLA,2025-01-29,time-not-supplied,2024-12-31
TSLA,2025-04-22,time-not-supplied,2025-03-31
TSLA,2025-07-23,time-not-supplied,2025-06-30
TSLA,2025-10-22,time-not-supplied,2025-09-30
TSLA,2026-01-28,time-after-hours,2025-12-31
TSLA,2026-04-20,after-market-close,2026-03-31
TSN,2023-02-06,time-not-supplied,2022-12-31
TSN,2023-05-08,time-not-supplied,2023-03-31
TSN,2023-08-07,time-not-supplied,2023-06-30
TSN,2023-11-13,time-not-supplied,2023-09-30
TSN,2024-02-05,time-not-supplied,2023-12-31
TSN,2024-05-06,time-not-supplied,2024-03-31
TSN,2024-08-05,time-not-supplied,2024-06-30
TSN,2024-11-12,time-not-supplied,2024-09-30
TSN,2025-02-03,time-not-supplied,2024-12-31
TSN,2025-05-05,time-not-supplied,2025-03-31
TSN,2025-08-04,time-not-supplied,2025-06-30
TSN,2025-11-10,time-not-supplied,2025-09-30
TSN,2026-02-02,time-pre-market,2025-12-31
TSN,2026-05-04,before-market-open,2026-06-30
TT,2023-02-02,time-not-supplied,2022-12-31
TT,2023-05-03,time-not-supplied,2023-03-31
TT,2023-08-02,time-not-supplied,2023-06-30
TT,2023-11-01,time-not-supplied,2023-09-30
TT,2024-02-01,time-not-supplied,2023-12-31
TT,2024-04-30,time-not-supplied,2024-03-31
TT,2024-07-31,time-not-supplied,2024-06-30
TT,2024-10-30,time-not-supplied,2024-09-30
TT,2025-01-30,time-not-supplied,2024-12-31
TT,2025-04-30,time-not-supplied,2025-03-31
TT,2025-07-30,time-not-supplied,2025-06-30
TT,2025-10-30,time-not-supplied,2025-09-30
TT,2026-01-29,time-not-supplied,2025-12-31
TTD,2023-02-15,time-not-supplied,2022-12-31
TTD,2023-05-10,time-not-supplied,2023-03-31
TTD,2023-08-09,time-not-supplied,2023-06-30
TTD,2023-11-09,time-not-supplied,2023-09-30
TTD,2024-02-15,time-not-supplied,2023-12-31
TTD,2024-05-08,time-not-supplied,2024-03-31
TTD,2024-08-08,time-not-supplied,2024-06-30
TTD,2024-11-07,time-not-supplied,2024-09-30
TTD,2025-02-12,time-not-supplied,2024-12-31
TTD,2025-05-08,time-not-supplied,2025-03-31
TTD,2025-08-07,time-not-supplied,2025-06-30
TTD,2025-11-06,time-not-supplied,2025-09-30
TTD,2026-02-25,time-not-supplied,2025-12-31
TTD,2026-05-06,after-market-close,2026-03-31
TTWO,2023-02-06,time-not-supplied,2022-12-31
TTWO,2023-05-17,time-not-supplied,2023-03-31
TTWO,2023-08-08,time-not-supplied,2023-06-30
TTWO,2023-11-08,time-not-supplied,2023-09-30
TTWO,2024-02-08,time-not-supplied,2023-12-31
TTWO,2024-05-16,time-not-supplied,2024-03-31
TTWO,2024-08-08,time-not-supplied,2024-06-30
TTWO,2024-11-06,time-not-supplied,2024-09-30
TTWO,2025-02-06,time-not-supplied,2024-12-31
TTWO,2025-05-15,time-not-supplied,2025-03-31
TTWO,2025-08-07,time-not-supplied,2025-06-30
TTWO,2025-11-06,time-not-supplied,2025-09-30
TTWO,2026-02-03,time-not-supplied,2025-12-31
TTWO,2026-05-13,after-market-close,2026-12-31
TXN,2023-01-24,time-not-supplied,2022-12-31
TXN,2023-04-25,time-not-supplied,2023-03-31
TXN,2023-07-25,time-not-supplied,2023-06-30
TXN,2023-10-24,time-not-supplied,2023-09-30
TXN,2024-01-23,time-not-supplied,2023-12-31
TXN,2024-04-23,time-not-supplied,2024-03-31
TXN,2024-07-23,time-not-supplied,2024-06-30
TXN,2024-10-22,time-not-supplied,2024-09-30
TXN,2025-01-23,time-not-supplied,2024-12-31
TXN,2025-04-23,time-not-supplied,2025-03-31
TXN,2025-07-22,time-not-supplied,2025-06-30
TXN,2025-10-21,time-not-supplied,2025-09-30
TXN,2026-01-27,time-not-supplied,2025-12-31
TXN,2026-04-21,after-market-close,2026-03-31
TXT,2023-01-25,time-not-supplied,2022-12-31
TXT,2023-04-27,time-not-supplied,2023-03-31
TXT,2023-07-27,time-not-supplied,2023-06-30
TXT,2023-10-26,time-not-supplied,2023-09-30
TXT,2024-01-24,time-not-supplied,2023-12-31
TXT,2024-04-25,time-not-supplied,2024-03-31
TXT,2024-07-18,time-not-supplied,2024-06-30
TXT,2024-10-24,time-not-supplied,2024-09-30
TXT,2025-01-22,time-not-supplied,2024-12-31
TXT,2025-04-24,time-not-supplied,2025-03-31
TXT,2025-07-24,time-not-supplied,2025-06-30
TXT,2025-10-23,time-pre-market,2025-09-30
TXT,2026-01-28,time-pre-market,2025-12-31
TXT,2026-04-22,before-market-open,2026-03-31
TYL,2023-02-15,time-not-supplied,2022-12-31
TYL,2023-04-26,time-not-supplied,2023-03-31
TYL,2023-07-26,time-not-supplied,2023-06-30
TYL,2023-11-01,time-not-supplied,2023-09-30
TYL,2024-02-14,time-not-supplied,2023-12-31
TYL,2024-04-24,time-not-supplied,2024-03-31
TYL,2024-07-24,time-not-supplied,2024-06-30
TYL,2024-10-23,time-not-supplied,2024-09-30
TYL,2025-02-12,time-not-supplied,2024-12-31
TYL,2025-04-23,time-not-supplied,2025-03-31
TYL,2025-07-30,time-not-supplied,2025-06-30
TYL,2025-10-29,time-not-supplied,2025-09-30
TYL,2026-02-11,time-after-hours,2025-12-31
TYL,2026-04-21,after-market-close,2026-03-31
UAL,2023-01-17,time-not-supplied,2022-12-31
UAL,2023-04-18,time-not-supplied,2023-03-31
UAL,2023-07-19,time-not-supplied,2023-06-30
UAL,2023-10-17,time-not-supplied,2023-09-30
UAL,2024-04-16,time-not-supplied,2024-03-31
UAL,2024-07-17,time-not-supplied,2024-06-30
UAL,2024-10-15,time-not-supplied,2024-09-30
UAL,2025-01-21,time-not-supplied,2024-12-31
UAL,2025-04-15,time-not-supplied,2025-03-31
UAL,2025-07-16,time-not-supplied,2025-06-30
UAL,2025-10-15,time-not-supplied,2025-09-30
UAL,2026-01-20,time-after-hours,2025-12-31
UAL,2026-04-13,time-not-supplied,2026-03-31
UBER,2023-02-08,time-not-supplied,2022-12-31
UBER,2023-05-02,time-not-supplied,2023-03-31
UBER,2023-08-01,time-not-supplied,2023-06-30
UBER,2023-11-07,time-not-supplied,2023-09-30
UBER,2024-02-07,time-not-supplied,2023-12-31
UBER,2024-05-08,time-not-supplied,2024-03-31
UBER,2024-08-06,time-not-supplied,2024-06-30
UBER,2024-10-31,time-not-supplied,2024-09-30
UBER,2025-02-05,time-not-supplied,2024-12-31
UBER,2025-05-07,time-not-supplied,2025-03-31
UBER,2025-08-06,time-not-supplied,2025-06-30
UBER,2025-11-04,time-not-supplied,2025-09-30
UBER,2026-02-04,time-pre-market,2025-12-31
UBER,2026-05-05,before-market-open,2026-03-31
UDR,2023-02-06,time-not-supplied,2022-12-31
UDR,2023-04-26,time-not-supplied,2023-03-31
UDR,2023-07-26,time-not-supplied,2023-06-30
UDR,2023-10-26,time-not-supplied,2023-09-30
UDR,2024-02-06,time-not-supplied,2023-12-31
UDR,2024-04-30,time-not-supplied,2024-03-31
UDR,2024-07-30,time-not-supplied,2024-06-30
UDR,2024-10-30,time-not-supplied,2024-09-30
UDR,2025-02-05,time-not-supplied,2024-12-31
UDR,2025-04-30,time-not-supplied,2025-03-31
UDR,2025-07-30,time-not-supplied,2025-06-30
UDR,2025-10-29,time-not-supplied,2025-09-30
UDR,2026-02-09,time-not-supplied,2025-12-31
UDR,2026-04-28,after-market-close,2026-03-31
UHS,2023-02-27,time-not-supplied,2022-12-31
UHS,2023-04-25,time-not-supplied,2023-03-31
UHS,2023-07-25,time-not-supplied,2023-06-30
UHS,2023-10-25,time-not-supplied,2023-09-30
UHS,2024-02-27,time-not-supplied,2023-12-31
UHS,2024-04-24,time-not-supplied,2024-03-31
UHS,2024-07-24,time-not-supplied,2024-06-30
UHS,2024-10-24,time-not-supplied,2024-09-30
UHS,2025-02-26,time-not-supplied,2024-12-31
UHS,2025-04-28,time-not-supplied,2025-03-31
UHS,2025-07-28,time-not-supplied,2025-06-30
UHS,2025-10-27,time-not-supplied,2025-09-30
UHS,2026-02-25,time-not-supplied,2025-12-31
UHS,2026-04-27,after-market-close,2026-03-31
ULTA,2023-03-09,time-not-supplied,2023-01-31
ULTA,2023-05-25,time-not-supplied,2023-04-30
ULTA,2023-08-24,time-not-supplied,2023-07-31
ULTA,2023-11-30,time-not-supplied,2023-10-31
ULTA,2024-03-14,time-not-supplied,2024-01-31
ULTA,2024-05-30,time-not-supplied,2024-04-30
ULTA,2024-08-29,time-not-supplied,2024-07-31
ULTA,2024-12-05,time-not-supplied,2024-10-31
ULTA,2025-03-13,time-not-supplied,2025-01-31
ULTA,2025-05-29,time-not-supplied,2025-04-30
ULTA,2025-08-28,time-not-supplied,2025-07-31
ULTA,2025-12-04,time-not-supplied,2025-10-31
ULTA,2026-05-27,time-not-supplied,2027-03-31
UNH,2023-01-13,time-not-supplied,2022-12-31
UNH,2023-04-14,time-not-supplied,2023-03-31
UNH,2023-07-14,time-not-supplied,2023-06-30
UNH,2023-10-13,time-not-supplied,2023-09-30
UNH,2024-01-12,time-not-supplied,2023-12-31
UNH,2024-04-16,time-not-supplied,2024-03-31
UNH,2024-07-16,time-not-supplied,2024-06-30
UNH,2024-10-15,time-not-supplied,2024-09-30
UNH,2025-01-16,time-not-supplied,2024-12-31
UNH,2025-04-17,time-not-supplied,2025-03-31
UNH,2025-07-29,time-not-supplied,2025-06-30
UNH,2025-10-28,time-not-supplied,2025-09-30
UNH,2026-01-27,time-not-supplied,2025-12-31
UNH,2026-04-15,before-market-open,2026-03-31
UNP,2023-01-24,time-not-supplied,2022-12-31
UNP,2023-04-20,time-not-supplied,2023-03-31
UNP,2023-07-26,time-not-supplied,2023-06-30
UNP,2023-10-19,time-not-supplied,2023-09-30
UNP,2024-01-25,time-not-supplied,2023-12-31
UNP,2024-04-25,time-not-supplied,2024-03-31
UNP,2024-07-25,time-not-supplied,2024-06-30
UNP,2024-10-24,time-not-supplied,2024-09-30
UNP,2025-01-23,time-not-supplied,2024-12-31
UNP,2025-04-24,time-not-supplied,2025-03-31
UNP,2025-07-24,time-not-supplied,2025-06-30
UNP,2025-10-23,time-pre-market,2025-09-30
UNP,2026-01-27,time-not-supplied,2025-12-31
UNP,2026-04-22,before-market-open,2026-03-31
UPS,2023-01-31,time-not-supplied,2022-12-31
UPS,2023-04-25,time-not-supplied,2023-03-31
UPS,2023-08-08,time-not-supplied,2023-06-30
UPS,2023-10-26,time-not-supplied,2023-09-30
UPS,2024-01-30,time-not-supplied,2023-12-31
UPS,2024-04-23,time-not-supplied,2024-03-31
UPS,2024-07-23,time-not-supplied,2024-06-30
UPS,2024-10-24,time-not-supplied,2024-09-30
UPS,2025-01-30,time-not-supplied,2024-12-31
UPS,2025-04-29,time-not-supplied,2025-03-31
UPS,2025-07-29,time-not-supplied,2025-06-30
UPS,2025-10-28,time-not-supplied,2025-09-30
UPS,2026-01-27,time-not-supplied,2025-12-31
UPS,2026-04-27,before-market-open,2026-03-31
URI,2023-01-25,time-not-supplied,2022-12-31
URI,2023-04-26,time-not-supplied,2023-03-31
URI,2023-07-26,time-not-supplied,2023-06-30
URI,2023-10-25,time-not-supplied,2023-09-30
URI,2024-01-24,time-not-supplied,2023-12-31
URI,2024-04-24,time-not-supplied,2024-03-31
URI,2024-07-24,time-not-supplied,2024-06-30
URI,2024-10-23,time-not-supplied,2024-09-30
URI,2025-01-29,time-not-supplied,2024-12-31
URI,2025-04-23,time-not-supplied,2025-03-31
URI,2025-07-23,time-not-supplied,2025-06-30
URI,2025-10-22,time-not-supplied,2025-09-30
URI,2026-04-21,after-market-close,2026-03-31
USB,2023-01-25,time-not-supplied,2022-12-31
USB,2023-04-19,time-not-supplied,2023-03-31
USB,2023-07-19,time-not-supplied,2023-06-30
USB,2023-10-18,time-not-supplied,2023-09-30
USB,2024-01-17,time-not-supplied,2023-12-31
USB,2024-04-17,time-not-supplied,2024-03-31
USB,2024-07-17,time-not-supplied,2024-06-30
USB,2024-10-16,time-not-supplied,2024-09-30
USB,2025-01-16,time-not-supplied,2024-12-31
USB,2025-04-16,time-not-supplied,2025-03-31
USB,2025-07-17,time-not-supplied,2025-06-30
USB,2025-10-16,time-not-supplied,2025-09-30
USB,2026-01-20,time-pre-market,2025-12-31
USB,2026-04-16,time-not-supplied,2026-03-31
V,2023-01-26,time-not-supplied,2022-12-31
V,2023-04-25,time-not-supplied,2023-03-31
V,2023-07-25,time-not-supplied,2023-06-30
V,2023-10-24,time-not-supplied,2023-09-30
V,2024-01-25,time-not-supplied,2023-12-31
V,2024-04-23,time-not-supplied,2024-03-31
V,2024-07-23,time-not-supplied,2024-06-30
V,2024-10-29,time-not-supplied,2024-09-30
V,2025-01-30,time-not-supplied,2024-12-31
V,2025-04-29,time-not-supplied,2025-03-31
V,2025-07-29,time-not-supplied,2025-06-30
V,2025-10-28,time-not-supplied,2025-09-30
V,2026-01-29,time-not-supplied,2025-12-31
V,2026-04-27,after-market-close,2026-06-30
VICI,2023-02-23,time-not-supplied,2022-12-31
VICI,2023-05-01,time-not-supplied,2023-03-31
VICI,2023-07-26,time-not-supplied,2023-06-30
VICI,2023-10-25,time-not-supplied,2023-09-30
VICI,2024-02-22,time-not-supplied,2023-12-31
VICI,2024-05-01,time-not-supplied,2024-03-31
VICI,2024-07-31,time-not-supplied,2024-06-30
VICI,2024-10-31,time-not-supplied,2024-09-30
VICI,2025-02-20,time-not-supplied,2024-12-31
VICI,2025-04-30,time-not-supplied,2025-03-31
VICI,2025-07-30,time-not-supplied,2025-06-30
VICI,2025-10-30,time-not-supplied,2025-09-30
VICI,2026-02-25,time-not-supplied,2025-12-31
VICI,2026-04-28,time-not-supplied,2026-03-31
VLO,2023-01-26,time-not-supplied,2022-12-31
VLO,2023-04-27,time-not-supplied,2023-03-31
VLO,2023-07-27,time-not-supplied,2023-06-30
VLO,2023-10-26,time-not-supplied,2023-09-30
VLO,2024-01-25,time-not-supplied,2023-12-31
VLO,2024-04-25,time-not-supplied,2024-03-31
VLO,2024-07-25,time-not-supplied,2024-06-30
VLO,2024-10-24,time-not-supplied,2024-09-30
VLO,2025-01-30,time-not-supplied,2024-12-31
VLO,2025-04-24,time-not-supplied,2025-03-31
VLO,2025-07-24,time-not-supplied,2025-06-30
VLO,2025-10-23,time-pre-market,2025-09-30
VLO,2026-01-29,time-not-supplied,2025-12-31
VLO,2026-04-22,before-market-open,2026-03-31
VLTO,2023-10-25,time-not-supplied,2023-09-30
VLTO,2024-02-06,time-not-supplied,2023-12-31
VLTO,2024-04-23,time-not-supplied,2024-03-31
VLTO,2024-07-25,time-not-supplied,2024-06-30
VLTO,2024-10-23,time-not-supplied,2024-09-30
VLTO,2025-02-04,time-not-supplied,2024-12-31
VLTO,2025-04-29,time-not-supplied,2025-03-31
VLTO,2025-07-28,time-not-supplied,2025-06-30
VLTO,2025-10-28,time-not-supplied,2025-09-30
VLTO,2026-02-03,time-not-supplied,2025-12-31
VLTO,2026-04-27,after-market-close,2026-03-31
VMC,2023-02-16,time-not-supplied,2022-12-31
VMC,2023-05-04,time-not-supplied,2023-03-31
VMC,2023-08-03,time-not-supplied,2023-06-30
VMC,2023-10-26,time-not-supplied,2023-09-30
VMC,2024-02-16,time-not-supplied,2023-12-31
VMC,2024-05-02,time-not-supplied,2024-03-31
VMC,2024-08-06,time-not-supplied,2024-06-30
VMC,2024-10-30,time-not-supplied,2024-09-30
VMC,2025-02-18,time-not-supplied,2024-12-31
VMC,2025-04-30,time-not-supplied,2025-03-31
VMC,2025-07-31,time-not-supplied,2025-06-30
VMC,2025-10-30,time-not-supplied,2025-09-30
VMC,2026-02-17,time-pre-market,2025-12-31
VMC,2026-04-28,time-not-supplied,2026-03-31
VRSK,2023-02-28,time-not-supplied,2022-12-31
VRSK,2023-05-03,time-not-supplied,2023-03-31
VRSK,2023-08-02,time-not-supplied,2023-06-30
VRSK,2023-11-01,time-not-supplied,2023-09-30
VRSK,2024-02-21,time-not-supplied,2023-12-31
VRSK,2024-05-01,time-not-supplied,2024-03-31
VRSK,2024-07-31,time-not-supplied,2024-06-30
VRSK,2024-10-30,time-not-supplied,2024-09-30
VRSK,2025-02-26,time-not-supplied,2024-12-31
VRSK,2025-05-07,time-not-supplied,2025-03-31
VRSK,2025-07-30,time-not-supplied,2025-06-30
VRSK,2025-10-29,time-not-supplied,2025-09-30
VRSK,2026-02-18,time-pre-market,2025-12-31
VRSK,2026-05-05,before-market-open,2026-03-31
VRSN,2023-02-09,time-not-supplied,2022-12-31
VRSN,2023-04-27,time-not-supplied,2023-03-31
VRSN,2023-07-27,time-not-supplied,2023-06-30
VRSN,2023-10-26,time-not-supplied,2023-09-30
VRSN,2024-02-08,time-not-supplied,2023-12-31
VRSN,2024-04-25,time-not-supplied,2024-03-31
VRSN,2024-07-25,time-not-supplied,2024-06-30
VRSN,2024-10-24,time-not-supplied,2024-09-30
VRSN,2025-02-06,time-not-supplied,2024-12-31
VRSN,2025-04-24,time-not-supplied,2025-03-31
VRSN,2025-07-24,time-not-supplied,2025-06-30
VRSN,2025-10-23,time-after-hours,2025-09-30
VRSN,2026-02-05,time-after-hours,2025-12-31
VRSN,2026-04-22,time-not-supplied,2026-03-31
VRTX,2023-02-07,time-not-supplied,2022-12-31
VRTX,2023-05-01,time-not-supplied,2023-03-31
VRTX,2023-08-01,time-not-supplied,2023-06-30
VRTX,2023-11-06,time-not-supplied,2023-09-30
VRTX,2024-02-05,time-not-supplied,2023-12-31
VRTX,2024-05-06,time-not-supplied,2024-03-31
VRTX,2024-08-01,time-not-supplied,2024-06-30
VRTX,2024-11-04,time-not-supplied,2024-09-30
VRTX,2025-02-10,time-not-supplied,2024-12-31
VRTX,2025-05-05,time-not-supplied,2025-03-31
VRTX,2025-08-04,time-not-supplied,2025-06-30
VRTX,2025-11-03,time-not-supplied,2025-09-30
VRTX,2026-02-12,time-after-hours,2025-12-31
VRTX,2026-05-04,time-not-supplied,2026-03-31
VST,2023-03-01,time-not-supplied,2022-12-31
VST,2023-05-09,time-not-supplied,2023-03-31
VST,2023-08-09,time-not-supplied,2023-06-30
VST,2023-11-07,time-not-supplied,2023-09-30
VST,2024-02-28,time-not-supplied,2023-12-31
VST,2024-05-09,time-not-supplied,2024-03-31
VST,2024-08-08,time-not-supplied,2024-06-30
VST,2024-11-07,time-not-supplied,2024-09-30
VST,2025-02-27,time-not-supplied,2024-12-31
VST,2025-05-07,time-not-supplied,2025-03-31
VST,2025-08-07,time-not-supplied,2025-06-30
VST,2025-11-06,time-not-supplied,2025-09-30
VST,2026-02-26,time-not-supplied,2025-12-31
VST,2026-05-05,time-not-supplied,2026-03-31
VTR,2023-02-09,time-not-supplied,2022-12-31
VTR,2023-05-08,time-not-supplied,2023-03-31
VTR,2023-08-03,time-not-supplied,2023-06-30
VTR,2023-11-02,time-not-supplied,2023-09-30
VTR,2024-02-14,time-not-supplied,2023-12-31
VTR,2024-05-01,time-not-supplied,2024-03-31
VTR,2024-08-01,time-not-supplied,2024-06-30
VTR,2024-10-30,time-not-supplied,2024-09-30
VTR,2025-02-12,time-not-supplied,2024-12-31
VTR,2025-04-30,time-not-supplied,2025-03-31
VTR,2025-07-30,time-not-supplied,2025-06-30
VTR,2025-10-29,time-not-supplied,2025-09-30
VTR,2026-04-28,time-not-supplied,2026-03-31
VTRS,2023-02-27,time-not-supplied,2022-12-31
VTRS,2023-05-08,time-not-supplied,2023-03-31
VTRS,2023-08-07,time-not-supplied,2023-06-30
VTRS,2023-11-07,time-not-supplied,2023-09-30
VTRS,2024-02-28,time-not-supplied,2023-12-31
VTRS,2024-05-09,time-not-supplied,2024-03-31
VTRS,2024-08-08,time-not-supplied,2024-06-30
VTRS,2024-11-07,time-not-supplied,2024-09-30
VTRS,2025-02-27,time-not-supplied,2024-12-31
VTRS,2025-05-08,time-not-supplied,2025-03-31
VTRS,2025-08-07,time-not-supplied,2025-06-30
VTRS,2025-11-06,time-not-supplied,2025-09-30
VTRS,2026-02-26,time-not-supplied,2025-12-31
VTRS,2026-05-06,time-not-supplied,2026-03-31
VZ,2023-01-24,time-not-supplied,2022-12-31
VZ,2023-04-25,time-not-supplied,2023-03-31
VZ,2023-07-25,time-not-supplied,2023-06-30
VZ,2023-10-24,time-not-supplied,2023-09-30
VZ,2024-01-23,time-not-supplied,2023-12-31
VZ,2024-04-22,time-not-supplied,2024-03-31
VZ,2024-07-22,time-not-supplied,2024-06-30
VZ,2024-10-22,time-not-supplied,2024-09-30
VZ,2025-01-24,time-not-supplied,2024-12-31
VZ,2025-04-22,time-not-supplied,2025-03-31
VZ,2025-07-21,time-not-supplied,2025-06-30
VZ,2025-10-29,time-not-supplied,2025-09-30
VZ,2026-01-30,time-pre-market,2025-12-31
VZ,2026-04-21,time-not-supplied,2026-03-31
WAB,2023-02-15,time-not-supplied,2022-12-31
WAB,2023-04-26,time-not-supplied,2023-03-31
WAB,2023-07-27,time-not-supplied,2023-06-30
WAB,2023-10-25,time-not-supplied,2023-09-30
WAB,2024-02-14,time-not-supplied,2023-12-31
WAB,2024-04-24,time-not-supplied,2024-03-31
WAB,2024-07-24,time-not-supplied,2024-06-30
WAB,2024-10-23,time-not-supplied,2024-09-30
WAB,2025-02-12,time-not-supplied,2024-12-31
WAB,2025-04-23,time-not-supplied,2025-03-31
WAB,2025-07-24,time-not-supplied,2025-06-30
WAB,2025-10-22,time-not-supplied,2025-09-30
WAB,2026-02-11,time-pre-market,2025-12-31
WAB,2026-04-21,before-market-open,2026-03-31
WAT,2023-02-15,time-not-supplied,2022-12-31
WAT,2023-05-09,time-not-supplied,2023-03-31
WAT,2023-08-02,time-not-supplied,2023-06-30
WAT,2023-11-07,time-not-supplied,2023-09-30
WAT,2024-02-06,time-not-supplied,2023-12-31
WAT,2024-05-07,time-not-supplied,2024-03-31
WAT,2024-07-31,time-not-supplied,2024-06-30
WAT,2024-11-01,time-not-supplied,2024-09-30
WAT,2025-02-12,time-not-supplied,2024-12-31
WAT,2025-05-06,time-not-supplied,2025-03-31
WAT,2025-08-04,time-not-supplied,2025-06-30
WAT,2025-11-04,time-not-supplied,2025-09-30
WAT,2026-02-09,time-not-supplied,2025-12-31
WAT,2026-02-12,time-pre-market,2025-12-31
WAT,2026-05-04,before-market-open,2026-03-31
WBA,2026-04-06,before-market-open,2026-06-30
WBD,2023-02-23,time-not-supplied,2022-12-31
WBD,2023-05-05,time-not-supplied,2023-03-31
WBD,2023-08-03,time-not-supplied,2023-06-30
WBD,2023-11-08,time-not-supplied,2023-09-30
WBD,2024-02-23,time-not-supplied,2023-12-31
WBD,2024-05-09,time-not-supplied,2024-03-31
WBD,2024-08-07,time-not-supplied,2024-06-30
WBD,2024-11-07,time-not-supplied,2024-09-30
WBD,2025-02-27,time-not-supplied,2024-12-31
WBD,2025-05-08,time-not-supplied,2025-03-31
WBD,2025-08-07,time-not-supplied,2025-06-30
WBD,2025-11-06,time-not-supplied,2025-09-30
WBD,2026-02-26,time-not-supplied,2025-12-31
WBD,2026-05-06,before-market-open,2026-03-31
WDAY,2023-02-27,time-not-supplied,2023-01-31
WDAY,2023-05-25,time-not-supplied,2023-04-30
WDAY,2023-08-24,time-not-supplied,2023-07-31
WDAY,2023-11-28,time-not-supplied,2023-10-31
WDAY,2024-02-26,time-not-supplied,2024-01-31
WDAY,2024-05-23,time-not-supplied,2024-04-30
WDAY,2024-08-22,time-not-supplied,2024-07-31
WDAY,2024-11-26,time-not-supplied,2024-10-31
WDAY,2025-02-25,time-not-supplied,2025-01-31
WDAY,2025-05-22,time-not-supplied,2025-04-30
WDAY,2025-08-21,time-not-supplied,2025-07-31
WDAY,2025-11-25,time-not-supplied,2025-10-31
WDAY,2026-02-24,time-not-supplied,2026-01-31
WDAY,2026-05-20,after-market-close,2027-03-31
WDC,2023-01-31,time-not-supplied,2022-12-31
WDC,2023-05-08,time-not-supplied,2023-03-31
WDC,2023-07-31,time-not-supplied,2023-06-30
WDC,2023-10-30,time-not-supplied,2023-09-30
WDC,2024-01-25,time-not-supplied,2023-12-31
WDC,2024-04-25,time-not-supplied,2024-03-31
WDC,2024-07-31,time-not-supplied,2024-06-30
WDC,2024-10-24,time-not-supplied,2024-09-30
WDC,2025-01-29,time-not-supplied,2024-12-31
WDC,2025-04-30,time-not-supplied,2025-03-31
WDC,2025-07-30,time-not-supplied,2025-06-30
WDC,2025-10-30,time-not-supplied,2025-09-30
WDC,2026-01-29,time-not-supplied,2025-12-31
WDC,2026-04-28,before-market-open,2026-09-30
WEC,2023-02-02,time-not-supplied,2022-12-31
WEC,2023-05-01,time-not-supplied,2023-03-31
WEC,2023-08-01,time-not-supplied,2023-06-30
WEC,2023-10-31,time-not-supplied,2023-09-30
WEC,2024-02-01,time-not-supplied,2023-12-31
WEC,2024-05-01,time-not-supplied,2024-03-31
WEC,2024-07-31,time-not-supplied,2024-06-30
WEC,2024-10-31,time-not-supplied,2024-09-30
WEC,2025-02-04,time-not-supplied,2024-12-31
WEC,2025-05-06,time-not-supplied,2025-03-31
WEC,2025-07-30,time-not-supplied,2025-06-30
WEC,2025-10-30,time-not-supplied,2025-09-30
WEC,2026-05-05,before-market-open,2026-03-31
WELL,2023-02-15,time-not-supplied,2022-12-31
WELL,2023-05-02,time-not-supplied,2023-03-31
WELL,2023-07-31,time-not-supplied,2023-06-30
WELL,2023-10-30,time-not-supplied,2023-09-30
WELL,2024-02-13,time-not-supplied,2023-12-31
WELL,2024-04-29,time-not-supplied,2024-03-31
WELL,2024-07-29,time-not-supplied,2024-06-30
WELL,2024-10-28,time-not-supplied,2024-09-30
WELL,2025-02-11,time-not-supplied,2024-12-31
WELL,2025-04-28,time-not-supplied,2025-03-31
WELL,2025-07-28,time-not-supplied,2025-06-30
WELL,2025-10-27,time-not-supplied,2025-09-30
WELL,2026-02-10,time-after-hours,2025-12-31
WELL,2026-04-27,time-not-supplied,2026-03-31
WFC,2023-01-13,time-not-supplied,2022-12-31
WFC,2023-04-14,time-not-supplied,2023-03-31
WFC,2023-07-14,time-not-supplied,2023-06-30
WFC,2023-10-13,time-not-supplied,2023-09-30
WFC,2024-01-12,time-not-supplied,2023-12-31
WFC,2024-04-12,time-not-supplied,2024-03-31
WFC,2024-07-12,time-not-supplied,2024-06-30
WFC,2024-10-11,time-not-supplied,2024-09-30
WFC,2025-01-15,time-not-supplied,2024-12-31
WFC,2025-04-11,time-not-supplied,2025-03-31
WFC,2025-07-15,time-not-supplied,2025-06-30
WFC,2025-10-14,time-not-supplied,2025-09-30
WFC,2026-01-14,time-not-supplied,2025-12-31
WFC,2026-04-14,before-market-open,2026-03-31
WM,2023-01-31,time-not-supplied,2022-12-31
WM,2023-04-26,time-not-supplied,2023-03-31
WM,2023-07-25,time-not-supplied,2023-06-30
WM,2023-10-24,time-not-supplied,2023-09-30
WM,2024-02-12,time-not-supplied,2023-12-31
WM,2024-04-24,time-not-supplied,2024-03-31
WM,2024-07-24,time-not-supplied,2024-06-30
WM,2024-10-28,time-not-supplied,2024-09-30
WM,2025-01-29,time-not-supplied,2024-12-31
WM,2025-04-28,time-not-supplied,2025-03-31
WM,2025-07-28,time-not-supplied,2025-06-30
WM,2025-10-27,time-not-supplied,2025-09-30
WM,2026-01-28,time-after-hours,2025-12-31
WM,2026-04-27,after-market-close,2026-03-31
WMB,2023-02-20,time-not-supplied,2022-12-31
WMB,2023-05-03,time-not-supplied,2023-03-31
WMB,2023-08-02,time-not-supplied,2023-06-30
WMB,2023-11-01,time-not-supplied,2023-09-30
WMB,2024-02-14,time-not-supplied,2023-12-31
WMB,2024-05-06,time-not-supplied,2024-03-31
WMB,2024-08-05,time-not-supplied,2024-06-30
WMB,2024-11-06,time-not-supplied,2024-09-30
WMB,2025-02-12,time-not-supplied,2024-12-31
WMB,2025-05-05,time-not-supplied,2025-03-31
WMB,2025-08-04,time-not-supplied,2025-06-30
WMB,2025-11-03,time-not-supplied,2025-09-30
WMB,2026-05-04,before-market-open,2026-03-31
WMT,2023-02-21,time-not-supplied,2023-01-31
WMT,2023-05-18,time-not-supplied,2023-04-30
WMT,2023-08-17,time-not-supplied,2023-07-31
WMT,2023-11-16,time-not-supplied,2023-10-31
WMT,2024-02-20,time-not-supplied,2024-01-31
WMT,2024-05-16,time-not-supplied,2024-04-30
WMT,2024-08-15,time-not-supplied,2024-07-31
WMT,2024-11-19,time-not-supplied,2024-10-31
WMT,2025-02-20,time-not-supplied,2025-01-31
WMT,2025-05-15,time-not-supplied,2025-04-30
WMT,2025-08-21,time-not-supplied,2025-07-31
WMT,2025-11-20,time-not-supplied,2025-10-31
WMT,2026-02-19,time-pre-market,2026-01-31
WMT,2026-05-13,time-not-supplied,2027-03-31
WRB,2023-01-26,time-not-supplied,2022-12-31
WRB,2023-04-20,time-not-supplied,2023-03-31
WRB,2023-07-20,time-not-supplied,2023-06-30
WRB,2023-10-23,time-not-supplied,2023-09-30
WRB,2024-01-24,time-not-supplied,2023-12-31
WRB,2024-04-23,time-not-supplied,2024-03-31
WRB,2024-07-22,time-not-supplied,2024-06-30
WRB,2024-10-21,time-not-supplied,2024-09-30
WRB,2025-01-27,time-not-supplied,2024-12-31
WRB,2025-04-21,time-not-supplied,2025-03-31
WRB,2025-07-21,time-not-supplied,2025-06-30
WRB,2025-10-20,time-not-supplied,2025-09-30
WRB,2026-01-26,time-not-supplied,2025-12-31
WRB,2026-04-20,after-market-close,2026-03-31
WSM,2023-03-16,time-not-supplied,2023-01-31
WSM,2023-05-23,time-not-supplied,2023-04-30
WSM,2023-08-23,time-not-supplied,2023-07-31
WSM,2023-11-16,time-not-supplied,2023-10-31
WSM,2024-03-13,time-not-supplied,2024-01-31
WSM,2024-05-22,time-not-supplied,2024-04-30
WSM,2024-08-22,time-not-supplied,2024-07-31
WSM,2024-11-20,time-not-supplied,2024-10-31
WSM,2025-03-19,time-not-supplied,2025-01-31
WSM,2025-05-22,time-not-supplied,2025-04-30
WSM,2025-08-27,time-not-supplied,2025-07-31
WSM,2025-11-19,time-not-supplied,2025-10-31
WSM,2026-05-20,before-market-open,2027-03-31
WST,2023-02-16,time-not-supplied,2022-12-31
WST,2023-04-27,time-not-supplied,2023-03-31
WST,2023-07-27,time-not-supplied,2023-06-30
WST,2023-10-26,time-not-supplied,2023-09-30
WST,2024-02-15,time-not-supplied,2023-12-31
WST,2024-04-25,time-not-supplied,2024-03-31
WST,2024-07-25,time-not-supplied,2024-06-30
WST,2024-10-24,time-not-supplied,2024-09-30
WST,2025-02-13,time-not-supplied,2024-12-31
WST,2025-04-24,time-not-supplied,2025-03-31
WST,2025-07-24,time-not-supplied,2025-06-30
WST,2025-10-23,time-pre-market,2025-09-30
WST,2026-02-12,time-pre-market,2025-12-31
WST,2026-04-22,before-market-open,2026-03-31
WTW,2023-02-09,time-not-supplied,2022-12-31
WTW,2023-04-27,time-not-supplied,2023-03-31
WTW,2023-07-27,time-not-supplied,2023-06-30
WTW,2023-10-26,time-not-supplied,2023-09-30
WTW,2024-02-06,time-not-supplied,2023-12-31
WTW,2024-04-25,time-not-supplied,2024-03-31
WTW,2024-07-25,time-not-supplied,2024-06-30
WTW,2024-10-31,time-not-supplied,2024-09-30
WTW,2025-02-04,time-not-supplied,2024-12-31
WTW,2025-04-24,time-not-supplied,2025-03-31
WTW,2025-07-31,time-not-supplied,2025-06-30
WTW,2025-10-30,time-not-supplied,2025-09-30
WTW,2026-02-03,time-not-supplied,2025-12-31
WTW,2026-04-22,before-market-open,2026-03-31
WY,2023-01-26,time-not-supplied,2022-12-31
WY,2023-04-27,time-not-supplied,2023-03-31
WY,2023-07-27,time-not-supplied,2023-06-30
WY,2023-10-26,time-not-supplied,2023-09-30
WY,2024-01-25,time-not-supplied,2023-12-31
WY,2024-04-25,time-not-supplied,2024-03-31
WY,2024-07-25,time-not-supplied,2024-06-30
WY,2024-10-24,time-not-supplied,2024-09-30
WY,2025-01-30,time-not-supplied,2024-12-31
WY,2025-04-24,time-not-supplied,2025-03-31
WY,2025-07-24,time-not-supplied,2025-06-30
WY,2025-10-30,time-not-supplied,2025-09-30
WY,2026-01-29,time-not-supplied,2025-12-31
WY,2026-04-22,time-not-supplied,2026-03-31
WYNN,2023-02-08,time-not-supplied,2022-12-31
WYNN,2023-05-09,time-not-supplied,2023-03-31
WYNN,2023-08-09,time-not-supplied,2023-06-30
WYNN,2023-11-09,time-not-supplied,2023-09-30
WYNN,2024-02-07,time-not-supplied,2023-12-31
WYNN,2024-05-07,time-not-supplied,2024-03-31
WYNN,2024-08-06,time-not-supplied,2024-06-30
WYNN,2024-11-04,time-not-supplied,2024-09-30
WYNN,2025-02-13,time-not-supplied,2024-12-31
WYNN,2025-05-06,time-not-supplied,2025-03-31
WYNN,2025-08-07,time-not-supplied,2025-06-30
WYNN,2025-11-06,time-not-supplied,2025-09-30
WYNN,2026-02-12,time-after-hours,2025-12-31
WYNN,2026-05-04,after-market-close,2026-03-31
XEL,2023-01-26,time-not-supplied,2022-12-31
XEL,2023-04-27,time-not-supplied,2023-03-31
XEL,2023-07-27,time-not-supplied,2023-06-30
XEL,2023-10-27,time-not-supplied,2023-09-30
XEL,2024-01-25,time-not-supplied,2023-12-31
XEL,2024-04-25,time-not-supplied,2024-03-31
XEL,2024-08-01,time-not-supplied,2024-06-30
XEL,2024-10-31,time-not-supplied,2024-09-30
XEL,2025-02-06,time-not-supplied,2024-12-31
XEL,2025-04-24,time-not-supplied,2025-03-31
XEL,2025-07-31,time-not-supplied,2025-06-30
XEL,2025-10-30,time-not-supplied,2025-09-30
XEL,2026-02-05,time-not-supplied,2025-12-31
XEL,2026-04-22,time-not-supplied,2026-03-31
XOM,2023-01-31,time-not-supplied,2022-12-31
XOM,2023-04-28,time-not-supplied,2023-03-31
XOM,2023-07-28,time-not-supplied,2023-06-30
XOM,2023-10-27,time-not-supplied,2023-09-30
XOM,2024-02-02,time-not-supplied,2023-12-31
XOM,2024-04-26,time-not-supplied,2024-03-31
XOM,2024-08-02,time-not-supplied,2024-06-30
XOM,2024-11-01,time-not-supplied,2024-09-30
XOM,2025-01-31,time-not-supplied,2024-12-31
XOM,2025-05-02,time-not-supplied,2025-03-31
XOM,2025-08-01,time-not-supplied,2025-06-30
XOM,2025-10-31,time-not-supplied,2025-09-30
XOM,2026-01-30,time-pre-market,2025-12-31
XOM,2026-04-01,before-market-open,2026-03-31
XYL,2023-02-07,time-not-supplied,2022-12-31
XYL,2023-05-04,time-not-supplied,2023-03-31
XYL,2023-08-02,time-not-supplied,2023-06-30
XYL,2023-10-31,time-not-supplied,2023-09-30
XYL,2024-02-06,time-not-supplied,2023-12-31
XYL,2024-05-02,time-not-supplied,2024-03-31
XYL,2024-07-30,time-not-supplied,2024-06-30
XYL,2024-10-31,time-not-supplied,2024-09-30
XYL,2025-02-04,time-not-supplied,2024-12-31
XYL,2025-04-29,time-not-supplied,2025-03-31
XYL,2025-07-31,time-not-supplied,2025-06-30
XYL,2025-10-28,time-not-supplied,2025-09-30
XYL,2026-02-10,time-pre-market,2025-12-31
XYL,2026-04-27,before-market-open,2026-03-31
XYZ,2023-02-23,time-not-supplied,2022-12-31
XYZ,2023-05-04,time-not-supplied,2023-03-31
XYZ,2023-08-03,time-not-supplied,2023-06-30
XYZ,2023-11-02,time-not-supplied,2023-09-30
XYZ,2024-02-22,time-not-supplied,2023-12-31
XYZ,2024-05-02,time-not-supplied,2024-03-31
XYZ,2024-08-01,time-not-supplied,2024-06-30
XYZ,2024-11-07,time-not-supplied,2024-09-30
XYZ,2025-02-20,time-not-supplied,2024-12-31
XYZ,2025-05-01,time-not-supplied,2025-03-31
XYZ,2025-08-07,time-not-supplied,2025-06-30
XYZ,2025-11-06,time-not-supplied,2025-09-30
XYZ,2026-02-26,time-not-supplied,2025-12-31
XYZ,2026-04-29,after-market-close,2026-03-31
YUM,2023-02-08,time-not-supplied,2022-12-31
YUM,2023-05-03,time-not-supplied,2023-03-31
YUM,2023-08-02,time-not-supplied,2023-06-30
YUM,2023-11-01,time-not-supplied,2023-09-30
YUM,2024-02-07,time-not-supplied,2023-12-31
YUM,2024-05-01,time-not-supplied,2024-03-31
YUM,2024-08-06,time-not-supplied,2024-06-30
YUM,2024-11-05,time-not-supplied,2024-09-30
YUM,2025-02-06,time-not-supplied,2024-12-31
YUM,2025-04-30,time-not-supplied,2025-03-31
YUM,2025-08-05,time-not-supplied,2025-06-30
YUM,2025-11-04,time-not-supplied,2025-09-30
YUM,2026-02-04,time-pre-market,2025-12-31
YUM,2026-02-05,time-not-supplied,2025-12-31
YUM,2026-04-28,before-market-open,2026-03-31
ZBH,2023-02-03,time-not-supplied,2022-12-31
ZBH,2023-05-02,time-not-supplied,2023-03-31
ZBH,2023-08-01,time-not-supplied,2023-06-30
ZBH,2023-11-07,time-not-supplied,2023-09-30
ZBH,2024-02-08,time-not-supplied,2023-12-31
ZBH,2024-05-02,time-not-supplied,2024-03-31
ZBH,2024-08-07,time-not-supplied,2024-06-30
ZBH,2024-10-30,time-not-supplied,2024-09-30
ZBH,2025-02-06,time-not-supplied,2024-12-31
ZBH,2025-05-05,time-not-supplied,2025-03-31
ZBH,2025-08-07,time-not-supplied,2025-06-30
ZBH,2025-11-05,time-not-supplied,2025-09-30
ZBH,2026-02-05,time-not-supplied,2025-12-31
ZBH,2026-02-10,time-pre-market,2025-12-31
ZBH,2026-05-04,before-market-open,2026-03-31
ZBRA,2023-02-16,time-not-supplied,2022-12-31
ZBRA,2023-05-02,time-not-supplied,2023-03-31
ZBRA,2023-08-01,time-not-supplied,2023-06-30
ZBRA,2023-10-31,time-not-supplied,2023-09-30
ZBRA,2024-02-15,time-not-supplied,2023-12-31
ZBRA,2024-04-30,time-not-supplied,2024-03-31
ZBRA,2024-07-30,time-not-supplied,2024-06-30
ZBRA,2024-10-29,time-not-supplied,2024-09-30
ZBRA,2025-02-13,time-not-supplied,2024-12-31
ZBRA,2025-04-29,time-not-supplied,2025-03-31
ZBRA,2025-08-05,time-not-supplied,2025-06-30
ZBRA,2025-10-28,time-not-supplied,2025-09-30
ZBRA,2026-02-12,time-pre-market,2025-12-31
ZBRA,2026-05-12,before-market-open,2026-03-31
ZTS,2023-02-14,time-not-supplied,2022-12-31
ZTS,2023-05-04,time-not-supplied,2023-03-31
ZTS,2023-08-08,time-not-supplied,2023-06-30
ZTS,2023-11-02,time-not-supplied,2023-09-30
ZTS,2024-02-13,time-not-supplied,2023-12-31
ZTS,2024-05-02,time-not-supplied,2024-03-31
ZTS,2024-08-06,time-not-supplied,2024-06-30
ZTS,2024-11-04,time-not-supplied,2024-09-30
ZTS,2025-02-13,time-not-supplied,2024-12-31
ZTS,2025-05-06,time-not-supplied,2025-03-31
ZTS,2025-08-05,time-not-supplied,2025-06-30
ZTS,2025-11-04,time-not-supplied,2025-09-30
ZTS,2026-02-12,time-pre-market,2025-12-31
ZTS,2026-05-04,before-market-open,2026-03-31
