ticker,company_name,sector,industry,market_cap_b,pe_ratio,price,52w_high,52w_low,dividend_yield,eps,revenue_b,country,exchange,address,city,phone,zip,long_business_summary,full_time_employees,web_site,report_date
MMM,3M,Industrials,Conglomerates,40,9.4,394.47,457.59,252.18,3.31,41.96,18.2,US,NYSE,1500 Broadway,Houston,(206) 289-7912,77001,3M is a leading conglomerates company in the industrials sector.,17163,https://www.3m.com,2025-01-31
AOS,A. O. Smith,Industrials,Building Products,40,20.5,46.98,58.83,26.34,0.89,2.29,17.7,US,NYSE,300 Industrial Parkway,Los Angeles,(213) 425-8359,90001,A. O. Smith is a leading building products company in the industrials sector.,146352,https://www.a.com,2025-01-31
ABT,Abbott Laboratories,Healthcare,Medical Devices,220,8.4,491.38,674.33,407.48,1.53,58.5,48.4,US,NYSE,200 Park Avenue,Charlotte,(312) 304-2519,28201,Abbott Laboratories is a leading medical devices company in the healthcare sector.,199691,https://www.abbott.com,2025-01-31
ABBV,AbbVie,Healthcare,Biotechnology,350,56.3,85.13,109.94,74.31,3.28,1.51,137.0,US,NYSE,300 Industrial Parkway,Houston,(206) 280-5803,77001,AbbVie is a leading biotechnology company in the healthcare sector.,190100,https://www.abbvie.com,2025-01-31
ACN,Accenture,Technology,IT Services,250,48.2,359.09,383.63,230.23,1.3,7.45,46.5,US,NYSE,456 Corporate Blvd,Boston,(617) 589-5554,02101,Accenture is a leading it services company in the technology sector.,238217,https://www.accenture.com,2025-01-31
ADBE,Adobe Inc.,Technology,Software,60,28.8,392.34,470.05,248.67,1.2,13.62,34.3,US,NASDAQ,456 Corporate Blvd,Philadelphia,(212) 823-3803,19101,Adobe Inc. is a leading software company in the technology sector.,280543,https://www.adobe.com,2025-01-31
AMD,Advanced Micro Devices,Technology,Semiconductors,200,17.3,445.6,535.51,421.45,2.88,25.76,80.1,US,NASDAQ,200 Park Avenue,Philadelphia,(212) 986-1916,19101,Advanced Micro Devices is a leading semiconductors company in the technology sector.,120587,https://www.advanced.com,2025-01-31
AES,AES Corporation,Utilities,Power,25,53.9,498.43,603.33,287.33,4.11,9.25,10.1,US,NYSE,200 Park Avenue,San Jose,(415) 417-9179,95101,AES Corporation is a leading power company in the utilities sector.,207925,https://www.aes.com,2025-01-31
AFL,Aflac,Financials,Insurance,40,44.6,534.27,591.52,323.69,3.35,11.98,15.7,US,NYSE,800 Fifth Avenue,San Jose,(415) 638-7543,95101,Aflac is a leading insurance company in the financials sector.,190290,https://www.aflac.com,2025-01-31
A,Agilent Technologies,Healthcare,Life Sciences,50,64.9,155.01,194.35,90.89,0.21,2.39,10.0,US,NYSE,789 Innovation Way,Philadelphia,(212) 896-7916,19101,Agilent Technologies is a leading life sciences company in the healthcare sector.,33806,https://www.agilent.com,2025-01-31
APD,Air Products,Materials,Chemicals,25,42.0,249.32,308.46,162.2,2.49,5.94,14.4,US,NYSE,456 Corporate Blvd,Philadelphia,(212) 898-9797,19101,Air Products is a leading chemicals company in the materials sector.,140393,https://www.air.com,2025-01-31
ABNB,Airbnb,Consumer Discretionary,Hospitality,40,27.4,468.1,546.46,287.07,0.01,17.08,19.0,US,NASDAQ,555 Market Street,San Jose,(415) 712-3927,95101,Airbnb is a leading hospitality company in the consumer discretionary sector.,266671,https://www.airbnb.com,2025-01-31
AKAM,Akamai Technologies,Technology,Internet Services,60,57.6,550.2,643.39,443.23,2.74,9.55,13.1,US,NASDAQ,789 Innovation Way,Charlotte,(312) 752-9689,28201,Akamai Technologies is a leading internet services company in the technology sector.,799,https://www.akamai.com,2025-01-31
ALB,Albemarle Corporation,Materials,Chemicals,25,35.9,371.4,406.59,258.19,4.43,10.35,12.8,US,NYSE,123 Main Street,Boston,(617) 446-2290,02101,Albemarle Corporation is a leading chemicals company in the materials sector.,45407,https://www.albemarle.com,2025-01-31
ARE,Alexandria Real Estate Equities,Real Estate,REITs,25,54.5,447.19,644.49,341.24,0.57,8.21,11.2,US,NYSE,789 Innovation Way,Los Angeles,(213) 471-9645,90001,Alexandria Real Estate Equities is a leading reits company in the real estate sector.,222346,https://www.alexandria.com,2025-01-31
ALGN,Align Technology,Healthcare,Medical Devices,50,60.9,579.69,783.8,478.79,3.21,9.52,16.5,US,NASDAQ,200 Park Avenue,Philadelphia,(212) 648-9479,19101,Align Technology is a leading medical devices company in the healthcare sector.,237208,https://www.align.com,2025-01-31
ALLE,Allegion,Industrials,Building Products,40,20.8,98.97,117.3,77.72,1.04,4.76,10.0,US,NYSE,123 Main Street,San Francisco,(415) 434-2104,94105,Allegion is a leading building products company in the industrials sector.,16969,https://www.allegion.com,2025-01-31
LNT,Alliant Energy,Utilities,Electric Utilities,25,12.0,519.99,595.49,425.14,0.96,43.33,5.2,US,NYSE,800 Fifth Avenue,Houston,(206) 790-8744,77001,Alliant Energy is a leading electric utilities company in the utilities sector.,127900,https://www.alliant.com,2025-01-31
ALL,Allstate,Financials,Insurance,40,54.0,477.23,537.44,280.98,1.94,8.84,13.6,US,NYSE,123 Main Street,Denver,(303) 889-2612,80201,Allstate is a leading insurance company in the financials sector.,32278,https://www.allstate.com,2025-01-31
GOOGL,Alphabet Inc. (Class A),Communication Services,Media,2200,27.3,259.49,361.9,168.53,0.86,9.51,774.1,US,NASDAQ,789 Innovation Way,Atlanta,(404) 485-8579,30301,Alphabet Inc. (Class A) is a leading media company in the communication services sector.,131470,https://www.alphabet.com,2025-01-31
GOOG,Alphabet Inc. (Class C),Communication Services,Media,2200,12.3,528.46,725.69,471.59,0.44,42.96,975.6,US,NASDAQ,123 Main Street,Los Angeles,(213) 295-4872,90001,Alphabet Inc. (Class C) is a leading media company in the communication services sector.,87694,https://www.alphabet.com,2025-01-31
MO,Altria,Consumer Staples,Tobacco,40,35.4,261.66,365.24,238.37,0.74,7.39,6.0,US,NYSE,555 Market Street,Atlanta,(404) 665-5673,30301,Altria is a leading tobacco company in the consumer staples sector.,222277,https://www.altria.com,2025-01-31
AMZN,Amazon,Consumer Discretionary,Retail,2100,49.6,427.06,582.23,347.95,2.19,8.61,494.5,US,NASDAQ,123 Main Street,Boston,(617) 793-9883,02101,Amazon is a leading retail company in the consumer discretionary sector.,32459,https://www.amazon.com,2025-01-31
AMCR,Amcor,Materials,Packaging,25,11.3,456.35,585.8,342.78,3.84,40.38,5.5,US,NYSE,456 Corporate Blvd,Los Angeles,(213) 390-2122,90001,Amcor is a leading packaging company in the materials sector.,36131,https://www.amcor.com,2025-01-31
AEE,Ameren,Utilities,Utilities,25,21.4,414.87,455.51,375.92,1.11,19.39,10.4,US,NYSE,456 Corporate Blvd,Dallas,(214) 629-9565,75201,Ameren is a leading utilities company in the utilities sector.,166368,https://www.ameren.com,2025-01-31
AEP,American Electric Power,Utilities,Electric Utilities,25,19.6,562.78,752.14,363.26,1.78,28.71,11.3,US,NYSE,One Commerce Square,Seattle,(206) 523-2188,98101,American Electric Power is a leading electric utilities company in the utilities sector.,5383,https://www.american.com,2025-01-31
AXP,American Express,Financials,Consumer Finance,180,64.9,291.22,421.81,168.7,0.96,4.49,48.5,US,NYSE,200 Park Avenue,Houston,(206) 270-5002,77001,American Express is a leading consumer finance company in the financials sector.,194238,https://www.american.com,2025-01-31
AIG,American International Group,Financials,Insurance,40,33.0,192.44,243.88,129.13,4.43,5.83,20.5,US,NYSE,123 Main Street,Los Angeles,(213) 883-5905,90001,American International Group is a leading insurance company in the financials sector.,54809,https://www.american.com,2025-01-31
AMT,American Tower,Real Estate,REITs,100,15.7,565.19,619.55,335.05,2.49,36.0,27.3,US,NYSE,1000 Technology Drive,Dallas,(214) 934-6617,75201,American Tower is a leading reits company in the real estate sector.,107243,https://www.american.com,2025-01-31
AWK,American Water Works,Utilities,Water Utilities,25,56.6,421.87,528.25,274.4,4.09,7.45,4.3,US,NYSE,300 Industrial Parkway,Philadelphia,(212) 483-1722,19101,American Water Works is a leading water utilities company in the utilities sector.,2358,https://www.american.com,2025-01-31
AMP,Ameriprise Financial,Financials,Asset Management,40,15.5,220.13,317.41,135.3,1.99,14.2,18.7,US,NYSE,123 Main Street,Los Angeles,(213) 314-2232,90001,Ameriprise Financial is a leading asset management company in the financials sector.,78647,https://www.ameriprise.com,2025-01-31
AME,Ametek,Industrials,Electrical Equipment,40,55.6,340.99,437.49,207.74,0.57,6.13,11.5,US,NYSE,123 Main Street,Houston,(206) 566-4441,77001,Ametek is a leading electrical equipment company in the industrials sector.,131325,https://www.ametek.com,2025-01-31
AMGN,Amgen,Healthcare,Biotechnology,50,28.2,410.15,522.51,369.09,4.38,14.54,24.4,US,NASDAQ,1000 Technology Drive,Houston,(206) 366-3900,77001,Amgen is a leading biotechnology company in the healthcare sector.,216661,https://www.amgen.com,2025-01-31
APH,Amphenol,Technology,Electronics,60,50.0,44.13,52.2,40.7,3.61,0.88,32.3,US,NASDAQ,1000 Technology Drive,Charlotte,(312) 473-3608,28201,Amphenol is a leading electronics company in the technology sector.,57173,https://www.amphenol.com,2025-01-31
ADI,Analog Devices,Technology,Semiconductors,60,10.2,248.05,307.15,156.23,4.13,24.32,18.4,US,NASDAQ,1000 Technology Drive,Minneapolis,(617) 428-1387,55401,Analog Devices is a leading semiconductors company in the technology sector.,101755,https://www.analog.com,2025-01-31
AON,Aon plc,Financials,Insurance,40,23.9,257.13,277.13,220.96,1.58,10.76,15.2,US,NYSE,1500 Broadway,Philadelphia,(212) 539-1452,19101,Aon plc is a leading insurance company in the financials sector.,60972,https://www.aon.com,2025-01-31
APA,APA Corporation,Energy,Oil & Gas,35,22.9,529.91,679.47,499.93,0.17,23.14,14.6,US,NYSE,200 Park Avenue,Austin,(512) 646-9379,78701,APA Corporation is a leading oil & gas company in the energy sector.,61131,https://www.apa.com,2025-01-31
APO,Apollo Global Management,Financials,Asset Management,40,40.9,249.56,287.47,208.01,0.01,6.1,22.7,US,NYSE,1000 Technology Drive,Los Angeles,(213) 572-8066,90001,Apollo Global Management is a leading asset management company in the financials sector.,37186,https://www.apollo.com,2025-01-31
AAPL,Apple Inc.,Technology,Hardware,3500,60.5,570.86,741.7,465.45,0.56,9.44,1942.6,US,NASDAQ,555 Market Street,Los Angeles,(213) 882-7691,90001,Apple Inc. is a leading hardware company in the technology sector.,171513,https://www.apple.com,2025-01-31
AMAT,Applied Materials,Technology,Semiconductor Equipment,60,24.9,259.37,285.54,186.27,4.23,10.42,27.3,US,NASDAQ,789 Innovation Way,Houston,(206) 830-5930,77001,Applied Materials is a leading semiconductor equipment company in the technology sector.,213400,https://www.applied.com,2025-01-31
APTV,Aptiv,Consumer Discretionary,Automotive,40,8.0,342.32,398.72,247.14,2.61,42.79,17.8,US,NYSE,One Commerce Square,Denver,(303) 652-4501,80201,Aptiv is a leading automotive company in the consumer discretionary sector.,268502,https://www.aptiv.com,2025-01-31
ACGL,Arch Capital Group,Financials,Insurance,40,59.4,299.72,410.14,185.19,0.38,5.05,15.3,US,NASDAQ,800 Fifth Avenue,Philadelphia,(212) 543-2530,19101,Arch Capital Group is a leading insurance company in the financials sector.,123638,https://www.arch.com,2025-01-31
ADM,Archer Daniels Midland,Consumer Staples,Agriculture,40,20.8,413.49,467.1,231.46,1.1,19.88,14.6,US,NYSE,456 Corporate Blvd,Minneapolis,(617) 666-7790,55401,Archer Daniels Midland is a leading agriculture company in the consumer staples sector.,102440,https://www.archer.com,2025-01-31
ANET,Arista Networks,Technology,Networking,60,29.9,439.46,531.69,267.64,3.09,14.7,33.1,US,NASDAQ,456 Corporate Blvd,Minneapolis,(617) 997-7965,55401,Arista Networks is a leading networking company in the technology sector.,115235,https://www.arista.com,2025-01-31
AJG,Arthur J. Gallagher & Co.,Financials,Insurance,40,62.6,130.26,163.76,74.26,1.12,2.08,21.3,US,NYSE,789 Innovation Way,Denver,(303) 675-9702,80201,Arthur J. Gallagher & Co. is a leading insurance company in the financials sector.,293537,https://www.arthur.com,2025-01-31
AIZ,Assurant,Financials,Insurance,40,62.2,369.41,519.6,293.7,3.24,5.94,15.1,US,NYSE,1500 Broadway,Minneapolis,(617) 656-3607,55401,Assurant is a leading insurance company in the financials sector.,249366,https://www.assurant.com,2025-01-31
T,AT&T,Communication Services,Telecom,50,50.9,286.54,397.13,189.38,3.5,5.63,18.4,US,NYSE,555 Market Street,Boston,(617) 650-2269,02101,AT&T is a leading telecom company in the communication services sector.,150303,https://www.at&t.com,2025-01-31
ATO,Atmos Energy,Utilities,Gas Utilities,25,27.1,163.66,230.3,95.29,0.68,6.04,8.1,US,NYSE,1000 Technology Drive,Chicago,(312) 265-7797,60601,Atmos Energy is a leading gas utilities company in the utilities sector.,214199,https://www.atmos.com,2025-01-31
ADSK,Autodesk,Technology,Software,60,34.6,218.6,234.97,193.06,1.75,6.32,29.8,US,NASDAQ,123 Main Street,San Jose,(415) 983-7232,95101,Autodesk is a leading software company in the technology sector.,250574,https://www.autodesk.com,2025-01-31
ADP,Automatic Data Processing,Industrials,Business Services,40,28.1,33.36,45.08,29.74,4.29,1.19,13.5,US,NYSE,1500 Broadway,San Jose,(415) 817-4613,95101,Automatic Data Processing is a leading business services company in the industrials sector.,256472,https://www.automatic.com,2025-01-31
AZO,AutoZone,Consumer Discretionary,Retail,40,32.8,155.07,164.62,106.14,3.06,4.73,13.3,US,NASDAQ,One Commerce Square,Chicago,(312) 330-9751,60601,AutoZone is a leading retail company in the consumer discretionary sector.,14638,https://www.autozone.com,2025-01-31
AVB,AvalonBay Communities,Real Estate,REITs,25,41.7,546.95,719.35,319.19,1.93,13.12,13.5,US,NYSE,123 Main Street,Chicago,(312) 466-7211,60601,AvalonBay Communities is a leading reits company in the real estate sector.,172127,https://www.avalonbay.com,2025-01-31
AVY,Avery Dennison,Materials,Packaging,25,26.6,150.65,204.05,105.7,3.38,5.66,13.1,US,NYSE,456 Corporate Blvd,Seattle,(206) 681-1317,98101,Avery Dennison is a leading packaging company in the materials sector.,283310,https://www.avery.com,2025-01-31
AXON,Axon Enterprise,Industrials,Aerospace,40,62.3,59.69,68.03,34.47,4.31,0.96,6.7,US,NASDAQ,1000 Technology Drive,New York,(212) 404-1333,10001,Axon Enterprise is a leading aerospace company in the industrials sector.,80392,https://www.axon.com,2025-01-31
BKR,Baker Hughes,Energy,Oil & Gas Services,35,35.0,165.97,181.86,154.2,2.09,4.74,9.3,US,NYSE,789 Innovation Way,Austin,(512) 820-2876,78701,Baker Hughes is a leading oil & gas services company in the energy sector.,86360,https://www.baker.com,2025-01-31
BALL,Ball Corporation,Materials,Packaging,25,14.2,579.89,614.84,391.3,3.05,40.84,14.5,US,NYSE,1000 Technology Drive,Atlanta,(404) 277-4978,30301,Ball Corporation is a leading packaging company in the materials sector.,53925,https://www.ball.com,2025-01-31
BAC,Bank of America,Financials,Banks,40,25.2,427.4,565.75,372.78,3.58,16.96,16.2,US,NYSE,200 Park Avenue,New York,(212) 745-8018,10001,Bank of America is a leading banks company in the financials sector.,194785,https://www.bank.com,2025-01-31
BAX,Baxter International,Healthcare,Medical Devices,50,44.9,69.31,73.13,49.77,2.21,1.54,17.3,US,NYSE,One Commerce Square,Austin,(512) 924-3506,78701,Baxter International is a leading medical devices company in the healthcare sector.,228820,https://www.baxter.com,2025-01-31
BDX,Becton Dickinson,Healthcare,Medical Devices,50,37.7,130.4,170.85,103.85,4.14,3.46,24.9,US,NYSE,300 Industrial Parkway,Denver,(303) 948-5397,80201,Becton Dickinson is a leading medical devices company in the healthcare sector.,169480,https://www.becton.com,2025-01-31
BRK.B,Berkshire Hathaway,Financials,Conglomerates,1000,55.4,515.48,559.12,465.3,1.1,9.3,359.1,US,NYSE,300 Industrial Parkway,Dallas,(214) 544-1470,75201,Berkshire Hathaway is a leading conglomerates company in the financials sector.,259658,https://www.berkshire.com,2025-01-31
BBY,Best Buy,Consumer Discretionary,Retail,40,18.4,515.04,584.49,447.64,1.53,27.99,21.8,US,NASDAQ,555 Market Street,San Jose,(415) 769-1166,95101,Best Buy is a leading retail company in the consumer discretionary sector.,271361,https://www.best.com,2025-01-31
TECH,Bio-Techne,Healthcare,Life Sciences,50,12.9,570.4,763.21,425.19,3.41,44.22,23.0,US,NASDAQ,One Commerce Square,Philadelphia,(212) 658-1282,19101,Bio-Techne is a leading life sciences company in the healthcare sector.,49286,https://www.bio-techne.com,2025-01-31
BIIB,Biogen,Healthcare,Biotechnology,50,31.1,197.71,226.84,161.25,1.66,6.36,20.0,US,NASDAQ,300 Industrial Parkway,Austin,(512) 963-6419,78701,Biogen is a leading biotechnology company in the healthcare sector.,184950,https://www.biogen.com,2025-01-31
BLK,BlackRock,Financials,Asset Management,150,23.4,430.63,495.47,257.63,0.87,18.4,30.6,US,NYSE,789 Innovation Way,Los Angeles,(213) 396-4545,90001,BlackRock is a leading asset management company in the financials sector.,254359,https://www.blackrock.com,2025-01-31
BX,Blackstone Inc.,Financials,Asset Management,40,41.6,187.6,254.03,147.96,4.41,4.51,21.0,US,NYSE,1000 Technology Drive,Seattle,(206) 569-3939,98101,Blackstone Inc. is a leading asset management company in the financials sector.,158975,https://www.blackstone.com,2025-01-31
XYZ,Block Inc.,Financials,Fintech,40,38.4,38.06,44.14,35.77,2.49,0.99,18.6,US,NASDAQ,One Commerce Square,Chicago,(312) 305-1200,60601,Block Inc. is a leading fintech company in the financials sector.,149575,https://www.block.com,2025-01-31
BK,BNY Mellon,Financials,Asset Management,40,33.1,297.56,334.38,169.77,4.23,8.99,14.6,US,NYSE,456 Corporate Blvd,Minneapolis,(617) 610-9056,55401,BNY Mellon is a leading asset management company in the financials sector.,39340,https://www.bny.com,2025-01-31
BA,Boeing,Industrials,Aerospace,130,47.1,358.9,398.63,313.84,4.27,7.62,24.5,US,NYSE,456 Corporate Blvd,Boston,(617) 771-7818,02101,Boeing is a leading aerospace company in the industrials sector.,118825,https://www.boeing.com,2025-01-31
BKNG,Booking Holdings,Consumer Discretionary,Hospitality,40,29.7,472.15,667.34,315.84,2.65,15.9,13.7,US,NASDAQ,800 Fifth Avenue,Dallas,(214) 261-2625,75201,Booking Holdings is a leading hospitality company in the consumer discretionary sector.,109440,https://www.booking.com,2025-01-31
BSX,Boston Scientific,Healthcare,Medical Devices,50,23.1,386.54,418.42,249.68,2.48,16.73,11.0,US,NYSE,One Commerce Square,Atlanta,(404) 905-8699,30301,Boston Scientific is a leading medical devices company in the healthcare sector.,153203,https://www.boston.com,2025-01-31
BMY,Bristol Myers Squibb,Healthcare,Pharmaceuticals,50,24.4,48.6,56.53,43.44,0.32,1.99,12.8,US,NYSE,800 Fifth Avenue,Seattle,(206) 877-4241,98101,Bristol Myers Squibb is a leading pharmaceuticals company in the healthcare sector.,223395,https://www.bristol.com,2025-01-31
AVGO,Broadcom,Technology,Semiconductors,1000,20.8,95.42,105.88,62.62,0.64,4.59,176.8,US,NASDAQ,555 Market Street,Charlotte,(312) 809-5728,28201,Broadcom is a leading semiconductors company in the technology sector.,230742,https://www.broadcom.com,2025-01-31
BR,Broadridge Financial Solutions,Industrials,Business Services,40,47.3,100.88,134.16,93.52,2.25,2.13,14.9,US,NYSE,800 Fifth Avenue,San Francisco,(415) 240-8078,94105,Broadridge Financial Solutions is a leading business services company in the industrials sector.,169489,https://www.broadridge.com,2025-01-31
BRO,Brown & Brown,Financials,Insurance,40,9.5,374.12,427.08,306.67,3.87,39.38,16.6,US,NYSE,555 Market Street,New York,(212) 790-1659,10001,Brown & Brown is a leading insurance company in the financials sector.,92350,https://www.brown.com,2025-01-31
BF.B,Brown-Forman,Consumer Staples,Beverages,40,45.1,298.19,422.36,185.65,2.63,6.61,17.4,US,NYSE,456 Corporate Blvd,Denver,(303) 681-6700,80201,Brown-Forman is a leading beverages company in the consumer staples sector.,214592,https://www.brown-forman.com,2025-01-31
BLDR,Builders FirstSource,Industrials,Building Products,40,46.2,219.99,306.47,150.02,3.12,4.76,11.2,US,NYSE,1500 Broadway,Atlanta,(404) 237-8451,30301,Builders FirstSource is a leading building products company in the industrials sector.,46668,https://www.builders.com,2025-01-31
BG,Bunge Global,Consumer Staples,Agriculture,40,26.4,209.27,300.95,148.93,2.32,7.93,23.8,US,NYSE,1500 Broadway,Philadelphia,(212) 673-7770,19101,Bunge Global is a leading agriculture company in the consumer staples sector.,28918,https://www.bunge.com,2025-01-31
BXP,BXP Inc.,Real Estate,REITs,25,28.6,136.92,185.19,109.56,3.42,4.79,6.0,US,NYSE,789 Innovation Way,Los Angeles,(213) 494-8178,90001,BXP Inc. is a leading reits company in the real estate sector.,254628,https://www.bxp.com,2025-01-31
CHRW,C.H. Robinson,Industrials,Transportation,40,63.5,99.21,128.33,64.06,0.71,1.56,15.9,US,NYSE,300 Industrial Parkway,Los Angeles,(213) 295-4681,90001,C.H. Robinson is a leading transportation company in the industrials sector.,59986,https://www.ch.com,2025-01-31
CDNS,Cadence Design Systems,Technology,Software,60,14.7,293.03,405.22,219.58,3.22,19.93,22.7,US,NASDAQ,300 Industrial Parkway,Seattle,(206) 694-8736,98101,Cadence Design Systems is a leading software company in the technology sector.,128285,https://www.cadence.com,2025-01-31
CZR,Caesars Entertainment,Consumer Discretionary,Entertainment,40,16.2,290.37,327.03,229.32,3.36,17.92,8.5,US,NYSE,555 Market Street,San Francisco,(415) 991-7798,94105,Caesars Entertainment is a leading entertainment company in the consumer discretionary sector.,178692,https://www.caesars.com,2025-01-31
CPT,Camden Property Trust,Real Estate,REITs,25,36.9,562.52,775.28,373.03,1.34,15.24,10.4,US,NYSE,One Commerce Square,Philadelphia,(212) 352-8316,19101,Camden Property Trust is a leading reits company in the real estate sector.,282871,https://www.camden.com,2025-01-31
CPB,Campbell's Company,Consumer Staples,Food & Beverage,40,26.9,306.07,414.77,214.52,4.2,11.38,21.7,US,NYSE,1000 Technology Drive,San Jose,(415) 785-7274,95101,Campbell's Company is a leading food & beverage company in the consumer staples sector.,122953,https://www.campbell's.com,2025-01-31
COF,Capital One,Financials,Consumer Finance,40,31.4,517.93,609.74,382.85,4.11,16.49,12.9,US,NYSE,789 Innovation Way,Philadelphia,(212) 707-1606,19101,Capital One is a leading consumer finance company in the financials sector.,66689,https://www.capital.com,2025-01-31
CAH,Cardinal Health,Healthcare,Health Services,50,41.6,316.31,442.16,284.58,1.98,7.6,19.3,US,NYSE,123 Main Street,Denver,(303) 939-3361,80201,Cardinal Health is a leading health services company in the healthcare sector.,215446,https://www.cardinal.com,2025-01-31
KMX,CarMax,Consumer Discretionary,Retail,40,63.3,526.43,568.51,454.1,1.19,8.32,17.2,US,NASDAQ,456 Corporate Blvd,Atlanta,(404) 536-9742,30301,CarMax is a leading retail company in the consumer discretionary sector.,199734,https://www.carmax.com,2025-01-31
CCL,Carnival,Consumer Discretionary,Hospitality,40,43.7,573.86,806.26,427.63,2.43,13.13,17.1,US,NYSE,555 Market Street,Boston,(617) 432-2480,02101,Carnival is a leading hospitality company in the consumer discretionary sector.,228026,https://www.carnival.com,2025-01-31
CARR,Carrier Global,Industrials,Building Products,40,51.3,587.65,782.49,346.83,0.75,11.46,11.4,US,NYSE,123 Main Street,New York,(212) 532-1919,10001,Carrier Global is a leading building products company in the industrials sector.,154309,https://www.carrier.com,2025-01-31
CAT,Caterpillar Inc.,Industrials,Machinery,180,32.5,234.32,268.92,167.5,3.07,7.21,41.6,US,NYSE,456 Corporate Blvd,Chicago,(312) 824-7267,60601,Caterpillar Inc. is a leading machinery company in the industrials sector.,126764,https://www.caterpillar.com,2025-01-31
CBOE,Cboe Global Markets,Financials,Financial Services,40,41.2,313.67,358.49,252.56,2.07,7.61,18.0,US,NYSE,One Commerce Square,Houston,(206) 494-9955,77001,Cboe Global Markets is a leading financial services company in the financials sector.,83324,https://www.cboe.com,2025-01-31
CBRE,CBRE Group,Real Estate,Real Estate Services,25,61.9,72.1,104.19,48.28,4.33,1.16,11.5,US,NYSE,555 Market Street,Denver,(303) 403-7302,80201,CBRE Group is a leading real estate services company in the real estate sector.,253840,https://www.cbre.com,2025-01-31
CDW,CDW Corporation,Technology,IT Services,60,29.7,90.79,108.37,60.68,3.15,3.06,9.6,US,NASDAQ,300 Industrial Parkway,Minneapolis,(617) 481-1132,55401,CDW Corporation is a leading it services company in the technology sector.,297209,https://www.cdw.com,2025-01-31
COR,Cencora,Healthcare,Health Services,50,52.4,523.09,752.96,478.23,3.35,9.98,26.2,US,NYSE,555 Market Street,Houston,(206) 994-4770,77001,Cencora is a leading health services company in the healthcare sector.,185217,https://www.cencora.com,2025-01-31
CNC,Centene Corporation,Healthcare,Health Insurance,50,18.8,154.83,178.09,131.95,3.45,8.24,22.8,US,NYSE,456 Corporate Blvd,Chicago,(312) 842-1645,60601,Centene Corporation is a leading health insurance company in the healthcare sector.,162469,https://www.centene.com,2025-01-31
CNP,CenterPoint Energy,Utilities,Utilities,25,9.9,479.51,573.47,288.94,4.09,48.44,7.4,US,NYSE,789 Innovation Way,Atlanta,(404) 405-3165,30301,CenterPoint Energy is a leading utilities company in the utilities sector.,283305,https://www.centerpoint.com,2025-01-31
CF,CF Industries,Materials,Chemicals,25,28.9,529.58,662.36,349.0,0.74,18.32,14.0,US,NYSE,555 Market Street,Denver,(303) 964-6549,80201,CF Industries is a leading chemicals company in the materials sector.,60882,https://www.cf.com,2025-01-31
CRL,Charles River Laboratories,Healthcare,Life Sciences,50,12.3,296.95,401.38,190.12,3.04,24.14,22.7,US,NYSE,1500 Broadway,Atlanta,(404) 574-2479,30301,Charles River Laboratories is a leading life sciences company in the healthcare sector.,207370,https://www.charles.com,2025-01-31
SCHW,Charles Schwab Corporation,Financials,Investment Banking,40,38.6,37.93,46.73,31.07,3.03,0.98,16.5,US,NYSE,200 Park Avenue,Minneapolis,(617) 310-4830,55401,Charles Schwab Corporation is a leading investment banking company in the financials sector.,247689,https://www.charles.com,2025-01-31
CHTR,Charter Communications,Communication Services,Telecom,50,58.4,44.26,56.41,40.55,1.0,0.76,8.9,US,NASDAQ,One Commerce Square,Minneapolis,(617) 917-5951,55401,Charter Communications is a leading telecom company in the communication services sector.,214564,https://www.charter.com,2025-01-31
CVX,Chevron Corporation,Energy,Oil & Gas,280,10.6,96.51,102.77,91.53,0.52,9.1,71.6,US,NYSE,789 Innovation Way,Los Angeles,(213) 597-8432,90001,Chevron Corporation is a leading oil & gas company in the energy sector.,195016,https://www.chevron.com,2025-01-31
CMG,Chipotle Mexican Grill,Consumer Discretionary,Restaurants,40,50.4,412.18,588.75,295.8,3.34,8.18,8.8,US,NYSE,456 Corporate Blvd,Atlanta,(404) 701-7686,30301,Chipotle Mexican Grill is a leading restaurants company in the consumer discretionary sector.,147164,https://www.chipotle.com,2025-01-31
CB,Chubb Limited,Financials,Insurance,40,29.1,48.65,59.71,45.26,3.85,1.67,7.8,US,NYSE,200 Park Avenue,Philadelphia,(212) 757-6876,19101,Chubb Limited is a leading insurance company in the financials sector.,32245,https://www.chubb.com,2025-01-31
CHD,Church & Dwight,Consumer Staples,Household Products,40,18.8,256.94,282.34,228.47,2.05,13.67,17.9,US,NYSE,800 Fifth Avenue,Philadelphia,(212) 221-1828,19101,Church & Dwight is a leading household products company in the consumer staples sector.,175354,https://www.church.com,2025-01-31
CI,Cigna,Healthcare,Health Services,50,15.2,168.83,215.4,97.49,3.44,11.11,12.2,US,NYSE,1000 Technology Drive,Boston,(617) 536-3417,02101,Cigna is a leading health services company in the healthcare sector.,1986,https://www.cigna.com,2025-01-31
CINF,Cincinnati Financial,Financials,Insurance,40,64.1,188.05,271.73,144.06,3.59,2.93,8.0,US,NYSE,123 Main Street,Minneapolis,(617) 334-1243,55401,Cincinnati Financial is a leading insurance company in the financials sector.,188322,https://www.cincinnati.com,2025-01-31
CTAS,Cintas,Industrials,Business Services,40,21.6,480.29,566.51,297.63,0.24,22.24,19.4,US,NYSE,456 Corporate Blvd,Los Angeles,(213) 963-2041,90001,Cintas is a leading business services company in the industrials sector.,250190,https://www.cintas.com,2025-01-31
CSCO,Cisco,Technology,Networking,250,28.6,285.52,367.6,208.66,1.0,9.98,106.7,US,NASDAQ,1500 Broadway,San Jose,(415) 508-8504,95101,Cisco is a leading networking company in the technology sector.,16831,https://www.cisco.com,2025-01-31
C,Citigroup,Financials,Banks,40,35.3,64.67,78.29,53.32,2.21,1.83,22.4,US,NYSE,456 Corporate Blvd,San Francisco,(415) 529-3430,94105,Citigroup is a leading banks company in the financials sector.,34936,https://www.citigroup.com,2025-01-31
CFG,Citizens Financial Group,Financials,Banks,40,43.6,101.93,130.89,85.1,1.71,2.34,16.8,US,NYSE,One Commerce Square,Seattle,(206) 717-8048,98101,Citizens Financial Group is a leading banks company in the financials sector.,52498,https://www.citizens.com,2025-01-31
CLX,Clorox,Consumer Staples,Household Products,40,14.5,482.06,632.41,434.38,2.48,33.25,21.6,US,NYSE,One Commerce Square,Atlanta,(404) 433-7779,30301,Clorox is a leading household products company in the consumer staples sector.,178197,https://www.clorox.com,2025-01-31
CME,CME Group,Financials,Financial Services,40,30.7,501.63,673.11,338.61,1.41,16.34,10.6,US,NYSE,One Commerce Square,Chicago,(312) 268-2494,60601,CME Group is a leading financial services company in the financials sector.,45255,https://www.cme.com,2025-01-31
CMS,CMS Energy,Utilities,Utilities,25,13.5,83.14,111.87,72.72,2.5,6.16,10.3,US,NYSE,1500 Broadway,Los Angeles,(213) 537-3002,90001,CMS Energy is a leading utilities company in the utilities sector.,215882,https://www.cms.com,2025-01-31
KO,Coca-Cola Company,Consumer Staples,Food & Beverage,300,45.9,231.55,312.62,207.76,3.24,5.04,175.7,US,NYSE,555 Market Street,Dallas,(214) 560-2697,75201,Coca-Cola Company is a leading food & beverage company in the consumer staples sector.,266530,https://www.coca-cola.com,2025-01-31
CTSH,Cognizant,Technology,IT Services,60,45.4,151.26,172.39,89.74,3.8,3.33,18.9,US,NASDAQ,555 Market Street,Charlotte,(312) 787-4705,28201,Cognizant is a leading it services company in the technology sector.,225478,https://www.cognizant.com,2025-01-31
COIN,Coinbase,Financials,Financial Services,40,63.5,511.74,704.86,407.05,2.89,8.06,6.5,US,NASDAQ,555 Market Street,Houston,(206) 229-3955,77001,Coinbase is a leading financial services company in the financials sector.,143772,https://www.coinbase.com,2025-01-31
CL,Colgate-Palmolive,Consumer Staples,Household Products,40,25.6,430.54,510.59,237.85,3.91,16.82,16.2,US,NYSE,456 Corporate Blvd,Atlanta,(404) 345-1502,30301,Colgate-Palmolive is a leading household products company in the consumer staples sector.,48607,https://www.colgate-palmolive.com,2025-01-31
CMCSA,Comcast,Communication Services,Telecom,50,20.3,455.28,554.5,312.49,1.67,22.43,23.7,US,NASDAQ,800 Fifth Avenue,Charlotte,(312) 810-2391,28201,Comcast is a leading telecom company in the communication services sector.,28082,https://www.comcast.com,2025-01-31
CAG,Conagra Brands,Consumer Staples,Food & Beverage,40,51.0,118.68,126.98,69.15,1.99,2.33,13.6,US,NYSE,One Commerce Square,Dallas,(214) 624-5475,75201,Conagra Brands is a leading food & beverage company in the consumer staples sector.,113520,https://www.conagra.com,2025-01-31
COP,ConocoPhillips,Energy,Oil & Gas,35,14.5,460.32,562.5,305.33,3.05,31.75,12.9,US,NYSE,555 Market Street,Philadelphia,(212) 246-4612,19101,ConocoPhillips is a leading oil & gas company in the energy sector.,207731,https://www.conocophillips.com,2025-01-31
ED,Consolidated Edison,Utilities,Utilities,25,11.1,591.13,669.02,548.65,3.45,53.25,12.3,US,NYSE,200 Park Avenue,Seattle,(206) 322-1126,98101,Consolidated Edison is a leading utilities company in the utilities sector.,261273,https://www.consolidated.com,2025-01-31
STZ,Constellation Brands,Consumer Staples,Beverages,40,18.0,455.8,547.91,378.98,2.25,25.32,21.0,US,NYSE,200 Park Avenue,Charlotte,(312) 273-7505,28201,Constellation Brands is a leading beverages company in the consumer staples sector.,22678,https://www.constellation.com,2025-01-31
CEG,Constellation Energy,Utilities,Electric Utilities,25,34.2,278.65,301.26,188.15,1.93,8.15,8.3,US,NASDAQ,300 Industrial Parkway,Philadelphia,(212) 496-2887,19101,Constellation Energy is a leading electric utilities company in the utilities sector.,212853,https://www.constellation.com,2025-01-31
COO,Cooper Companies,Healthcare,Medical Devices,50,26.5,41.89,57.41,33.4,3.74,1.58,28.2,US,NYSE,300 Industrial Parkway,San Francisco,(415) 308-4986,94105,Cooper Companies is a leading medical devices company in the healthcare sector.,228919,https://www.cooper.com,2025-01-31
CPRT,Copart,Industrials,Business Services,40,37.9,365.66,441.83,246.49,1.53,9.65,12.0,US,NASDAQ,456 Corporate Blvd,Chicago,(312) 722-2868,60601,Copart is a leading business services company in the industrials sector.,278689,https://www.copart.com,2025-01-31
GLW,Corning Inc.,Technology,Electronics,60,59.6,320.67,381.52,269.67,3.69,5.38,31.0,US,NASDAQ,456 Corporate Blvd,Boston,(617) 349-5193,02101,Corning Inc. is a leading electronics company in the technology sector.,103927,https://www.corning.com,2025-01-31
CPAY,Corpay,Financials,Fintech,40,16.7,128.89,174.47,74.77,4.28,7.72,17.3,US,NASDAQ,800 Fifth Avenue,Denver,(303) 978-8354,80201,Corpay is a leading fintech company in the financials sector.,296456,https://www.corpay.com,2025-01-31
CTVA,Corteva,Materials,Chemicals,25,64.2,396.51,467.6,372.08,1.42,6.18,8.7,US,NASDAQ,One Commerce Square,Denver,(303) 846-5961,80201,Corteva is a leading chemicals company in the materials sector.,144508,https://www.corteva.com,2025-01-31
CSGP,CoStar Group,Real Estate,Real Estate Services,25,28.1,367.11,396.36,269.71,0.17,13.06,7.9,US,NASDAQ,456 Corporate Blvd,Seattle,(206) 860-2479,98101,CoStar Group is a leading real estate services company in the real estate sector.,266349,https://www.costar.com,2025-01-31
COST,Costco,Consumer Staples,Retail,400,41.1,249.16,356.72,210.68,0.18,6.06,223.6,US,NASDAQ,1000 Technology Drive,Dallas,(214) 529-8792,75201,Costco is a leading retail company in the consumer staples sector.,263360,https://www.costco.com,2025-01-31
CTRA,Coterra,Energy,Oil & Gas,35,11.5,115.99,126.59,105.51,1.55,10.09,16.5,US,NYSE,789 Innovation Way,Los Angeles,(213) 240-5059,90001,Coterra is a leading oil & gas company in the energy sector.,230011,https://www.coterra.com,2025-01-31
CRWD,CrowdStrike,Technology,Software,60,37.9,594.86,769.7,413.76,4.13,15.7,19.5,US,NASDAQ,200 Park Avenue,Charlotte,(312) 895-1857,28201,CrowdStrike is a leading software company in the technology sector.,175952,https://www.crowdstrike.com,2025-01-31
CCI,Crown Castle,Real Estate,REITs,25,13.4,67.57,89.28,44.84,3.26,5.04,11.1,US,NYSE,800 Fifth Avenue,Houston,(206) 353-6461,77001,Crown Castle is a leading reits company in the real estate sector.,43230,https://www.crown.com,2025-01-31
CSX,CSX Corporation,Industrials,Transportation,40,16.1,362.16,430.94,339.37,3.14,22.49,13.1,US,NYSE,456 Corporate Blvd,Dallas,(214) 517-7171,75201,CSX Corporation is a leading transportation company in the industrials sector.,172716,https://www.csx.com,2025-01-31
CMI,Cummins,Industrials,Machinery,40,46.2,493.52,681.84,417.28,3.08,10.68,15.5,US,NYSE,300 Industrial Parkway,Philadelphia,(212) 720-6928,19101,Cummins is a leading machinery company in the industrials sector.,10058,https://www.cummins.com,2025-01-31
CVS,CVS Health,Healthcare,Health Services,50,18.3,236.68,268.79,219.89,2.19,12.93,12.6,US,NYSE,789 Innovation Way,Chicago,(312) 279-5846,60601,CVS Health is a leading health services company in the healthcare sector.,53526,https://www.cvs.com,2025-01-31
DHR,Danaher Corporation,Healthcare,Life Sciences,50,38.8,319.38,429.71,242.92,2.98,8.23,27.2,US,NYSE,789 Innovation Way,Dallas,(214) 811-7172,75201,Danaher Corporation is a leading life sciences company in the healthcare sector.,81372,https://www.danaher.com,2025-01-31
DRI,Darden Restaurants,Consumer Discretionary,Restaurants,40,55.4,122.48,166.38,107.0,0.74,2.21,13.9,US,NYSE,200 Park Avenue,Atlanta,(404) 892-4891,30301,Darden Restaurants is a leading restaurants company in the consumer discretionary sector.,233388,https://www.darden.com,2025-01-31
DDOG,Datadog,Technology,Software,60,50.9,378.04,515.47,243.31,1.08,7.43,35.1,US,NASDAQ,One Commerce Square,Charlotte,(312) 398-7026,28201,Datadog is a leading software company in the technology sector.,299564,https://www.datadog.com,2025-01-31
DVA,DaVita,Healthcare,Health Services,50,34.3,591.13,687.31,415.42,2.37,17.23,29.2,US,NYSE,1000 Technology Drive,Minneapolis,(617) 819-3267,55401,DaVita is a leading health services company in the healthcare sector.,131573,https://www.davita.com,2025-01-31
DAY,Dayforce,Industrials,Business Services,40,35.4,59.74,71.6,55.18,3.2,1.69,15.3,US,NYSE,555 Market Street,San Francisco,(415) 285-3626,94105,Dayforce is a leading business services company in the industrials sector.,143521,https://www.dayforce.com,2025-01-31
DECK,Deckers Brands,Consumer Discretionary,Apparel,40,37.3,286.11,395.52,167.86,4.1,7.67,20.7,US,NASDAQ,200 Park Avenue,Houston,(206) 227-7797,77001,Deckers Brands is a leading apparel company in the consumer discretionary sector.,28421,https://www.deckers.com,2025-01-31
DE,Deere & Company,Industrials,Machinery,40,29.3,255.98,308.32,149.14,1.01,8.74,11.7,US,NYSE,200 Park Avenue,San Francisco,(415) 349-3254,94105,Deere & Company is a leading machinery company in the industrials sector.,20581,https://www.deere.com,2025-01-31
DELL,Dell Technologies,Technology,Hardware,60,55.3,193.52,257.08,117.18,3.17,3.5,21.1,US,NASDAQ,456 Corporate Blvd,New York,(212) 219-5193,10001,Dell Technologies is a leading hardware company in the technology sector.,113565,https://www.dell.com,2025-01-31
DAL,Delta Air Lines,Industrials,Transportation,40,39.3,505.93,678.4,385.07,0.5,12.87,11.2,US,NYSE,456 Corporate Blvd,Seattle,(206) 248-4906,98101,Delta Air Lines is a leading transportation company in the industrials sector.,220609,https://www.delta.com,2025-01-31
DVN,Devon Energy,Energy,Oil & Gas,35,43.5,394.2,423.81,348.74,2.25,9.06,13.7,US,NYSE,1500 Broadway,Philadelphia,(212) 788-4963,19101,Devon Energy is a leading oil & gas company in the energy sector.,75775,https://www.devon.com,2025-01-31
DXCM,Dexcom,Healthcare,Medical Devices,50,8.1,196.03,233.5,152.56,0.84,24.2,22.5,US,NASDAQ,200 Park Avenue,Los Angeles,(213) 269-9618,90001,Dexcom is a leading medical devices company in the healthcare sector.,285755,https://www.dexcom.com,2025-01-31
FANG,Diamondback Energy,Energy,Oil & Gas,35,64.3,319.18,405.89,225.4,2.12,4.96,15.3,US,NYSE,555 Market Street,Austin,(512) 965-1266,78701,Diamondback Energy is a leading oil & gas company in the energy sector.,187720,https://www.diamondback.com,2025-01-31
DLR,Digital Realty,Real Estate,REITs,25,27.7,479.46,644.0,384.19,3.47,17.31,12.0,US,NYSE,789 Innovation Way,Austin,(512) 245-6772,78701,Digital Realty is a leading reits company in the real estate sector.,286768,https://www.digital.com,2025-01-31
DG,Dollar General,Consumer Staples,Retail,40,44.6,222.97,308.18,183.7,4.41,5.0,14.6,US,NASDAQ,789 Innovation Way,Chicago,(312) 264-8498,60601,Dollar General is a leading retail company in the consumer staples sector.,19890,https://www.dollar.com,2025-01-31
DLTR,Dollar Tree,Consumer Staples,Retail,40,10.5,197.26,222.86,111.8,4.2,18.79,15.3,US,NASDAQ,1500 Broadway,Minneapolis,(617) 684-5150,55401,Dollar Tree is a leading retail company in the consumer staples sector.,19699,https://www.dollar.com,2025-01-31
D,Dominion Energy,Utilities,Utilities,25,18.9,459.38,547.94,396.14,3.9,24.31,7.5,US,NYSE,200 Park Avenue,San Francisco,(415) 647-7553,94105,Dominion Energy is a leading utilities company in the utilities sector.,231048,https://www.dominion.com,2025-01-31
DPZ,Domino's,Consumer Discretionary,Restaurants,40,30.0,539.94,777.24,404.13,2.24,18.0,22.6,US,NYSE,555 Market Street,Los Angeles,(213) 284-7955,90001,Domino's is a leading restaurants company in the consumer discretionary sector.,41880,https://www.domino's.com,2025-01-31
DASH,DoorDash,Consumer Discretionary,Consumer Services,40,64.7,275.45,309.11,183.86,0.46,4.26,11.9,US,NASDAQ,555 Market Street,Seattle,(206) 656-7981,98101,DoorDash is a leading consumer services company in the consumer discretionary sector.,87869,https://www.doordash.com,2025-01-31
DOV,Dover Corporation,Industrials,Machinery,40,28.0,423.17,451.5,380.01,1.59,15.11,24.0,US,NYSE,123 Main Street,Seattle,(206) 276-7655,98101,Dover Corporation is a leading machinery company in the industrials sector.,190979,https://www.dover.com,2025-01-31
DOW,Dow Inc.,Materials,Chemicals,25,50.7,322.46,359.22,181.37,3.82,6.36,11.4,US,NYSE,123 Main Street,Denver,(303) 329-2101,80201,Dow Inc. is a leading chemicals company in the materials sector.,124229,https://www.dow.com,2025-01-31
DHI,D.R. Horton,Consumer Discretionary,Construction,40,28.9,473.75,569.99,368.06,2.72,16.39,18.2,US,NYSE,200 Park Avenue,Austin,(512) 654-2259,78701,D.R. Horton is a leading construction company in the consumer discretionary sector.,72691,https://www.dr.com,2025-01-31
DTE,DTE Energy,Utilities,Utilities,25,30.7,331.79,434.59,215.61,0.51,10.81,12.0,US,NYSE,1500 Broadway,Denver,(303) 596-2929,80201,DTE Energy is a leading utilities company in the utilities sector.,137746,https://www.dte.com,2025-01-31
DUK,Duke Energy,Utilities,Electric Utilities,90,48.1,471.73,535.8,374.91,3.12,9.81,53.9,US,NYSE,456 Corporate Blvd,Boston,(617) 338-2213,02101,Duke Energy is a leading electric utilities company in the utilities sector.,237500,https://www.duke.com,2025-01-31
DD,DuPont,Materials,Chemicals,25,48.7,128.41,186.05,112.26,4.35,2.64,14.8,US,NYSE,200 Park Avenue,Philadelphia,(212) 926-2063,19101,DuPont is a leading chemicals company in the materials sector.,288856,https://www.dupont.com,2025-01-31
EMN,Eastman Chemical Company,Materials,Chemicals,25,58.8,339.04,471.45,283.0,4.17,5.77,10.9,US,NYSE,200 Park Avenue,Charlotte,(312) 720-4673,28201,Eastman Chemical Company is a leading chemicals company in the materials sector.,64128,https://www.eastman.com,2025-01-31
ETN,Eaton Corporation,Industrials,Electrical Equipment,40,53.1,591.53,677.12,442.23,1.62,11.14,16.3,US,NYSE,1500 Broadway,Denver,(303) 332-2412,80201,Eaton Corporation is a leading electrical equipment company in the industrials sector.,34970,https://www.eaton.com,2025-01-31
EBAY,eBay Inc.,Consumer Discretionary,Retail,40,65.0,206.3,275.94,156.85,3.46,3.17,20.8,US,NASDAQ,789 Innovation Way,San Francisco,(415) 524-2215,94105,eBay Inc. is a leading retail company in the consumer discretionary sector.,236416,https://www.ebay.com,2025-01-31
ECL,Ecolab,Materials,Chemicals,25,37.5,295.52,325.47,260.54,2.48,7.88,10.4,US,NYSE,789 Innovation Way,Charlotte,(312) 643-9238,28201,Ecolab is a leading chemicals company in the materials sector.,29552,https://www.ecolab.com,2025-01-31
EIX,Edison International,Utilities,Electric Utilities,25,37.5,503.89,590.38,309.78,4.21,13.44,6.3,US,NYSE,555 Market Street,Los Angeles,(213) 280-5105,90001,Edison International is a leading electric utilities company in the utilities sector.,103418,https://www.edison.com,2025-01-31
EW,Edwards Lifesciences,Healthcare,Medical Devices,50,39.4,391.98,431.2,263.07,2.4,9.95,18.8,US,NYSE,800 Fifth Avenue,Chicago,(312) 794-3526,60601,Edwards Lifesciences is a leading medical devices company in the healthcare sector.,90258,https://www.edwards.com,2025-01-31
EA,Electronic Arts,Communication Services,Entertainment,50,49.1,405.48,523.9,359.67,2.54,8.26,26.1,US,NASDAQ,456 Corporate Blvd,New York,(212) 246-5336,10001,Electronic Arts is a leading entertainment company in the communication services sector.,111024,https://www.electronic.com,2025-01-31
ELV,Elevance Health,Healthcare,Health Insurance,50,31.7,467.17,609.94,350.01,2.82,14.74,14.0,US,NYSE,One Commerce Square,Seattle,(206) 450-7653,98101,Elevance Health is a leading health insurance company in the healthcare sector.,156441,https://www.elevance.com,2025-01-31
EMR,Emerson Electric,Industrials,Electrical Equipment,40,47.3,288.52,321.19,206.65,2.09,6.1,12.1,US,NYSE,200 Park Avenue,Chicago,(312) 935-6231,60601,Emerson Electric is a leading electrical equipment company in the industrials sector.,181573,https://www.emerson.com,2025-01-31
ENPH,Enphase Energy,Technology,Semiconductor Equipment,60,15.5,585.96,702.11,453.92,1.44,37.8,21.6,US,NASDAQ,One Commerce Square,Seattle,(206) 453-3308,98101,Enphase Energy is a leading semiconductor equipment company in the technology sector.,51257,https://www.enphase.com,2025-01-31
ETR,Entergy,Utilities,Electric Utilities,25,61.9,58.85,82.13,42.21,4.33,0.95,13.9,US,NYSE,200 Park Avenue,Minneapolis,(617) 791-6123,55401,Entergy is a leading electric utilities company in the utilities sector.,100027,https://www.entergy.com,2025-01-31
EOG,EOG Resources,Energy,Oil & Gas,35,36.4,464.98,583.96,348.5,1.39,12.77,5.6,US,NYSE,1500 Broadway,Atlanta,(404) 668-4944,30301,EOG Resources is a leading oil & gas company in the energy sector.,113297,https://www.eog.com,2025-01-31
EPAM,EPAM Systems,Technology,IT Services,60,10.8,362.51,421.43,286.02,3.79,33.57,27.2,US,NASDAQ,1500 Broadway,Seattle,(206) 208-2761,98101,EPAM Systems is a leading it services company in the technology sector.,226430,https://www.epam.com,2025-01-31
EQT,EQT Corporation,Energy,Oil & Gas,35,23.1,106.34,127.22,75.64,0.2,4.6,6.1,US,NYSE,1000 Technology Drive,Los Angeles,(213) 571-5728,90001,EQT Corporation is a leading oil & gas company in the energy sector.,39051,https://www.eqt.com,2025-01-31
EFX,Equifax,Industrials,Consulting,40,33.7,250.22,317.77,220.22,2.8,7.42,17.0,US,NYSE,456 Corporate Blvd,Chicago,(312) 603-7114,60601,Equifax is a leading consulting company in the industrials sector.,178278,https://www.equifax.com,2025-01-31
EQIX,Equinix,Real Estate,REITs,25,28.8,347.96,385.44,275.23,1.81,12.08,4.2,US,NYSE,789 Innovation Way,New York,(212) 930-6456,10001,Equinix is a leading reits company in the real estate sector.,248878,https://www.equinix.com,2025-01-31
EQR,Equity Residential,Real Estate,REITs,25,16.5,326.02,458.79,197.54,4.19,19.76,7.3,US,NYSE,800 Fifth Avenue,Atlanta,(404) 957-5902,30301,Equity Residential is a leading reits company in the real estate sector.,176856,https://www.equity.com,2025-01-31
ERIE,Erie Indemnity,Financials,Insurance,40,37.1,319.17,397.67,247.41,2.14,8.6,6.3,US,NYSE,456 Corporate Blvd,Austin,(512) 626-6040,78701,Erie Indemnity is a leading insurance company in the financials sector.,14470,https://www.erie.com,2025-01-31
ESS,Essex Property Trust,Real Estate,REITs,25,23.1,370.24,485.84,347.59,2.6,16.03,6.3,US,NYSE,800 Fifth Avenue,New York,(212) 691-3793,10001,Essex Property Trust is a leading reits company in the real estate sector.,275348,https://www.essex.com,2025-01-31
EL,Estee Lauder Companies,Consumer Staples,Personal Care,40,43.3,388.54,538.7,236.66,3.06,8.97,6.6,US,NYSE,456 Corporate Blvd,San Jose,(415) 395-1310,95101,Estee Lauder Companies is a leading personal care company in the consumer staples sector.,231731,https://www.estee.com,2025-01-31
EG,Everest Group,Financials,Insurance,40,16.6,208.8,276.91,149.11,3.49,12.58,22.6,US,NYSE,123 Main Street,Minneapolis,(617) 922-3262,55401,Everest Group is a leading insurance company in the financials sector.,272439,https://www.everest.com,2025-01-31
EVRG,Evergy,Utilities,Electric Utilities,25,26.5,148.18,194.84,112.65,1.41,5.59,5.7,US,NYSE,1500 Broadway,Houston,(206) 550-9950,77001,Evergy is a leading electric utilities company in the utilities sector.,186248,https://www.evergy.com,2025-01-31
ES,Eversource Energy,Utilities,Electric Utilities,25,57.5,415.25,549.08,361.87,1.19,7.22,9.2,US,NYSE,555 Market Street,Boston,(617) 771-5890,02101,Eversource Energy is a leading electric utilities company in the utilities sector.,118395,https://www.eversource.com,2025-01-31
EXC,Exelon,Utilities,Electric Utilities,25,64.0,566.65,769.78,471.43,3.11,8.85,9.3,US,NYSE,200 Park Avenue,Denver,(303) 773-5480,80201,Exelon is a leading electric utilities company in the utilities sector.,151384,https://www.exelon.com,2025-01-31
EXE,Expand Energy,Energy,Oil & Gas,35,46.6,99.47,119.55,93.71,3.68,2.13,20.3,US,NYSE,789 Innovation Way,Charlotte,(312) 497-1689,28201,Expand Energy is a leading oil & gas company in the energy sector.,151301,https://www.expand.com,2025-01-31
EXPE,Expedia Group,Consumer Discretionary,Hospitality,40,12.5,574.53,815.61,466.74,3.36,45.96,9.9,US,NYSE,1500 Broadway,Minneapolis,(617) 477-5450,55401,Expedia Group is a leading hospitality company in the consumer discretionary sector.,72470,https://www.expedia.com,2025-01-31
EXPD,Expeditors International,Industrials,Transportation,40,50.2,92.26,105.7,52.62,4.07,1.84,10.1,US,NYSE,123 Main Street,Boston,(617) 302-7771,02101,Expeditors International is a leading transportation company in the industrials sector.,173668,https://www.expeditors.com,2025-01-31
EXR,Extra Space Storage,Real Estate,REITs,25,13.7,438.89,596.15,242.3,2.48,32.04,14.2,US,NYSE,One Commerce Square,Atlanta,(404) 688-4267,30301,Extra Space Storage is a leading reits company in the real estate sector.,151099,https://www.extra.com,2025-01-31
XOM,ExxonMobil,Energy,Oil & Gas,500,44.8,213.07,301.11,124.81,2.58,4.76,195.4,US,NYSE,123 Main Street,San Jose,(415) 379-7846,95101,ExxonMobil is a leading oil & gas company in the energy sector.,92663,https://www.exxonmobil.com,2025-01-31
FFIV,F5 Inc.,Technology,Networking,60,10.1,562.34,778.55,486.53,0.84,55.68,29.2,US,NASDAQ,555 Market Street,Minneapolis,(617) 238-1151,55401,F5 Inc. is a leading networking company in the technology sector.,156943,https://www.f5.com,2025-01-31
FDS,FactSet,Financials,Financial Services,40,14.1,353.74,510.52,234.82,4.45,25.09,15.8,US,NYSE,789 Innovation Way,Denver,(303) 716-8668,80201,FactSet is a leading financial services company in the financials sector.,143545,https://www.factset.com,2025-01-31
FICO,Fair Isaac,Technology,Software,60,14.4,139.9,155.99,102.63,1.16,9.72,14.0,US,NASDAQ,200 Park Avenue,San Jose,(415) 502-4164,95101,Fair Isaac is a leading software company in the technology sector.,92509,https://www.fair.com,2025-01-31
FAST,Fastenal,Industrials,Distribution,40,44.4,378.24,458.5,272.74,1.48,8.52,13.2,US,NASDAQ,789 Innovation Way,San Francisco,(415) 343-8822,94105,Fastenal is a leading distribution company in the industrials sector.,170160,https://www.fastenal.com,2025-01-31
FRT,Federal Realty Investment Trust,Real Estate,REITs,25,8.4,563.42,678.04,410.56,1.2,67.07,7.5,US,NYSE,800 Fifth Avenue,Dallas,(214) 211-5285,75201,Federal Realty Investment Trust is a leading reits company in the real estate sector.,189008,https://www.federal.com,2025-01-31
FDX,FedEx,Industrials,Transportation,40,11.5,424.88,466.22,285.83,1.82,36.95,15.0,US,NYSE,555 Market Street,Houston,(206) 906-2923,77001,FedEx is a leading transportation company in the industrials sector.,155184,https://www.fedex.com,2025-01-31
FIS,Fidelity National Information Services,Financials,Fintech,40,20.6,239.5,343.19,177.53,2.05,11.63,23.8,US,NYSE,300 Industrial Parkway,Austin,(512) 918-9998,78701,Fidelity National Information Services is a leading fintech company in the financials sector.,247349,https://www.fidelity.com,2025-01-31
FITB,Fifth Third Bancorp,Financials,Banks,40,53.7,461.69,637.24,394.63,3.06,8.6,16.7,US,NYSE,456 Corporate Blvd,Charlotte,(312) 738-8319,28201,Fifth Third Bancorp is a leading banks company in the financials sector.,277414,https://www.fifth.com,2025-01-31
FSLR,First Solar,Technology,Semiconductors,60,12.5,431.15,550.0,247.78,2.46,34.49,22.6,US,NASDAQ,1500 Broadway,Dallas,(214) 353-3695,75201,First Solar is a leading semiconductors company in the technology sector.,172528,https://www.first.com,2025-01-31
FE,FirstEnergy,Utilities,Electric Utilities,25,33.2,517.06,683.61,432.66,2.2,15.57,13.9,US,NYSE,123 Main Street,Denver,(303) 664-3161,80201,FirstEnergy is a leading electric utilities company in the utilities sector.,269589,https://www.firstenergy.com,2025-01-31
FI,Fiserv,Financials,Fintech,40,40.1,266.79,339.76,218.53,1.39,6.65,6.4,US,NYSE,123 Main Street,Seattle,(206) 963-4570,98101,Fiserv is a leading fintech company in the financials sector.,38788,https://www.fiserv.com,2025-01-31
F,Ford Motor Company,Consumer Discretionary,Automotive,40,27.6,55.82,60.03,52.9,4.21,2.02,7.2,US,NYSE,One Commerce Square,Houston,(206) 232-5703,77001,Ford Motor Company is a leading automotive company in the consumer discretionary sector.,214864,https://www.ford.com,2025-01-31
FTNT,Fortinet,Technology,Software,60,15.7,132.59,173.24,111.6,4.34,8.45,19.1,US,NASDAQ,300 Industrial Parkway,Houston,(206) 659-7184,77001,Fortinet is a leading software company in the technology sector.,197446,https://www.fortinet.com,2025-01-31
FTV,Fortive,Industrials,Machinery,40,63.0,75.74,106.02,45.69,3.87,1.2,8.1,US,NYSE,300 Industrial Parkway,Los Angeles,(213) 741-3086,90001,Fortive is a leading machinery company in the industrials sector.,117253,https://www.fortive.com,2025-01-31
FOXA,Fox Corporation (Class A),Communication Services,Media,50,51.1,505.85,729.13,371.9,3.24,9.9,17.0,US,NASDAQ,1000 Technology Drive,Atlanta,(404) 453-8546,30301,Fox Corporation (Class A) is a leading media company in the communication services sector.,181987,https://www.fox.com,2025-01-31
FOX,Fox Corporation (Class B),Communication Services,Media,50,18.7,118.42,165.8,101.39,0.14,6.33,22.4,US,NASDAQ,123 Main Street,Dallas,(214) 446-4376,75201,Fox Corporation (Class B) is a leading media company in the communication services sector.,35779,https://www.fox.com,2025-01-31
BEN,Franklin Resources,Financials,Asset Management,40,9.9,87.51,112.81,72.75,0.22,8.84,19.3,US,NYSE,One Commerce Square,Atlanta,(404) 439-9843,30301,Franklin Resources is a leading asset management company in the financials sector.,114411,https://www.franklin.com,2025-01-31
FCX,Freeport-McMoRan,Materials,Mining,25,52.2,460.0,508.78,435.8,1.05,8.81,14.1,US,NYSE,200 Park Avenue,Dallas,(214) 791-6253,75201,Freeport-McMoRan is a leading mining company in the materials sector.,124705,https://www.freeport-mcmoran.com,2025-01-31
GRMN,Garmin,Consumer Discretionary,Electronics,40,16.2,202.01,265.46,128.97,1.35,12.47,7.1,US,NASDAQ,789 Innovation Way,Dallas,(214) 841-7999,75201,Garmin is a leading electronics company in the consumer discretionary sector.,291925,https://www.garmin.com,2025-01-31
IT,Gartner,Technology,IT Services,60,63.4,312.5,445.82,255.79,3.54,4.93,17.6,US,NYSE,300 Industrial Parkway,Atlanta,(404) 352-5913,30301,Gartner is a leading it services company in the technology sector.,197873,https://www.gartner.com,2025-01-31
GE,GE Aerospace,Industrials,Aerospace,200,38.7,134.81,154.54,86.3,3.86,3.48,43.0,US,NYSE,123 Main Street,Denver,(303) 775-7761,80201,GE Aerospace is a leading aerospace company in the industrials sector.,218870,https://www.ge.com,2025-01-31
GEHC,GE HealthCare,Healthcare,Medical Devices,50,15.6,347.65,398.8,219.48,2.91,22.29,28.3,US,NASDAQ,200 Park Avenue,Minneapolis,(617) 294-9775,55401,GE HealthCare is a leading medical devices company in the healthcare sector.,100367,https://www.ge.com,2025-01-31
GEV,GE Vernova,Industrials,Electrical Equipment,40,29.5,59.38,76.72,33.6,0.33,2.01,20.5,US,NASDAQ,1500 Broadway,Dallas,(214) 422-8854,75201,GE Vernova is a leading electrical equipment company in the industrials sector.,110018,https://www.ge.com,2025-01-31
GEN,Gen Digital,Technology,Software,60,27.0,525.6,753.08,292.3,4.22,19.47,35.0,US,NASDAQ,One Commerce Square,San Francisco,(415) 448-4350,94105,Gen Digital is a leading software company in the technology sector.,208449,https://www.gen.com,2025-01-31
GNRC,Generac,Industrials,Electrical Equipment,40,39.5,551.62,750.32,387.38,2.4,13.97,12.5,US,NASDAQ,200 Park Avenue,Seattle,(206) 725-9147,98101,Generac is a leading electrical equipment company in the industrials sector.,244820,https://www.generac.com,2025-01-31
GD,General Dynamics,Industrials,Aerospace,40,63.9,86.21,106.71,76.37,4.11,1.35,12.7,US,NYSE,123 Main Street,Atlanta,(404) 776-4625,30301,General Dynamics is a leading aerospace company in the industrials sector.,77005,https://www.general.com,2025-01-31
GIS,General Mills,Consumer Staples,Food & Beverage,40,39.5,39.25,50.38,32.89,1.33,0.99,9.5,US,NYSE,300 Industrial Parkway,Boston,(617) 783-5026,02101,General Mills is a leading food & beverage company in the consumer staples sector.,262277,https://www.general.com,2025-01-31
GM,General Motors,Consumer Discretionary,Automotive,40,61.8,343.87,407.49,294.13,2.2,5.56,19.0,US,NYSE,One Commerce Square,San Jose,(415) 671-3756,95101,General Motors is a leading automotive company in the consumer discretionary sector.,185141,https://www.general.com,2025-01-31
GPC,Genuine Parts Company,Consumer Discretionary,Distribution,40,49.1,126.48,157.51,115.95,2.44,2.58,17.6,US,NYSE,1500 Broadway,New York,(212) 234-2217,10001,Genuine Parts Company is a leading distribution company in the consumer discretionary sector.,25935,https://www.genuine.com,2025-01-31
GILD,Gilead Sciences,Healthcare,Biotechnology,50,31.5,465.67,645.89,299.23,3.18,14.78,7.7,US,NASDAQ,One Commerce Square,Los Angeles,(213) 582-1990,90001,Gilead Sciences is a leading biotechnology company in the healthcare sector.,253838,https://www.gilead.com,2025-01-31
GPN,Global Payments,Financials,Fintech,40,8.9,405.79,512.47,289.95,0.08,45.59,19.0,US,NYSE,555 Market Street,Los Angeles,(213) 217-9228,90001,Global Payments is a leading fintech company in the financials sector.,226244,https://www.global.com,2025-01-31
GL,Globe Life,Financials,Insurance,40,59.9,489.52,534.95,288.1,0.67,8.17,9.5,US,NYSE,555 Market Street,Los Angeles,(213) 562-5379,90001,Globe Life is a leading insurance company in the financials sector.,208588,https://www.globe.com,2025-01-31
GDDY,GoDaddy,Technology,Internet Services,60,62.7,75.04,92.57,48.57,3.14,1.2,17.1,US,NASDAQ,456 Corporate Blvd,Minneapolis,(617) 869-1519,55401,GoDaddy is a leading internet services company in the technology sector.,49521,https://www.godaddy.com,2025-01-31
GS,Goldman Sachs,Financials,Investment Banking,180,29.5,261.01,323.76,210.03,3.16,8.85,33.7,US,NYSE,300 Industrial Parkway,Minneapolis,(617) 860-6427,55401,Goldman Sachs is a leading investment banking company in the financials sector.,297171,https://www.goldman.com,2025-01-31
HAL,Halliburton,Energy,Oil & Gas Services,35,63.5,587.08,826.56,538.74,1.03,9.25,19.4,US,NYSE,800 Fifth Avenue,San Jose,(415) 686-5441,95101,Halliburton is a leading oil & gas services company in the energy sector.,24911,https://www.halliburton.com,2025-01-31
HIG,Hartford Financial Services,Financials,Insurance,40,47.0,556.77,647.05,427.16,2.96,11.85,9.2,US,NYSE,200 Park Avenue,Minneapolis,(617) 216-4394,55401,Hartford Financial Services is a leading insurance company in the financials sector.,76097,https://www.hartford.com,2025-01-31
HAS,Hasbro,Consumer Discretionary,Consumer Products,40,48.6,458.79,554.82,266.45,0.73,9.44,10.3,US,NYSE,300 Industrial Parkway,Minneapolis,(617) 893-9856,55401,Hasbro is a leading consumer products company in the consumer discretionary sector.,174421,https://www.hasbro.com,2025-01-31
HCA,HCA Healthcare,Healthcare,Health Services,50,50.2,248.79,339.9,205.43,0.35,4.96,24.3,US,NYSE,123 Main Street,Austin,(512) 300-8161,78701,HCA Healthcare is a leading health services company in the healthcare sector.,122210,https://www.hca.com,2025-01-31
DOC,Healthpeak Properties,Real Estate,REITs,25,27.4,508.04,689.72,473.46,1.79,18.54,12.5,US,NYSE,555 Market Street,New York,(212) 661-9038,10001,Healthpeak Properties is a leading reits company in the real estate sector.,120110,https://www.healthpeak.com,2025-01-31
HSIC,Henry Schein,Healthcare,Health Services,50,61.6,232.81,284.67,191.34,2.97,3.78,9.4,US,NYSE,555 Market Street,Dallas,(214) 452-2204,75201,Henry Schein is a leading health services company in the healthcare sector.,43511,https://www.henry.com,2025-01-31
HSY,Hershey Company,Consumer Staples,Food & Beverage,40,29.7,182.74,249.18,111.78,1.75,6.15,12.5,US,NYSE,123 Main Street,San Francisco,(415) 515-8286,94105,Hershey Company is a leading food & beverage company in the consumer staples sector.,189200,https://www.hershey.com,2025-01-31
HPE,Hewlett Packard Enterprise,Technology,Hardware,60,13.8,463.97,503.37,335.17,2.51,33.62,22.8,US,NASDAQ,123 Main Street,San Francisco,(415) 291-6798,94105,Hewlett Packard Enterprise is a leading hardware company in the technology sector.,291070,https://www.hewlett.com,2025-01-31
HLT,Hilton Worldwide,Consumer Discretionary,Hospitality,40,42.1,83.05,97.98,58.48,1.31,1.97,13.0,US,NYSE,1500 Broadway,San Francisco,(415) 448-9537,94105,Hilton Worldwide is a leading hospitality company in the consumer discretionary sector.,89410,https://www.hilton.com,2025-01-31
HOLX,Hologic,Healthcare,Medical Devices,50,17.7,420.63,486.91,276.51,0.66,23.76,11.3,US,NASDAQ,300 Industrial Parkway,Seattle,(206) 506-8933,98101,Hologic is a leading medical devices company in the healthcare sector.,40828,https://www.hologic.com,2025-01-31
HD,Home Depot,Consumer Discretionary,Retail,400,61.8,235.84,315.64,176.48,2.78,3.82,142.4,US,NYSE,555 Market Street,Chicago,(312) 206-7483,60601,Home Depot is a leading retail company in the consumer discretionary sector.,174677,https://www.home.com,2025-01-31
HON,Honeywell,Industrials,Conglomerates,40,29.7,509.72,711.0,370.1,1.94,17.16,20.8,US,NYSE,800 Fifth Avenue,Philadelphia,(212) 339-5922,19101,Honeywell is a leading conglomerates company in the industrials sector.,168620,https://www.honeywell.com,2025-01-31
HRL,Hormel Foods,Consumer Staples,Food & Beverage,40,47.6,373.83,464.15,232.17,1.79,7.85,11.7,US,NYSE,One Commerce Square,San Jose,(415) 789-4971,95101,Hormel Foods is a leading food & beverage company in the consumer staples sector.,171358,https://www.hormel.com,2025-01-31
HST,Host Hotels & Resorts,Real Estate,REITs,25,54.5,244.35,294.97,145.52,2.54,4.48,10.4,US,NYSE,789 Innovation Way,Los Angeles,(213) 898-1440,90001,Host Hotels & Resorts is a leading reits company in the real estate sector.,242522,https://www.host.com,2025-01-31
HWM,Howmet Aerospace,Industrials,Aerospace,40,19.9,567.5,776.95,500.83,0.31,28.52,21.3,US,NYSE,300 Industrial Parkway,Charlotte,(312) 889-9180,28201,Howmet Aerospace is a leading aerospace company in the industrials sector.,73469,https://www.howmet.com,2025-01-31
HPQ,HP Inc.,Technology,Hardware,60,21.8,391.0,513.56,326.91,3.55,17.94,11.0,US,NYSE,One Commerce Square,Dallas,(214) 796-7566,75201,HP Inc. is a leading hardware company in the technology sector.,280662,https://www.hp.com,2025-01-31
HUBB,Hubbell Incorporated,Industrials,Machinery,40,60.5,318.77,422.91,244.64,3.56,5.27,12.5,US,NYSE,1500 Broadway,Houston,(206) 808-2392,77001,Hubbell Incorporated is a leading machinery company in the industrials sector.,57841,https://www.hubbell.com,2025-01-31
HUM,Humana,Healthcare,Health Insurance,50,45.5,468.3,558.22,378.76,0.2,10.29,29.6,US,NYSE,300 Industrial Parkway,Philadelphia,(212) 970-6432,19101,Humana is a leading health insurance company in the healthcare sector.,226182,https://www.humana.com,2025-01-31
HBAN,Huntington Bancshares,Financials,Banks,40,13.6,90.39,102.94,76.72,2.51,6.65,18.4,US,NYSE,One Commerce Square,Boston,(617) 583-7408,02101,Huntington Bancshares is a leading banks company in the financials sector.,243278,https://www.huntington.com,2025-01-31
HII,Huntington Ingalls Industries,Industrials,Aerospace,40,41.5,470.24,587.89,323.52,0.11,11.33,7.9,US,NYSE,456 Corporate Blvd,Atlanta,(404) 318-3321,30301,Huntington Ingalls Industries is a leading aerospace company in the industrials sector.,183124,https://www.huntington.com,2025-01-31
IBM,IBM,Technology,IT Services,200,34.0,207.78,235.36,154.42,2.14,6.11,69.4,US,NYSE,One Commerce Square,San Jose,(415) 526-2100,95101,IBM is a leading it services company in the technology sector.,157924,https://www.ibm.com,2025-01-31
IEX,IDEX Corporation,Industrials,Machinery,40,48.5,55.47,58.74,38.12,0.49,1.14,20.4,US,NYSE,1000 Technology Drive,Houston,(206) 728-3858,77001,IDEX Corporation is a leading machinery company in the industrials sector.,289859,https://www.idex.com,2025-01-31
IDXX,Idexx Laboratories,Healthcare,Medical Devices,50,39.9,121.28,173.84,77.95,1.82,3.04,11.7,US,NASDAQ,300 Industrial Parkway,Philadelphia,(212) 605-1478,19101,Idexx Laboratories is a leading medical devices company in the healthcare sector.,103954,https://www.idexx.com,2025-01-31
ITW,Illinois Tool Works,Industrials,Machinery,40,32.5,286.26,301.08,182.04,1.25,8.81,18.7,US,NYSE,456 Corporate Blvd,Charlotte,(312) 791-2667,28201,Illinois Tool Works is a leading machinery company in the industrials sector.,281984,https://www.illinois.com,2025-01-31
INCY,Incyte,Healthcare,Biotechnology,50,26.6,136.57,168.39,89.45,3.88,5.13,19.4,US,NYSE,200 Park Avenue,Philadelphia,(212) 811-7367,19101,Incyte is a leading biotechnology company in the healthcare sector.,206306,https://www.incyte.com,2025-01-31
IR,Ingersoll Rand,Industrials,Machinery,40,27.8,364.59,506.13,290.56,3.66,13.11,18.7,US,NYSE,800 Fifth Avenue,Seattle,(206) 804-2388,98101,Ingersoll Rand is a leading machinery company in the industrials sector.,70727,https://www.ingersoll.com,2025-01-31
PODD,Insulet Corporation,Healthcare,Medical Devices,50,21.6,208.52,228.7,145.82,0.64,9.65,16.2,US,NASDAQ,789 Innovation Way,Dallas,(214) 788-7286,75201,Insulet Corporation is a leading medical devices company in the healthcare sector.,222294,https://www.insulet.com,2025-01-31
INTC,Intel,Technology,Semiconductors,60,44.2,135.88,180.36,109.81,4.5,3.07,24.0,US,NASDAQ,555 Market Street,Denver,(303) 343-4065,80201,Intel is a leading semiconductors company in the technology sector.,165430,https://www.intel.com,2025-01-31
ICE,Intercontinental Exchange,Financials,Financial Services,40,43.3,509.93,711.97,474.61,2.18,11.78,9.5,US,NYSE,1500 Broadway,Atlanta,(404) 717-9109,30301,Intercontinental Exchange is a leading financial services company in the financials sector.,215004,https://www.intercontinental.com,2025-01-31
IFF,International Flavors & Fragrances,Materials,Chemicals,25,31.7,420.28,582.49,313.31,0.37,13.26,4.1,US,NYSE,1000 Technology Drive,Charlotte,(312) 499-1535,28201,International Flavors & Fragrances is a leading chemicals company in the materials sector.,144602,https://www.international.com,2025-01-31
IP,International Paper,Materials,Packaging,25,24.5,158.16,215.46,122.77,3.48,6.46,9.3,US,NYSE,456 Corporate Blvd,Los Angeles,(213) 786-2871,90001,International Paper is a leading packaging company in the materials sector.,140950,https://www.international.com,2025-01-31
IPG,Interpublic Group,Communication Services,Advertising,50,54.9,471.81,564.64,414.74,0.19,8.59,23.7,US,NYSE,1000 Technology Drive,Los Angeles,(213) 635-2677,90001,Interpublic Group is a leading advertising company in the communication services sector.,130277,https://www.interpublic.com,2025-01-31
INTU,Intuit,Technology,Software,200,65.0,199.69,245.6,137.67,3.68,3.07,69.5,US,NASDAQ,1000 Technology Drive,San Francisco,(415) 414-6744,94105,Intuit is a leading software company in the technology sector.,224982,https://www.intuit.com,2025-01-31
ISRG,Intuitive Surgical,Healthcare,Medical Devices,50,15.9,124.61,141.14,78.85,0.27,7.84,15.4,US,NASDAQ,800 Fifth Avenue,Seattle,(206) 751-3758,98101,Intuitive Surgical is a leading medical devices company in the healthcare sector.,170187,https://www.intuitive.com,2025-01-31
IVZ,Invesco,Financials,Asset Management,40,24.7,588.03,752.15,547.43,2.31,23.81,22.2,US,NYSE,456 Corporate Blvd,Minneapolis,(617) 338-7743,55401,Invesco is a leading asset management company in the financials sector.,31582,https://www.invesco.com,2025-01-31
INVH,Invitation Homes,Real Estate,REITs,25,57.4,595.72,655.74,534.02,1.12,10.38,11.8,US,NYSE,1000 Technology Drive,Minneapolis,(617) 979-7434,55401,Invitation Homes is a leading reits company in the real estate sector.,257117,https://www.invitation.com,2025-01-31
IQV,IQVIA,Healthcare,Life Sciences,50,44.0,111.04,144.48,77.74,0.34,2.52,25.4,US,NYSE,456 Corporate Blvd,Charlotte,(312) 612-9447,28201,IQVIA is a leading life sciences company in the healthcare sector.,146370,https://www.iqvia.com,2025-01-31
IRM,Iron Mountain,Real Estate,REITs,25,58.0,425.98,524.76,317.45,2.62,7.34,13.5,US,NYSE,456 Corporate Blvd,Minneapolis,(617) 948-8511,55401,Iron Mountain is a leading reits company in the real estate sector.,188311,https://www.iron.com,2025-01-31
JBHT,J.B. Hunt,Industrials,Transportation,40,53.4,514.56,622.15,482.27,3.71,9.64,14.9,US,NYSE,555 Market Street,Austin,(512) 545-9967,78701,J.B. Hunt is a leading transportation company in the industrials sector.,68968,https://www.jb.com,2025-01-31
JBL,Jabil,Technology,Electronics,60,35.7,352.7,418.83,290.28,0.22,9.88,11.7,US,NASDAQ,One Commerce Square,Charlotte,(312) 216-3035,28201,Jabil is a leading electronics company in the technology sector.,83328,https://www.jabil.com,2025-01-31
JKHY,Jack Henry & Associates,Financials,Fintech,40,8.0,281.53,403.49,177.62,3.1,35.19,8.4,US,NASDAQ,555 Market Street,Philadelphia,(212) 362-5489,19101,Jack Henry & Associates is a leading fintech company in the financials sector.,49437,https://www.jack.com,2025-01-31
J,Jacobs Solutions,Industrials,Construction,40,22.3,403.12,483.24,367.45,0.74,18.08,13.1,US,NYSE,1000 Technology Drive,Seattle,(206) 639-2494,98101,Jacobs Solutions is a leading construction company in the industrials sector.,50403,https://www.jacobs.com,2025-01-31
JNJ,Johnson & Johnson,Healthcare,Pharmaceuticals,400,35.2,30.62,33.78,19.61,3.06,0.87,61.7,US,NYSE,200 Park Avenue,San Jose,(415) 323-7919,95101,Johnson & Johnson is a leading pharmaceuticals company in the healthcare sector.,69797,https://www.johnson.com,2025-01-31
JCI,Johnson Controls,Industrials,Building Products,40,21.0,302.29,328.21,263.71,0.46,14.39,12.6,US,NYSE,789 Innovation Way,Seattle,(206) 591-3181,98101,Johnson Controls is a leading building products company in the industrials sector.,75396,https://www.johnson.com,2025-01-31
JPM,JPMorgan Chase,Financials,Banks,700,40.1,68.99,89.28,42.47,1.58,1.72,172.1,US,NYSE,789 Innovation Way,San Jose,(415) 621-8248,95101,JPMorgan Chase is a leading banks company in the financials sector.,114398,https://www.jpmorgan.com,2025-01-31
K,Kellanova,Consumer Staples,Food & Beverage,40,13.7,79.41,107.28,62.4,1.73,5.8,23.3,US,NYSE,789 Innovation Way,Austin,(512) 453-5537,78701,Kellanova is a leading food & beverage company in the consumer staples sector.,44670,https://www.kellanova.com,2025-01-31
KVUE,Kenvue,Consumer Staples,Personal Care,40,42.3,171.46,229.49,113.84,4.24,4.05,6.5,US,NYSE,555 Market Street,Minneapolis,(617) 410-9482,55401,Kenvue is a leading personal care company in the consumer staples sector.,267636,https://www.kenvue.com,2025-01-31
KDP,Keurig Dr Pepper,Consumer Staples,Food & Beverage,40,30.3,137.53,179.95,118.76,3.57,4.54,10.3,US,NASDAQ,456 Corporate Blvd,Atlanta,(404) 446-9185,30301,Keurig Dr Pepper is a leading food & beverage company in the consumer staples sector.,37730,https://www.keurig.com,2025-01-31
KEY,KeyCorp,Financials,Banks,40,63.7,331.12,478.39,305.81,0.59,5.2,21.5,US,NYSE,300 Industrial Parkway,Dallas,(214) 574-9951,75201,KeyCorp is a leading banks company in the financials sector.,91081,https://www.keycorp.com,2025-01-31
KEYS,Keysight Technologies,Technology,Electronics,60,62.4,464.75,631.2,258.72,0.3,7.45,16.1,US,NASDAQ,123 Main Street,New York,(212) 607-9300,10001,Keysight Technologies is a leading electronics company in the technology sector.,150702,https://www.keysight.com,2025-01-31
KMB,Kimberly-Clark,Consumer Staples,Household Products,40,36.6,388.29,472.23,322.56,0.37,10.61,15.7,US,NYSE,789 Innovation Way,Dallas,(214) 484-2369,75201,Kimberly-Clark is a leading household products company in the consumer staples sector.,162980,https://www.kimberly-clark.com,2025-01-31
KIM,Kimco Realty,Real Estate,REITs,25,60.5,75.04,108.04,45.94,1.47,1.24,10.3,US,NYSE,456 Corporate Blvd,Charlotte,(312) 517-8167,28201,Kimco Realty is a leading reits company in the real estate sector.,125614,https://www.kimco.com,2025-01-31
KMI,Kinder Morgan,Energy,Oil & Gas,35,12.9,63.01,77.11,46.08,2.74,4.88,10.1,US,NYSE,789 Innovation Way,San Jose,(415) 322-1207,95101,Kinder Morgan is a leading oil & gas company in the energy sector.,72438,https://www.kinder.com,2025-01-31
KKR,KKR & Co.,Financials,Asset Management,40,17.3,429.85,615.2,326.34,3.52,24.85,19.0,US,NYSE,200 Park Avenue,Chicago,(312) 329-5403,60601,KKR & Co. is a leading asset management company in the financials sector.,62395,https://www.kkr.com,2025-01-31
KLAC,KLA Corporation,Technology,Semiconductor Equipment,60,9.7,469.72,644.85,309.45,0.29,48.42,28.2,US,NASDAQ,456 Corporate Blvd,Dallas,(214) 708-8457,75201,KLA Corporation is a leading semiconductor equipment company in the technology sector.,268296,https://www.kla.com,2025-01-31
KHC,Kraft Heinz,Consumer Staples,Food & Beverage,40,36.5,235.27,300.38,164.0,1.15,6.45,7.9,US,NASDAQ,456 Corporate Blvd,Dallas,(214) 433-9336,75201,Kraft Heinz is a leading food & beverage company in the consumer staples sector.,1846,https://www.kraft.com,2025-01-31
KR,Kroger,Consumer Staples,Retail,40,57.2,55.1,63.24,40.7,1.72,0.96,8.7,US,NYSE,123 Main Street,Houston,(206) 766-7870,77001,Kroger is a leading retail company in the consumer staples sector.,118210,https://www.kroger.com,2025-01-31
LHX,L3Harris,Industrials,Aerospace,40,31.7,213.43,285.59,140.54,0.35,6.73,12.7,US,NYSE,123 Main Street,Los Angeles,(213) 383-4656,90001,L3Harris is a leading aerospace company in the industrials sector.,270914,https://www.l3harris.com,2025-01-31
LH,Labcorp,Healthcare,Health Services,50,62.4,589.41,635.13,433.83,1.27,9.45,26.5,US,NYSE,456 Corporate Blvd,Austin,(512) 766-8483,78701,Labcorp is a leading health services company in the healthcare sector.,4678,https://www.labcorp.com,2025-01-31
LRCX,Lam Research,Technology,Semiconductor Equipment,60,24.6,240.28,327.69,203.24,1.09,9.77,18.9,US,NASDAQ,1000 Technology Drive,Denver,(303) 950-9954,80201,Lam Research is a leading semiconductor equipment company in the technology sector.,129017,https://www.lam.com,2025-01-31
LW,Lamb Weston,Consumer Staples,Food & Beverage,40,61.1,115.82,122.72,88.79,2.86,1.9,18.5,US,NYSE,200 Park Avenue,New York,(212) 201-7164,10001,Lamb Weston is a leading food & beverage company in the consumer staples sector.,161724,https://www.lamb.com,2025-01-31
LVS,Las Vegas Sands,Consumer Discretionary,Entertainment,40,38.2,89.25,102.22,66.65,0.27,2.34,23.9,US,NYSE,555 Market Street,San Jose,(415) 295-1719,95101,Las Vegas Sands is a leading entertainment company in the consumer discretionary sector.,121858,https://www.las.com,2025-01-31
LDOS,Leidos,Industrials,Business Services,40,37.6,541.45,720.31,378.47,4.39,14.4,7.5,US,NYSE,1500 Broadway,San Francisco,(415) 336-7461,94105,Leidos is a leading business services company in the industrials sector.,39732,https://www.leidos.com,2025-01-31
LEN,Lennar,Consumer Discretionary,Construction,40,11.6,367.38,483.1,221.27,1.31,31.67,21.3,US,NYSE,300 Industrial Parkway,Houston,(206) 917-6345,77001,Lennar is a leading construction company in the consumer discretionary sector.,167253,https://www.lennar.com,2025-01-31
LII,Lennox International,Industrials,Building Products,40,21.3,288.07,411.2,174.12,3.47,13.52,8.0,US,NYSE,789 Innovation Way,San Francisco,(415) 660-8635,94105,Lennox International is a leading building products company in the industrials sector.,165143,https://www.lennox.com,2025-01-31
LLY,Eli Lilly,Healthcare,Pharmaceuticals,800,38.5,261.71,375.78,165.68,1.39,6.8,215.4,US,NYSE,456 Corporate Blvd,San Francisco,(415) 361-5984,94105,Eli Lilly is a leading pharmaceuticals company in the healthcare sector.,21644,https://www.eli.com,2025-01-31
LIN,Linde plc,Materials,Chemicals,250,56.8,152.56,169.24,127.31,4.36,2.69,82.1,US,NYSE,555 Market Street,New York,(212) 466-3848,10001,Linde plc is a leading chemicals company in the materials sector.,16795,https://www.linde.com,2025-01-31
LYV,Live Nation Entertainment,Communication Services,Entertainment,50,56.7,572.7,728.69,441.01,0.43,10.1,9.8,US,NYSE,789 Innovation Way,Charlotte,(312) 324-1195,28201,Live Nation Entertainment is a leading entertainment company in the communication services sector.,32832,https://www.live.com,2025-01-31
LKQ,LKQ Corporation,Consumer Discretionary,Distribution,40,64.0,503.31,554.79,442.65,1.68,7.86,17.3,US,NYSE,456 Corporate Blvd,Philadelphia,(212) 796-5240,19101,LKQ Corporation is a leading distribution company in the consumer discretionary sector.,39814,https://www.lkq.com,2025-01-31
LMT,Lockheed Martin,Industrials,Aerospace,40,11.7,42.43,59.87,30.86,0.58,3.63,22.3,US,NYSE,200 Park Avenue,Minneapolis,(617) 325-1699,55401,Lockheed Martin is a leading aerospace company in the industrials sector.,242194,https://www.lockheed.com,2025-01-31
L,Loews Corporation,Financials,Insurance,40,60.7,58.86,72.0,49.43,2.23,0.97,12.9,US,NYSE,789 Innovation Way,Atlanta,(404) 562-4517,30301,Loews Corporation is a leading insurance company in the financials sector.,98621,https://www.loews.com,2025-01-31
LOW,Lowe's,Consumer Discretionary,Retail,40,33.4,186.74,207.18,148.58,2.78,5.59,17.7,US,NYSE,300 Industrial Parkway,Denver,(303) 763-8848,80201,Lowe's is a leading retail company in the consumer discretionary sector.,32470,https://www.lowe's.com,2025-01-31
LULU,Lululemon Athletica,Consumer Discretionary,Apparel,40,29.8,80.0,97.42,64.56,3.59,2.68,10.5,US,NASDAQ,1500 Broadway,Charlotte,(312) 219-7266,28201,Lululemon Athletica is a leading apparel company in the consumer discretionary sector.,188778,https://www.lululemon.com,2025-01-31
LYB,LyondellBasell,Materials,Chemicals,25,52.5,303.42,360.35,235.53,1.45,5.78,6.8,US,NYSE,200 Park Avenue,New York,(212) 811-4588,10001,LyondellBasell is a leading chemicals company in the materials sector.,15863,https://www.lyondellbasell.com,2025-01-31
MTB,M&T Bank,Financials,Banks,40,52.4,540.59,580.29,511.73,2.38,10.32,19.8,US,NYSE,789 Innovation Way,Boston,(617) 302-5060,02101,M&T Bank is a leading banks company in the financials sector.,126933,https://www.m&t.com,2025-01-31
MPC,Marathon Petroleum,Energy,Oil & Gas,35,54.5,181.92,257.76,104.12,4.48,3.34,8.7,US,NYSE,300 Industrial Parkway,Minneapolis,(617) 563-3846,55401,Marathon Petroleum is a leading oil & gas company in the energy sector.,92827,https://www.marathon.com,2025-01-31
MKTX,MarketAxess,Financials,Financial Services,40,26.1,164.83,221.74,114.31,2.66,6.32,18.7,US,NASDAQ,800 Fifth Avenue,Austin,(512) 777-3328,78701,MarketAxess is a leading financial services company in the financials sector.,295731,https://www.marketaxess.com,2025-01-31
MAR,Marriott International,Consumer Discretionary,Hospitality,40,55.7,570.57,784.05,535.28,2.44,10.24,9.2,US,NASDAQ,456 Corporate Blvd,New York,(212) 257-4811,10001,Marriott International is a leading hospitality company in the consumer discretionary sector.,115218,https://www.marriott.com,2025-01-31
MMC,Marsh McLennan,Financials,Insurance,40,35.2,41.36,48.92,32.91,3.63,1.17,12.1,US,NYSE,200 Park Avenue,Chicago,(312) 260-1359,60601,Marsh McLennan is a leading insurance company in the financials sector.,77943,https://www.marsh.com,2025-01-31
MLM,Martin Marietta Materials,Materials,Building Materials,25,60.3,364.37,495.45,323.78,3.87,6.04,14.6,US,NYSE,300 Industrial Parkway,Austin,(512) 800-2655,78701,Martin Marietta Materials is a leading building materials company in the materials sector.,176954,https://www.martin.com,2025-01-31
MAS,Masco,Industrials,Building Products,40,15.8,202.01,224.84,187.76,3.56,12.79,23.3,US,NYSE,200 Park Avenue,Philadelphia,(212) 378-6846,19101,Masco is a leading building products company in the industrials sector.,117540,https://www.masco.com,2025-01-31
MA,Mastercard,Financials,Fintech,500,54.4,409.35,491.77,345.33,1.33,7.52,115.0,US,NYSE,800 Fifth Avenue,New York,(212) 600-1530,10001,Mastercard is a leading fintech company in the financials sector.,95963,https://www.mastercard.com,2025-01-31
MTCH,Match Group,Communication Services,Media,50,60.5,373.36,536.52,238.34,2.54,6.17,28.6,US,NYSE,200 Park Avenue,Chicago,(312) 963-2274,60601,Match Group is a leading media company in the communication services sector.,125278,https://www.match.com,2025-01-31
MKC,McCormick & Company,Consumer Staples,Food & Beverage,40,26.2,227.68,297.0,212.93,3.7,8.69,18.1,US,NYSE,200 Park Avenue,San Jose,(415) 657-1186,95101,McCormick & Company is a leading food & beverage company in the consumer staples sector.,139547,https://www.mccormick.com,2025-01-31
MCD,McDonald's,Consumer Discretionary,Restaurants,40,47.5,149.52,177.96,129.31,3.24,3.15,6.9,US,NYSE,300 Industrial Parkway,Denver,(303) 370-7783,80201,McDonald's is a leading restaurants company in the consumer discretionary sector.,259016,https://www.mcdonald's.com,2025-01-31
MCK,McKesson Corporation,Healthcare,Health Services,50,28.0,532.61,639.21,469.51,3.55,19.02,20.5,US,NYSE,1000 Technology Drive,Charlotte,(312) 366-8393,28201,McKesson Corporation is a leading health services company in the healthcare sector.,39144,https://www.mckesson.com,2025-01-31
MDT,Medtronic,Healthcare,Medical Devices,50,9.9,485.54,513.72,317.76,0.47,49.04,15.2,US,NYSE,300 Industrial Parkway,Houston,(206) 364-2228,77001,Medtronic is a leading medical devices company in the healthcare sector.,287309,https://www.medtronic.com,2025-01-31
MRK,Merck & Co.,Healthcare,Pharmaceuticals,300,63.7,566.85,671.82,535.17,4.02,8.9,140.1,US,NYSE,789 Innovation Way,Atlanta,(404) 821-8113,30301,Merck & Co. is a leading pharmaceuticals company in the healthcare sector.,82867,https://www.merck.com,2025-01-31
META,Meta Platforms,Communication Services,Media,1700,26.9,60.53,87.15,43.2,2.49,2.25,963.1,US,NASDAQ,555 Market Street,Los Angeles,(213) 876-5612,90001,Meta Platforms is a leading media company in the communication services sector.,156423,https://www.meta.com,2025-01-31
MET,MetLife,Financials,Insurance,40,10.8,165.4,211.5,146.53,0.69,15.31,12.5,US,NYSE,456 Corporate Blvd,Atlanta,(404) 501-8869,30301,MetLife is a leading insurance company in the financials sector.,105187,https://www.metlife.com,2025-01-31
MTD,Mettler Toledo,Healthcare,Life Sciences,50,19.8,85.28,111.31,80.23,2.13,4.31,10.1,US,NYSE,300 Industrial Parkway,Charlotte,(312) 682-9013,28201,Mettler Toledo is a leading life sciences company in the healthcare sector.,139438,https://www.mettler.com,2025-01-31
MGM,MGM Resorts,Consumer Discretionary,Entertainment,40,39.0,81.95,92.11,74.1,1.66,2.1,14.0,US,NYSE,One Commerce Square,Seattle,(206) 676-5315,98101,MGM Resorts is a leading entertainment company in the consumer discretionary sector.,119116,https://www.mgm.com,2025-01-31
MCHP,Microchip Technology,Technology,Semiconductors,60,40.2,507.13,563.14,420.2,0.44,12.62,27.0,US,NASDAQ,1500 Broadway,Charlotte,(312) 623-4727,28201,Microchip Technology is a leading semiconductors company in the technology sector.,290746,https://www.microchip.com,2025-01-31
MU,Micron Technology,Technology,Semiconductors,60,30.1,64.76,81.53,60.63,3.09,2.15,34.3,US,NASDAQ,1000 Technology Drive,Dallas,(214) 687-5896,75201,Micron Technology is a leading semiconductors company in the technology sector.,41895,https://www.micron.com,2025-01-31
MSFT,Microsoft,Technology,Software,3200,56.7,255.04,271.33,198.55,2.33,4.5,1302.9,US,NASDAQ,789 Innovation Way,Dallas,(214) 323-8357,75201,Microsoft is a leading software company in the technology sector.,91138,https://www.microsoft.com,2025-01-31
MAA,Mid-America Apartment Communities,Real Estate,REITs,25,17.5,570.97,647.91,358.05,0.19,32.63,4.6,US,NYSE,300 Industrial Parkway,Philadelphia,(212) 406-3422,19101,Mid-America Apartment Communities is a leading reits company in the real estate sector.,135706,https://www.mid-america.com,2025-01-31
MRNA,Moderna,Healthcare,Biotechnology,50,49.4,212.26,291.42,124.13,2.5,4.3,19.9,US,NASDAQ,555 Market Street,Minneapolis,(617) 732-8506,55401,Moderna is a leading biotechnology company in the healthcare sector.,6982,https://www.moderna.com,2025-01-31
MHK,Mohawk Industries,Consumer Discretionary,Home Furnishings,40,43.5,478.33,602.23,343.36,1.86,11.0,8.7,US,NYSE,800 Fifth Avenue,Dallas,(214) 976-2641,75201,Mohawk Industries is a leading home furnishings company in the consumer discretionary sector.,55883,https://www.mohawk.com,2025-01-31
MOH,Molina Healthcare,Healthcare,Health Insurance,50,13.8,350.73,408.4,268.05,1.55,25.42,16.7,US,NYSE,One Commerce Square,Atlanta,(404) 785-8750,30301,Molina Healthcare is a leading health insurance company in the healthcare sector.,20142,https://www.molina.com,2025-01-31
TAP,Molson Coors Beverage Company,Consumer Staples,Beverages,40,31.0,128.15,166.25,105.38,1.81,4.13,13.1,US,NYSE,200 Park Avenue,Houston,(206) 907-4892,77001,Molson Coors Beverage Company is a leading beverages company in the consumer staples sector.,26342,https://www.molson.com,2025-01-31
MDLZ,Mondelez International,Consumer Staples,Food & Beverage,40,60.5,455.08,641.12,253.98,3.68,7.52,11.5,US,NASDAQ,One Commerce Square,Seattle,(206) 912-2609,98101,Mondelez International is a leading food & beverage company in the consumer staples sector.,120015,https://www.mondelez.com,2025-01-31
MPWR,Monolithic Power Systems,Technology,Semiconductors,60,63.5,106.6,130.82,93.84,1.21,1.68,20.3,US,NASDAQ,456 Corporate Blvd,Philadelphia,(212) 392-8237,19101,Monolithic Power Systems is a leading semiconductors company in the technology sector.,111329,https://www.monolithic.com,2025-01-31
MNST,Monster Beverage,Consumer Staples,Food & Beverage,40,31.2,550.66,684.9,416.63,1.68,17.65,7.0,US,NASDAQ,789 Innovation Way,Charlotte,(312) 267-6097,28201,Monster Beverage is a leading food & beverage company in the consumer staples sector.,266206,https://www.monster.com,2025-01-31
MCO,Moody's Corporation,Financials,Financial Services,40,52.5,259.93,327.44,202.09,0.78,4.95,21.8,US,NYSE,123 Main Street,Boston,(617) 455-1541,02101,Moody's Corporation is a leading financial services company in the financials sector.,239810,https://www.moody's.com,2025-01-31
MS,Morgan Stanley,Financials,Investment Banking,40,28.5,58.82,66.45,41.02,2.09,2.06,13.1,US,NYSE,456 Corporate Blvd,Houston,(206) 897-1500,77001,Morgan Stanley is a leading investment banking company in the financials sector.,127345,https://www.morgan.com,2025-01-31
MOS,Mosaic Company,Materials,Chemicals,25,41.9,242.31,271.64,217.64,2.64,5.78,7.7,US,NYSE,555 Market Street,Chicago,(312) 966-2480,60601,Mosaic Company is a leading chemicals company in the materials sector.,149958,https://www.mosaic.com,2025-01-31
MSI,Motorola Solutions,Technology,Networking,60,10.8,45.65,63.52,39.35,0.96,4.23,15.0,US,NYSE,1000 Technology Drive,Boston,(617) 475-7709,02101,Motorola Solutions is a leading networking company in the technology sector.,269607,https://www.motorola.com,2025-01-31
MSCI,MSCI Inc.,Financials,Financial Services,40,52.5,41.43,56.22,22.93,4.1,0.79,17.7,US,NYSE,123 Main Street,Dallas,(214) 429-5135,75201,MSCI Inc. is a leading financial services company in the financials sector.,160648,https://www.msci.com,2025-01-31
NDAQ,Nasdaq Inc.,Financials,Financial Services,40,48.4,436.26,506.13,396.21,3.83,9.01,14.3,US,NYSE,One Commerce Square,Boston,(617) 509-9530,02101,Nasdaq Inc. is a leading financial services company in the financials sector.,208722,https://www.nasdaq.com,2025-01-31
NTAP,NetApp,Technology,Hardware,60,8.4,363.16,526.5,340.13,3.78,43.23,24.2,US,NASDAQ,800 Fifth Avenue,Dallas,(214) 489-5890,75201,NetApp is a leading hardware company in the technology sector.,57177,https://www.netapp.com,2025-01-31
NFLX,Netflix,Communication Services,Entertainment,350,27.2,304.59,353.51,207.14,1.25,11.2,155.8,US,NASDAQ,555 Market Street,Houston,(206) 392-3456,77001,Netflix is a leading entertainment company in the communication services sector.,271710,https://www.netflix.com,2025-01-31
NEM,Newmont,Materials,Mining,25,59.3,466.32,639.87,406.14,2.7,7.86,11.2,US,NYSE,789 Innovation Way,Philadelphia,(212) 938-1417,19101,Newmont is a leading mining company in the materials sector.,261266,https://www.newmont.com,2025-01-31
NWSA,News Corp (Class A),Communication Services,Media,50,22.8,598.56,728.7,422.17,0.16,26.25,23.4,US,NYSE,1000 Technology Drive,Dallas,(214) 551-4643,75201,News Corp (Class A) is a leading media company in the communication services sector.,280802,https://www.news.com,2025-01-31
NWS,News Corp (Class B),Communication Services,Media,50,35.1,393.84,561.72,273.09,1.35,11.22,11.3,US,NYSE,1500 Broadway,Philadelphia,(212) 385-5813,19101,News Corp (Class B) is a leading media company in the communication services sector.,51672,https://www.news.com,2025-01-31
NEE,NextEra Energy,Utilities,Utilities,160,50.2,298.35,399.81,230.81,4.11,5.94,92.2,US,NYSE,200 Park Avenue,Houston,(206) 870-2463,77001,NextEra Energy is a leading utilities company in the utilities sector.,117024,https://www.nextera.com,2025-01-31
NKE,Nike Inc.,Consumer Discretionary,Apparel,40,50.4,232.51,272.7,201.18,1.49,4.61,10.7,US,NYSE,One Commerce Square,Seattle,(206) 320-8709,98101,Nike Inc. is a leading apparel company in the consumer discretionary sector.,28642,https://www.nike.com,2025-01-31
NI,NiSource,Utilities,Utilities,25,41.3,523.84,747.9,303.03,4.0,12.68,9.4,US,NYSE,300 Industrial Parkway,Minneapolis,(617) 742-5888,55401,NiSource is a leading utilities company in the utilities sector.,217087,https://www.nisource.com,2025-01-31
NDSN,Nordson Corporation,Industrials,Machinery,40,56.7,60.82,67.2,38.32,1.84,1.07,16.2,US,NASDAQ,One Commerce Square,Houston,(206) 346-6183,77001,Nordson Corporation is a leading machinery company in the industrials sector.,95058,https://www.nordson.com,2025-01-31
NSC,Norfolk Southern,Industrials,Transportation,40,35.8,474.0,617.34,294.23,2.86,13.24,6.1,US,NYSE,1000 Technology Drive,Seattle,(206) 979-3762,98101,Norfolk Southern is a leading transportation company in the industrials sector.,83565,https://www.norfolk.com,2025-01-31
NTRS,Northern Trust,Financials,Asset Management,40,51.5,309.06,335.4,245.95,2.85,6.0,13.3,US,NYSE,300 Industrial Parkway,Denver,(303) 204-1618,80201,Northern Trust is a leading asset management company in the financials sector.,280355,https://www.northern.com,2025-01-31
NOC,Northrop Grumman,Industrials,Aerospace,40,29.3,143.67,151.66,97.54,3.75,4.9,9.4,US,NYSE,123 Main Street,Philadelphia,(212) 841-5076,19101,Northrop Grumman is a leading aerospace company in the industrials sector.,119128,https://www.northrop.com,2025-01-31
NCLH,Norwegian Cruise Line Holdings,Consumer Discretionary,Hospitality,40,27.6,425.31,468.51,299.17,2.65,15.41,9.0,US,NASDAQ,123 Main Street,Minneapolis,(617) 505-5764,55401,Norwegian Cruise Line Holdings is a leading hospitality company in the consumer discretionary sector.,239536,https://www.norwegian.com,2025-01-31
NRG,NRG Energy,Utilities,Power,25,42.0,444.86,527.22,402.68,4.48,10.59,7.6,US,NYSE,One Commerce Square,Houston,(206) 567-4087,77001,NRG Energy is a leading power company in the utilities sector.,86946,https://www.nrg.com,2025-01-31
NUE,Nucor,Materials,Metals,25,60.3,570.41,690.97,365.84,3.27,9.46,5.2,US,NYSE,123 Main Street,San Jose,(415) 803-9267,95101,Nucor is a leading metals company in the materials sector.,89096,https://www.nucor.com,2025-01-31
NVDA,Nvidia,Technology,Semiconductors,3000,48.5,100.2,136.96,70.15,2.88,2.07,1491.2,US,NASDAQ,123 Main Street,Dallas,(214) 808-1785,75201,Nvidia is a leading semiconductors company in the technology sector.,57182,https://www.nvidia.com,2025-01-31
NVR,NVR Inc.,Consumer Discretionary,Construction,40,9.1,402.53,533.71,288.5,1.71,44.23,15.9,US,NYSE,789 Innovation Way,Denver,(303) 410-1152,80201,NVR Inc. is a leading construction company in the consumer discretionary sector.,158371,https://www.nvr.com,2025-01-31
NXPI,NXP Semiconductors,Technology,Semiconductors,60,13.8,269.9,339.57,215.68,3.15,19.56,20.3,US,NASDAQ,456 Corporate Blvd,Houston,(206) 723-2928,77001,NXP Semiconductors is a leading semiconductors company in the technology sector.,148719,https://www.nxp.com,2025-01-31
ORLY,O'Reilly Automotive,Consumer Discretionary,Retail,40,14.1,94.99,107.29,59.83,1.18,6.74,15.4,US,NASDAQ,200 Park Avenue,Boston,(617) 920-7713,02101,O'Reilly Automotive is a leading retail company in the consumer discretionary sector.,155349,https://www.o'reilly.com,2025-01-31
OXY,Occidental Petroleum,Energy,Oil & Gas,35,39.2,121.41,171.69,100.2,2.16,3.1,8.9,US,NYSE,456 Corporate Blvd,New York,(212) 313-9095,10001,Occidental Petroleum is a leading oil & gas company in the energy sector.,78694,https://www.occidental.com,2025-01-31
ODFL,Old Dominion,Industrials,Transportation,40,52.4,571.18,616.89,479.47,4.07,10.9,17.6,US,NASDAQ,555 Market Street,Denver,(303) 470-8606,80201,Old Dominion is a leading transportation company in the industrials sector.,26756,https://www.old.com,2025-01-31
OMC,Omnicom Group,Communication Services,Advertising,50,18.0,86.89,92.61,57.89,3.61,4.83,14.5,US,NYSE,456 Corporate Blvd,San Jose,(415) 297-1751,95101,Omnicom Group is a leading advertising company in the communication services sector.,5571,https://www.omnicom.com,2025-01-31
ON,ON Semiconductor,Technology,Semiconductors,60,45.8,515.64,576.59,357.34,1.97,11.26,25.8,US,NASDAQ,456 Corporate Blvd,Houston,(206) 581-6615,77001,ON Semiconductor is a leading semiconductors company in the technology sector.,96376,https://www.on.com,2025-01-31
OKE,Oneok,Energy,Oil & Gas,35,30.8,94.88,116.95,83.9,3.1,3.08,12.8,US,NYSE,789 Innovation Way,Atlanta,(404) 315-3171,30301,Oneok is a leading oil & gas company in the energy sector.,31247,https://www.oneok.com,2025-01-31
ORCL,Oracle Corporation,Technology,Software,350,56.1,589.49,643.42,539.08,2.17,10.51,142.1,US,NASDAQ,789 Innovation Way,Denver,(303) 825-7221,80201,Oracle Corporation is a leading software company in the technology sector.,188509,https://www.oracle.com,2025-01-31
OTIS,Otis Worldwide,Industrials,Machinery,40,57.2,378.47,530.61,318.26,4.01,6.62,14.7,US,NYSE,456 Corporate Blvd,Denver,(303) 621-8220,80201,Otis Worldwide is a leading machinery company in the industrials sector.,24602,https://www.otis.com,2025-01-31
PCAR,Paccar,Industrials,Machinery,40,45.3,66.1,69.73,59.31,2.36,1.46,19.4,US,NASDAQ,800 Fifth Avenue,San Jose,(415) 429-6542,95101,Paccar is a leading machinery company in the industrials sector.,272657,https://www.paccar.com,2025-01-31
PKG,Packaging Corporation of America,Materials,Packaging,25,47.9,328.17,357.08,267.36,1.12,6.85,7.6,US,NYSE,300 Industrial Parkway,Philadelphia,(212) 352-1894,19101,Packaging Corporation of America is a leading packaging company in the materials sector.,6605,https://www.packaging.com,2025-01-31
PLTR,Palantir Technologies,Technology,Software,60,16.9,396.74,551.29,353.4,3.91,23.48,11.0,US,NASDAQ,200 Park Avenue,Denver,(303) 446-6421,80201,Palantir Technologies is a leading software company in the technology sector.,146334,https://www.palantir.com,2025-01-31
PANW,Palo Alto Networks,Technology,Software,60,20.7,58.7,76.74,41.75,1.06,2.84,21.4,US,NASDAQ,800 Fifth Avenue,Charlotte,(312) 658-2442,28201,Palo Alto Networks is a leading software company in the technology sector.,261834,https://www.palo.com,2025-01-31
PSKY,Paramount Skydance Corporation,Communication Services,Entertainment,50,14.8,284.83,355.74,231.1,0.46,19.25,16.8,US,NYSE,1500 Broadway,Los Angeles,(213) 200-2489,90001,Paramount Skydance Corporation is a leading entertainment company in the communication services sector.,160197,https://www.paramount.com,2025-01-31
PH,Parker Hannifin,Industrials,Machinery,40,40.1,537.36,704.93,393.61,1.53,13.4,20.9,US,NYSE,1000 Technology Drive,Minneapolis,(617) 665-6439,55401,Parker Hannifin is a leading machinery company in the industrials sector.,294180,https://www.parker.com,2025-01-31
PAYX,Paychex,Industrials,Business Services,40,42.2,467.43,624.8,325.01,2.04,11.08,7.8,US,NASDAQ,1000 Technology Drive,Philadelphia,(212) 202-6592,19101,Paychex is a leading business services company in the industrials sector.,186695,https://www.paychex.com,2025-01-31
PAYC,Paycom,Industrials,Business Services,40,63.0,503.03,586.93,381.7,3.16,7.98,6.8,US,NASDAQ,One Commerce Square,Chicago,(312) 343-7704,60601,Paycom is a leading business services company in the industrials sector.,56578,https://www.paycom.com,2025-01-31
PYPL,PayPal,Financials,Fintech,40,19.2,174.94,192.14,155.85,0.97,9.11,20.8,US,NASDAQ,200 Park Avenue,Boston,(617) 310-7790,02101,PayPal is a leading fintech company in the financials sector.,24879,https://www.paypal.com,2025-01-31
PNR,Pentair,Industrials,Machinery,40,55.7,558.18,717.55,479.4,2.03,10.02,17.9,US,NYSE,789 Innovation Way,Los Angeles,(213) 710-1071,90001,Pentair is a leading machinery company in the industrials sector.,278563,https://www.pentair.com,2025-01-31
PEP,PepsiCo,Consumer Staples,Food & Beverage,250,39.5,449.64,549.97,352.54,4.16,11.38,125.4,US,NASDAQ,789 Innovation Way,Houston,(206) 908-3845,77001,PepsiCo is a leading food & beverage company in the consumer staples sector.,67809,https://www.pepsico.com,2025-01-31
PFE,Pfizer,Healthcare,Pharmaceuticals,50,45.5,89.03,115.07,60.43,3.97,1.96,16.9,US,NYSE,1000 Technology Drive,Dallas,(214) 480-7518,75201,Pfizer is a leading pharmaceuticals company in the healthcare sector.,180256,https://www.pfizer.com,2025-01-31
PCG,PG&E Corporation,Utilities,Utilities,25,33.8,583.18,643.45,417.03,3.15,17.25,12.2,US,NYSE,1500 Broadway,Seattle,(206) 521-4560,98101,PG&E Corporation is a leading utilities company in the utilities sector.,105823,https://www.pg&e.com,2025-01-31
PM,Philip Morris International,Consumer Staples,Tobacco,40,48.7,149.54,198.09,137.35,0.6,3.07,18.8,US,NYSE,1500 Broadway,Chicago,(312) 755-6281,60601,Philip Morris International is a leading tobacco company in the consumer staples sector.,61005,https://www.philip.com,2025-01-31
PSX,Phillips 66,Energy,Oil & Gas,35,40.0,463.64,594.91,429.83,3.2,11.59,15.9,US,NYSE,1500 Broadway,Houston,(206) 492-7920,77001,Phillips 66 is a leading oil & gas company in the energy sector.,7195,https://www.phillips.com,2025-01-31
PNW,Pinnacle West Capital,Utilities,Utilities,25,9.4,327.96,363.42,268.3,0.9,34.89,12.2,US,NYSE,555 Market Street,Chicago,(312) 899-5105,60601,Pinnacle West Capital is a leading utilities company in the utilities sector.,77270,https://www.pinnacle.com,2025-01-31
PNC,PNC Financial Services,Financials,Banks,40,47.4,508.45,593.9,432.91,0.15,10.73,20.7,US,NYSE,800 Fifth Avenue,San Francisco,(415) 891-4675,94105,PNC Financial Services is a leading banks company in the financials sector.,294767,https://www.pnc.com,2025-01-31
POOL,Pool Corporation,Consumer Discretionary,Distribution,40,37.1,251.67,344.47,208.5,3.12,6.78,6.8,US,NASDAQ,300 Industrial Parkway,Atlanta,(404) 626-6122,30301,Pool Corporation is a leading distribution company in the consumer discretionary sector.,289972,https://www.pool.com,2025-01-31
PPG,PPG Industries,Materials,Chemicals,25,50.4,60.67,68.63,54.45,3.87,1.2,8.7,US,NYSE,200 Park Avenue,Boston,(617) 973-9955,02101,PPG Industries is a leading chemicals company in the materials sector.,103506,https://www.ppg.com,2025-01-31
PPL,PPL Corporation,Utilities,Electric Utilities,25,63.0,472.4,551.61,293.35,3.07,7.5,5.9,US,NYSE,1500 Broadway,Chicago,(312) 322-7180,60601,PPL Corporation is a leading electric utilities company in the utilities sector.,21804,https://www.ppl.com,2025-01-31
PFG,Principal Financial Group,Financials,Insurance,40,39.7,274.25,302.23,214.9,1.15,6.91,12.0,US,NYSE,789 Innovation Way,San Jose,(415) 240-3518,95101,Principal Financial Group is a leading insurance company in the financials sector.,169651,https://www.principal.com,2025-01-31
PG,Procter & Gamble,Consumer Staples,Personal Care,400,52.1,370.22,481.34,328.48,1.36,7.11,202.2,US,NYSE,200 Park Avenue,Los Angeles,(213) 274-6207,90001,Procter & Gamble is a leading personal care company in the consumer staples sector.,275958,https://www.procter.com,2025-01-31
PGR,Progressive Corporation,Financials,Insurance,40,18.5,155.38,167.39,116.85,1.87,8.4,15.7,US,NYSE,200 Park Avenue,San Francisco,(415) 426-4495,94105,Progressive Corporation is a leading insurance company in the financials sector.,174502,https://www.progressive.com,2025-01-31
PLD,Prologis,Real Estate,REITs,120,24.7,218.71,312.78,174.38,2.14,8.85,48.3,US,NYSE,123 Main Street,Charlotte,(312) 317-6668,28201,Prologis is a leading reits company in the real estate sector.,234157,https://www.prologis.com,2025-01-31
PRU,Prudential Financial,Financials,Insurance,40,44.6,167.0,236.71,108.14,0.18,3.74,21.9,US,NYSE,456 Corporate Blvd,Atlanta,(404) 595-5203,30301,Prudential Financial is a leading insurance company in the financials sector.,283739,https://www.prudential.com,2025-01-31
PEG,Public Service Enterprise Group,Utilities,Electric Utilities,25,9.4,442.67,556.32,379.9,2.31,47.09,9.5,US,NYSE,123 Main Street,Denver,(303) 503-4154,80201,Public Service Enterprise Group is a leading electric utilities company in the utilities sector.,168436,https://www.public.com,2025-01-31
PTC,PTC Inc.,Technology,Software,60,62.0,322.92,360.69,301.13,2.42,5.21,9.2,US,NYSE,1000 Technology Drive,San Francisco,(415) 886-4492,94105,PTC Inc. is a leading software company in the technology sector.,222907,https://www.ptc.com,2025-01-31
PSA,Public Storage,Real Estate,REITs,25,19.7,506.33,699.49,456.43,3.34,25.7,8.6,US,NYSE,456 Corporate Blvd,Minneapolis,(617) 964-3519,55401,Public Storage is a leading reits company in the real estate sector.,12953,https://www.public.com,2025-01-31
PHM,PulteGroup,Consumer Discretionary,Construction,40,26.9,291.76,316.56,166.8,3.57,10.85,16.0,US,NYSE,1000 Technology Drive,Dallas,(214) 464-7678,75201,PulteGroup is a leading construction company in the consumer discretionary sector.,203940,https://www.pultegroup.com,2025-01-31
PWR,Quanta Services,Industrials,Construction,40,31.1,287.14,337.84,202.66,0.53,9.23,6.1,US,NYSE,800 Fifth Avenue,San Jose,(415) 264-1745,95101,Quanta Services is a leading construction company in the industrials sector.,38557,https://www.quanta.com,2025-01-31
QCOM,Qualcomm,Technology,Semiconductors,200,36.7,233.89,272.7,192.81,2.73,6.37,55.3,US,NASDAQ,One Commerce Square,Houston,(206) 590-7473,77001,Qualcomm is a leading semiconductors company in the technology sector.,16658,https://www.qualcomm.com,2025-01-31
DGX,Quest Diagnostics,Healthcare,Health Services,50,38.4,300.17,331.55,212.04,3.59,7.82,19.8,US,NYSE,789 Innovation Way,Philadelphia,(212) 505-7113,19101,Quest Diagnostics is a leading health services company in the healthcare sector.,6345,https://www.quest.com,2025-01-31
RL,Ralph Lauren Corporation,Consumer Discretionary,Apparel,40,39.6,345.51,379.82,190.73,2.68,8.72,15.7,US,NYSE,555 Market Street,San Francisco,(415) 415-6633,94105,Ralph Lauren Corporation is a leading apparel company in the consumer discretionary sector.,111511,https://www.ralph.com,2025-01-31
RJF,Raymond James Financial,Financials,Investment Banking,40,44.8,265.21,332.84,162.94,0.99,5.92,21.0,US,NYSE,456 Corporate Blvd,Boston,(617) 385-1891,02101,Raymond James Financial is a leading investment banking company in the financials sector.,288256,https://www.raymond.com,2025-01-31
RTX,RTX Corporation,Industrials,Aerospace,40,39.3,292.92,341.62,169.0,0.44,7.45,19.1,US,NYSE,200 Park Avenue,Denver,(303) 565-3100,80201,RTX Corporation is a leading aerospace company in the industrials sector.,123462,https://www.rtx.com,2025-01-31
O,Realty Income,Real Estate,REITs,25,43.3,87.03,122.72,58.93,2.03,2.01,10.7,US,NYSE,800 Fifth Avenue,Seattle,(206) 356-6971,98101,Realty Income is a leading reits company in the real estate sector.,166349,https://www.realty.com,2025-01-31
REG,Regency Centers,Real Estate,REITs,25,17.6,576.44,677.48,498.2,3.2,32.75,11.0,US,NYSE,200 Park Avenue,Seattle,(206) 337-6432,98101,Regency Centers is a leading reits company in the real estate sector.,252134,https://www.regency.com,2025-01-31
REGN,Regeneron Pharmaceuticals,Healthcare,Biotechnology,50,28.4,293.82,344.41,226.44,0.79,10.35,21.1,US,NASDAQ,555 Market Street,Minneapolis,(617) 343-9824,55401,Regeneron Pharmaceuticals is a leading biotechnology company in the healthcare sector.,103486,https://www.regeneron.com,2025-01-31
RF,Regions Financial Corporation,Financials,Banks,40,58.5,180.04,194.55,104.45,0.08,3.08,15.1,US,NYSE,800 Fifth Avenue,New York,(212) 792-7637,10001,Regions Financial Corporation is a leading banks company in the financials sector.,112047,https://www.regions.com,2025-01-31
RSG,Republic Services,Industrials,Environmental Services,40,39.4,546.59,692.74,518.98,2.12,13.87,20.0,US,NYSE,300 Industrial Parkway,Austin,(512) 428-5767,78701,Republic Services is a leading environmental services company in the industrials sector.,70692,https://www.republic.com,2025-01-31
RMD,ResMed,Healthcare,Medical Devices,50,37.1,294.88,356.43,221.42,2.98,7.95,26.6,US,NYSE,800 Fifth Avenue,Charlotte,(312) 900-3717,28201,ResMed is a leading medical devices company in the healthcare sector.,270055,https://www.resmed.com,2025-01-31
RVTY,Revvity,Healthcare,Medical Devices,50,17.1,110.01,140.43,85.4,3.92,6.43,10.8,US,NYSE,One Commerce Square,San Jose,(415) 567-1662,95101,Revvity is a leading medical devices company in the healthcare sector.,115224,https://www.revvity.com,2025-01-31
ROK,Rockwell Automation,Industrials,Electrical Equipment,40,21.2,464.04,536.31,298.66,3.01,21.89,15.3,US,NYSE,200 Park Avenue,Charlotte,(312) 597-8695,28201,Rockwell Automation is a leading electrical equipment company in the industrials sector.,238864,https://www.rockwell.com,2025-01-31
ROL,Rollins Inc.,Industrials,Environmental Services,40,10.3,532.48,697.23,314.85,4.36,51.7,17.4,US,NYSE,555 Market Street,Seattle,(206) 792-9918,98101,Rollins Inc. is a leading environmental services company in the industrials sector.,299428,https://www.rollins.com,2025-01-31
ROP,Roper Technologies,Technology,Electronics,60,45.3,129.09,154.41,104.74,3.76,2.85,22.9,US,NASDAQ,1000 Technology Drive,Atlanta,(404) 728-7649,30301,Roper Technologies is a leading electronics company in the technology sector.,185520,https://www.roper.com,2025-01-31
ROST,Ross Stores,Consumer Discretionary,Retail,40,27.7,495.82,677.82,448.65,0.03,17.9,21.9,US,NASDAQ,789 Innovation Way,Denver,(303) 435-2263,80201,Ross Stores is a leading retail company in the consumer discretionary sector.,270267,https://www.ross.com,2025-01-31
RCL,Royal Caribbean Group,Consumer Discretionary,Hospitality,40,20.1,396.78,446.28,275.72,3.23,19.74,8.1,US,NYSE,300 Industrial Parkway,Boston,(617) 538-2856,02101,Royal Caribbean Group is a leading hospitality company in the consumer discretionary sector.,252953,https://www.royal.com,2025-01-31
SPGI,S&P Global,Financials,Financial Services,40,35.3,414.88,533.67,335.6,1.85,11.75,10.4,US,NYSE,800 Fifth Avenue,Chicago,(312) 806-3639,60601,S&P Global is a leading financial services company in the financials sector.,71134,https://www.s&p.com,2025-01-31
CRM,Salesforce,Technology,Software,300,10.2,388.84,497.29,222.56,1.16,38.12,69.3,US,NASDAQ,800 Fifth Avenue,Atlanta,(404) 777-1305,30301,Salesforce is a leading software company in the technology sector.,149111,https://www.salesforce.com,2025-01-31
SBAC,SBA Communications,Real Estate,REITs,25,20.3,569.93,736.7,420.93,2.17,28.08,6.2,US,NYSE,800 Fifth Avenue,Atlanta,(404) 346-3979,30301,SBA Communications is a leading reits company in the real estate sector.,268308,https://www.sba.com,2025-01-31
SLB,Schlumberger,Energy,Oil & Gas Services,35,49.3,180.78,214.6,132.22,2.66,3.67,8.9,US,NYSE,789 Innovation Way,Atlanta,(404) 311-1271,30301,Schlumberger is a leading oil & gas services company in the energy sector.,106588,https://www.schlumberger.com,2025-01-31
STX,Seagate Technology,Technology,Hardware,60,59.8,327.95,434.12,288.79,2.72,5.48,13.8,US,NASDAQ,800 Fifth Avenue,Houston,(206) 814-1639,77001,Seagate Technology is a leading hardware company in the technology sector.,279122,https://www.seagate.com,2025-01-31
SRE,Sempra,Utilities,Utilities,25,14.7,316.9,393.87,190.82,2.72,21.56,13.1,US,NYSE,300 Industrial Parkway,Houston,(206) 734-7892,77001,Sempra is a leading utilities company in the utilities sector.,194684,https://www.sempra.com,2025-01-31
NOW,ServiceNow,Technology,Software,200,47.8,528.65,645.79,489.2,2.17,11.06,99.2,US,NASDAQ,800 Fifth Avenue,Austin,(512) 959-2600,78701,ServiceNow is a leading software company in the technology sector.,223578,https://www.servicenow.com,2025-01-31
SHW,Sherwin-Williams,Materials,Chemicals,25,35.2,106.31,121.51,95.0,1.27,3.02,13.6,US,NYSE,555 Market Street,Atlanta,(404) 393-1089,30301,Sherwin-Williams is a leading chemicals company in the materials sector.,4229,https://www.sherwin-williams.com,2025-01-31
SPG,Simon Property Group,Real Estate,REITs,25,14.7,359.45,378.46,291.81,3.09,24.45,7.3,US,NYSE,456 Corporate Blvd,Austin,(512) 358-7980,78701,Simon Property Group is a leading reits company in the real estate sector.,133476,https://www.simon.com,2025-01-31
SWKS,Skyworks Solutions,Technology,Semiconductors,60,38.6,178.94,228.3,142.21,4.46,4.64,19.7,US,NASDAQ,300 Industrial Parkway,Boston,(617) 765-8904,02101,Skyworks Solutions is a leading semiconductors company in the technology sector.,94200,https://www.skyworks.com,2025-01-31
SJM,J.M. Smucker Company,Consumer Staples,Food & Beverage,40,39.6,241.02,277.54,162.12,1.55,6.09,18.7,US,NYSE,789 Innovation Way,San Jose,(415) 875-2951,95101,J.M. Smucker Company is a leading food & beverage company in the consumer staples sector.,120966,https://www.jm.com,2025-01-31
SW,Smurfit Westrock,Materials,Packaging,25,47.9,284.56,317.2,180.92,1.8,5.94,7.6,US,NYSE,800 Fifth Avenue,Los Angeles,(213) 913-1852,90001,Smurfit Westrock is a leading packaging company in the materials sector.,84773,https://www.smurfit.com,2025-01-31
SNA,Snap-on,Industrials,Machinery,40,44.2,251.79,345.39,221.4,2.12,5.7,16.8,US,NYSE,456 Corporate Blvd,San Francisco,(415) 469-4633,94105,Snap-on is a leading machinery company in the industrials sector.,194924,https://www.snap-on.com,2025-01-31
SOLV,Solventum,Healthcare,Health Tech,50,10.2,75.62,91.03,71.37,2.76,7.41,19.2,US,NASDAQ,800 Fifth Avenue,San Jose,(415) 258-3871,95101,Solventum is a leading health tech company in the healthcare sector.,259691,https://www.solventum.com,2025-01-31
SO,Southern Company,Utilities,Electric Utilities,25,19.5,280.21,367.85,244.22,1.29,14.37,4.1,US,NYSE,1500 Broadway,Dallas,(214) 728-4795,75201,Southern Company is a leading electric utilities company in the utilities sector.,89357,https://www.southern.com,2025-01-31
LUV,Southwest Airlines,Industrials,Transportation,40,28.5,414.19,543.42,389.45,0.39,14.53,11.0,US,NYSE,200 Park Avenue,Atlanta,(404) 885-7474,30301,Southwest Airlines is a leading transportation company in the industrials sector.,213073,https://www.southwest.com,2025-01-31
SWK,Stanley Black & Decker,Industrials,Machinery,40,37.5,364.07,489.59,210.23,0.41,9.71,11.1,US,NYSE,1500 Broadway,Minneapolis,(617) 796-6703,55401,Stanley Black & Decker is a leading machinery company in the industrials sector.,182677,https://www.stanley.com,2025-01-31
SBUX,Starbucks,Consumer Discretionary,Restaurants,40,23.8,579.07,748.47,363.55,4.18,24.33,16.3,US,NASDAQ,789 Innovation Way,Seattle,(206) 616-9294,98101,Starbucks is a leading restaurants company in the consumer discretionary sector.,56318,https://www.starbucks.com,2025-01-31
STT,State Street Corporation,Financials,Asset Management,40,36.7,348.42,413.22,207.94,2.31,9.49,10.6,US,NYSE,800 Fifth Avenue,Los Angeles,(213) 456-8254,90001,State Street Corporation is a leading asset management company in the financials sector.,198198,https://www.state.com,2025-01-31
STLD,Steel Dynamics,Materials,Metals,25,51.9,351.01,474.91,328.02,2.06,6.76,8.9,US,NYSE,123 Main Street,Dallas,(214) 693-2904,75201,Steel Dynamics is a leading metals company in the materials sector.,135671,https://www.steel.com,2025-01-31
STE,Steris,Healthcare,Medical Devices,50,44.1,68.51,99.18,56.23,1.03,1.55,14.6,US,NYSE,1500 Broadway,Austin,(512) 748-1159,78701,Steris is a leading medical devices company in the healthcare sector.,138571,https://www.steris.com,2025-01-31
SYK,Stryker Corporation,Healthcare,Medical Devices,50,13.3,171.51,226.3,150.66,0.34,12.9,28.5,US,NYSE,200 Park Avenue,Denver,(303) 562-4580,80201,Stryker Corporation is a leading medical devices company in the healthcare sector.,141573,https://www.stryker.com,2025-01-31
SMCI,Supermicro,Technology,Hardware,60,50.5,134.19,190.83,84.01,3.32,2.66,15.3,US,NASDAQ,555 Market Street,Boston,(617) 411-4755,02101,Supermicro is a leading hardware company in the technology sector.,106808,https://www.supermicro.com,2025-01-31
SYF,Synchrony Financial,Financials,Consumer Finance,40,55.7,505.92,603.26,435.89,0.54,9.08,7.4,US,NYSE,One Commerce Square,Philadelphia,(212) 828-1108,19101,Synchrony Financial is a leading consumer finance company in the financials sector.,284388,https://www.synchrony.com,2025-01-31
SNPS,Synopsys,Technology,Software,60,56.3,576.06,690.4,389.51,4.04,10.23,32.8,US,NASDAQ,555 Market Street,Dallas,(214) 702-3996,75201,Synopsys is a leading software company in the technology sector.,268481,https://www.synopsys.com,2025-01-31
SYY,Sysco,Consumer Staples,Food Distribution,40,20.7,189.75,243.01,108.47,3.6,9.17,14.6,US,NYSE,123 Main Street,Los Angeles,(213) 714-6689,90001,Sysco is a leading food distribution company in the consumer staples sector.,206921,https://www.sysco.com,2025-01-31
TMUS,T-Mobile US,Communication Services,Telecom,50,52.2,520.43,641.63,311.29,2.33,9.97,14.6,US,NASDAQ,123 Main Street,New York,(212) 890-4452,10001,T-Mobile US is a leading telecom company in the communication services sector.,199429,https://www.t-mobile.com,2025-01-31
TROW,T. Rowe Price,Financials,Asset Management,40,26.5,361.17,467.76,236.16,2.47,13.63,10.3,US,NASDAQ,800 Fifth Avenue,Denver,(303) 551-6995,80201,T. Rowe Price is a leading asset management company in the financials sector.,96923,https://www.t.com,2025-01-31
TTWO,Take-Two Interactive,Communication Services,Entertainment,50,20.0,314.3,418.11,219.67,3.84,15.71,13.8,US,NASDAQ,800 Fifth Avenue,Chicago,(312) 334-4744,60601,Take-Two Interactive is a leading entertainment company in the communication services sector.,52860,https://www.take-two.com,2025-01-31
TPR,Tapestry Inc.,Consumer Discretionary,Apparel,40,53.8,440.86,560.83,393.48,0.88,8.19,20.4,US,NYSE,789 Innovation Way,San Jose,(415) 684-1159,95101,Tapestry Inc. is a leading apparel company in the consumer discretionary sector.,93093,https://www.tapestry.com,2025-01-31
TRGP,Targa Resources,Energy,Oil & Gas,35,15.7,270.27,380.35,216.83,2.4,17.21,10.2,US,NYSE,555 Market Street,Denver,(303) 456-1781,80201,Targa Resources is a leading oil & gas company in the energy sector.,209377,https://www.targa.com,2025-01-31
TGT,Target Corporation,Consumer Staples,Retail,40,17.3,86.42,98.19,56.32,3.78,5.0,7.7,US,NYSE,200 Park Avenue,San Jose,(415) 466-6914,95101,Target Corporation is a leading retail company in the consumer staples sector.,189404,https://www.target.com,2025-01-31
TEL,TE Connectivity,Technology,Electronics,60,61.1,349.4,402.89,194.94,0.55,5.72,32.4,US,NASDAQ,1000 Technology Drive,Dallas,(214) 790-9821,75201,TE Connectivity is a leading electronics company in the technology sector.,92008,https://www.te.com,2025-01-31
TDY,Teledyne Technologies,Technology,Electronics,60,24.2,588.24,694.14,443.64,3.49,24.31,21.1,US,NASDAQ,300 Industrial Parkway,San Francisco,(415) 828-5694,94105,Teledyne Technologies is a leading electronics company in the technology sector.,243639,https://www.teledyne.com,2025-01-31
TER,Teradyne,Technology,Semiconductor Equipment,60,16.3,390.08,435.73,340.57,1.52,23.93,26.0,US,NASDAQ,300 Industrial Parkway,Dallas,(214) 273-2296,75201,Teradyne is a leading semiconductor equipment company in the technology sector.,85434,https://www.teradyne.com,2025-01-31
TSLA,Tesla Inc.,Consumer Discretionary,Automotive,1200,25.9,225.87,296.16,188.41,2.72,8.72,393.5,US,NASDAQ,One Commerce Square,Houston,(206) 999-6950,77001,Tesla Inc. is a leading automotive company in the consumer discretionary sector.,273620,https://www.tesla.com,2025-01-31
TXN,Texas Instruments,Technology,Semiconductors,190,31.6,580.35,652.05,324.56,3.27,18.37,85.1,US,NASDAQ,456 Corporate Blvd,San Jose,(415) 415-3734,95101,Texas Instruments is a leading semiconductors company in the technology sector.,208666,https://www.texas.com,2025-01-31
TPL,Texas Pacific Land Corporation,Energy,Oil & Gas,35,11.6,88.72,124.34,68.26,0.12,7.65,11.5,US,NASDAQ,456 Corporate Blvd,Charlotte,(312) 306-5300,28201,Texas Pacific Land Corporation is a leading oil & gas company in the energy sector.,81908,https://www.texas.com,2025-01-31
TXT,Textron,Industrials,Aerospace,40,61.1,78.06,94.14,50.09,3.32,1.28,14.0,US,NYSE,789 Innovation Way,Chicago,(312) 739-3795,60601,Textron is a leading aerospace company in the industrials sector.,15479,https://www.textron.com,2025-01-31
TMO,Thermo Fisher Scientific,Healthcare,Life Sciences,250,28.3,50.04,70.86,44.82,2.1,1.77,135.5,US,NYSE,555 Market Street,Houston,(206) 761-8288,77001,Thermo Fisher Scientific is a leading life sciences company in the healthcare sector.,71339,https://www.thermo.com,2025-01-31
TJX,TJX Companies,Consumer Discretionary,Retail,40,47.8,582.64,653.03,459.72,2.84,12.19,17.4,US,NYSE,300 Industrial Parkway,Dallas,(214) 736-9745,75201,TJX Companies is a leading retail company in the consumer discretionary sector.,162851,https://www.tjx.com,2025-01-31
TKO,TKO Group Holdings,Communication Services,Entertainment,50,35.5,548.09,625.29,321.08,1.39,15.44,16.8,US,NYSE,555 Market Street,Chicago,(312) 210-1001,60601,TKO Group Holdings is a leading entertainment company in the communication services sector.,274868,https://www.tko.com,2025-01-31
TTD,Trade Desk,Communication Services,Advertising,50,56.3,494.77,587.57,364.98,0.04,8.79,28.2,US,NASDAQ,One Commerce Square,Charlotte,(312) 506-1149,28201,Trade Desk is a leading advertising company in the communication services sector.,226172,https://www.trade.com,2025-01-31
TSCO,Tractor Supply,Consumer Discretionary,Retail,40,42.0,484.84,663.6,372.98,0.85,11.54,21.9,US,NASDAQ,300 Industrial Parkway,Atlanta,(404) 455-3675,30301,Tractor Supply is a leading retail company in the consumer discretionary sector.,204827,https://www.tractor.com,2025-01-31
TT,Trane Technologies,Industrials,Building Products,40,20.6,502.2,543.22,401.82,2.32,24.38,20.4,US,NYSE,555 Market Street,Dallas,(214) 491-9715,75201,Trane Technologies is a leading building products company in the industrials sector.,141440,https://www.trane.com,2025-01-31
TDG,TransDigm Group,Industrials,Aerospace,40,56.6,265.36,297.99,176.69,2.87,4.69,17.1,US,NYSE,800 Fifth Avenue,Seattle,(206) 703-4076,98101,TransDigm Group is a leading aerospace company in the industrials sector.,168609,https://www.transdigm.com,2025-01-31
TRV,Travelers Companies,Financials,Insurance,40,10.8,41.06,51.9,25.64,0.46,3.8,10.8,US,NYSE,One Commerce Square,San Jose,(415) 944-1134,95101,Travelers Companies is a leading insurance company in the financials sector.,122559,https://www.travelers.com,2025-01-31
TRMB,Trimble Inc.,Technology,Electronics,60,8.8,81.41,92.55,58.46,3.54,9.25,22.5,US,NASDAQ,One Commerce Square,Austin,(512) 913-1519,78701,Trimble Inc. is a leading electronics company in the technology sector.,173645,https://www.trimble.com,2025-01-31
TFC,Truist Financial,Financials,Banks,40,50.8,75.73,83.94,49.72,1.77,1.49,15.8,US,NYSE,1000 Technology Drive,Chicago,(312) 456-7251,60601,Truist Financial is a leading banks company in the financials sector.,7114,https://www.truist.com,2025-01-31
TYL,Tyler Technologies,Technology,Software,60,51.8,99.52,114.41,85.44,1.99,1.92,28.9,US,NASDAQ,1000 Technology Drive,New York,(212) 671-2539,10001,Tyler Technologies is a leading software company in the technology sector.,273726,https://www.tyler.com,2025-01-31
TSN,Tyson Foods,Consumer Staples,Food & Beverage,40,19.9,409.62,493.86,382.78,4.21,20.58,8.9,US,NYSE,123 Main Street,San Jose,(415) 962-9534,95101,Tyson Foods is a leading food & beverage company in the consumer staples sector.,64537,https://www.tyson.com,2025-01-31
USB,U.S. Bancorp,Financials,Banks,40,44.4,174.39,196.97,157.82,3.89,3.93,9.9,US,NYSE,1000 Technology Drive,San Francisco,(415) 848-8113,94105,U.S. Bancorp is a leading banks company in the financials sector.,170638,https://www.us.com,2025-01-31
UBER,Uber,Industrials,Transportation,40,53.3,38.59,49.54,27.33,1.09,0.72,23.4,US,NYSE,One Commerce Square,Dallas,(214) 904-3539,75201,Uber is a leading transportation company in the industrials sector.,195219,https://www.uber.com,2025-01-31
UDR,UDR Inc.,Real Estate,REITs,25,22.2,469.35,586.67,386.92,1.52,21.14,14.7,US,NYSE,123 Main Street,Charlotte,(312) 261-6824,28201,UDR Inc. is a leading reits company in the real estate sector.,81197,https://www.udr.com,2025-01-31
ULTA,Ulta Beauty,Consumer Discretionary,Retail,40,53.1,429.76,472.88,276.37,4.42,8.09,20.2,US,NASDAQ,200 Park Avenue,Charlotte,(312) 649-4161,28201,Ulta Beauty is a leading retail company in the consumer discretionary sector.,11695,https://www.ulta.com,2025-01-31
UNP,Union Pacific Corporation,Industrials,Transportation,40,28.4,422.87,466.8,384.59,2.18,14.89,13.9,US,NYSE,1500 Broadway,Seattle,(206) 913-9029,98101,Union Pacific Corporation is a leading transportation company in the industrials sector.,99997,https://www.union.com,2025-01-31
UAL,United Airlines Holdings,Industrials,Transportation,40,39.0,353.02,416.38,260.3,3.9,9.05,16.8,US,NYSE,1500 Broadway,Minneapolis,(617) 364-2128,55401,United Airlines Holdings is a leading transportation company in the industrials sector.,278968,https://www.united.com,2025-01-31
UPS,United Parcel Service,Industrials,Transportation,40,24.9,118.36,136.75,82.48,0.0,4.75,17.5,US,NYSE,789 Innovation Way,Atlanta,(404) 219-6965,30301,United Parcel Service is a leading transportation company in the industrials sector.,125692,https://www.united.com,2025-01-31
URI,United Rentals,Industrials,Distribution,40,11.6,212.8,305.76,186.76,0.85,18.34,18.3,US,NYSE,1500 Broadway,Charlotte,(312) 357-5638,28201,United Rentals is a leading distribution company in the industrials sector.,169635,https://www.united.com,2025-01-31
UNH,UnitedHealth Group,Healthcare,Health Insurance,500,26.4,263.59,286.92,214.45,0.2,9.98,286.0,US,NYSE,123 Main Street,Chicago,(312) 406-2753,60601,UnitedHealth Group is a leading health insurance company in the healthcare sector.,254973,https://www.unitedhealth.com,2025-01-31
UHS,Universal Health Services,Healthcare,Health Services,50,9.8,139.22,181.92,98.21,2.2,14.21,21.5,US,NYSE,555 Market Street,Dallas,(214) 250-7002,75201,Universal Health Services is a leading health services company in the healthcare sector.,116222,https://www.universal.com,2025-01-31
VLO,Valero Energy,Energy,Oil & Gas,35,12.0,375.39,533.84,237.81,2.21,31.28,19.3,US,NYSE,One Commerce Square,San Francisco,(415) 854-1994,94105,Valero Energy is a leading oil & gas company in the energy sector.,189729,https://www.valero.com,2025-01-31
VTR,Ventas,Real Estate,REITs,25,61.5,348.07,423.39,242.82,3.19,5.66,13.0,US,NYSE,1500 Broadway,Seattle,(206) 241-2153,98101,Ventas is a leading reits company in the real estate sector.,159833,https://www.ventas.com,2025-01-31
VLTO,Veralto,Industrials,Environmental Services,40,20.3,74.42,93.61,43.94,1.04,3.67,12.9,US,NYSE,1500 Broadway,Boston,(617) 872-5075,02101,Veralto is a leading environmental services company in the industrials sector.,299358,https://www.veralto.com,2025-01-31
VRSN,Verisign,Technology,Internet Services,60,18.2,386.44,521.57,276.72,0.47,21.23,26.2,US,NYSE,One Commerce Square,Austin,(512) 919-7997,78701,Verisign is a leading internet services company in the technology sector.,55079,https://www.verisign.com,2025-01-31
VRSK,Verisk Analytics,Industrials,Consulting,40,18.3,125.08,151.42,85.68,0.71,6.83,24.0,US,NYSE,200 Park Avenue,Denver,(303) 522-6319,80201,Verisk Analytics is a leading consulting company in the industrials sector.,195388,https://www.verisk.com,2025-01-31
VZ,Verizon,Communication Services,Telecom,50,44.1,265.04,365.88,180.06,1.08,6.01,19.8,US,NYSE,1500 Broadway,Atlanta,(404) 962-5162,30301,Verizon is a leading telecom company in the communication services sector.,189248,https://www.verizon.com,2025-01-31
VRTX,Vertex Pharmaceuticals,Healthcare,Biotechnology,50,33.5,578.14,698.88,485.94,4.42,17.26,20.9,US,NASDAQ,789 Innovation Way,Los Angeles,(213) 509-1107,90001,Vertex Pharmaceuticals is a leading biotechnology company in the healthcare sector.,157961,https://www.vertex.com,2025-01-31
VTRS,Viatris,Healthcare,Pharmaceuticals,50,20.2,591.1,695.11,507.52,4.25,29.26,26.0,US,NASDAQ,1500 Broadway,Houston,(206) 723-3534,77001,Viatris is a leading pharmaceuticals company in the healthcare sector.,49933,https://www.viatris.com,2025-01-31
VICI,Vici Properties,Real Estate,REITs,25,28.3,51.51,56.94,35.89,2.62,1.82,6.4,US,NYSE,555 Market Street,Charlotte,(312) 294-7550,28201,Vici Properties is a leading reits company in the real estate sector.,298853,https://www.vici.com,2025-01-31
V,Visa Inc.,Financials,Fintech,600,49.9,553.19,740.96,479.71,0.78,11.09,312.9,US,NYSE,800 Fifth Avenue,San Jose,(415) 297-5921,95101,Visa Inc. is a leading fintech company in the financials sector.,20093,https://www.visa.com,2025-01-31
VST,Vistra Corp.,Utilities,Electric Utilities,25,40.8,446.55,482.9,255.59,3.47,10.94,7.7,US,NYSE,300 Industrial Parkway,Minneapolis,(617) 626-2974,55401,Vistra Corp. is a leading electric utilities company in the utilities sector.,119365,https://www.vistra.com,2025-01-31
VMC,Vulcan Materials Company,Materials,Building Materials,25,56.4,456.18,648.44,366.57,2.84,8.09,4.4,US,NYSE,123 Main Street,Los Angeles,(213) 526-9846,90001,Vulcan Materials Company is a leading building materials company in the materials sector.,296677,https://www.vulcan.com,2025-01-31
WRB,W.R. Berkley Corporation,Financials,Insurance,40,36.6,115.26,131.2,65.72,3.29,3.15,13.1,US,NYSE,800 Fifth Avenue,Denver,(303) 789-9269,80201,W.R. Berkley Corporation is a leading insurance company in the financials sector.,47729,https://www.wr.com,2025-01-31
GWW,W.W. Grainger,Industrials,Machinery,40,24.5,156.59,189.12,94.4,0.37,6.39,16.3,US,NYSE,1500 Broadway,New York,(212) 608-5301,10001,W.W. Grainger is a leading machinery company in the industrials sector.,45105,https://www.ww.com,2025-01-31
WAB,Wabtec,Industrials,Machinery,40,32.8,257.16,341.8,219.82,2.16,7.84,9.6,US,NYSE,800 Fifth Avenue,Atlanta,(404) 400-9589,30301,Wabtec is a leading machinery company in the industrials sector.,129603,https://www.wabtec.com,2025-01-31
WBA,Walgreens Boots Alliance,Consumer Staples,Retail,40,23.2,168.12,205.45,138.51,2.59,7.25,8.0,US,NASDAQ,300 Industrial Parkway,Atlanta,(404) 574-6706,30301,Walgreens Boots Alliance is a leading retail company in the consumer staples sector.,100371,https://www.walgreens.com,2025-01-31
WMT,Walmart,Consumer Staples,Retail,700,41.9,212.82,225.52,143.0,4.44,5.08,299.1,US,NYSE,One Commerce Square,Charlotte,(312) 838-3389,28201,Walmart is a leading retail company in the consumer staples sector.,231429,https://www.walmart.com,2025-01-31
DIS,Walt Disney Company,Communication Services,Entertainment,50,54.6,55.58,62.8,38.88,3.41,1.02,26.7,US,NYSE,123 Main Street,San Francisco,(415) 448-3419,94105,Walt Disney Company is a leading entertainment company in the communication services sector.,151329,https://www.walt.com,2025-01-31
WBD,Warner Bros. Discovery,Communication Services,Media,50,47.5,37.83,41.41,27.62,0.1,0.8,12.2,US,NYSE,1000 Technology Drive,Los Angeles,(213) 408-9952,90001,Warner Bros. Discovery is a leading media company in the communication services sector.,274842,https://www.warner.com,2025-01-31
WM,Waste Management,Industrials,Environmental Services,40,39.3,457.7,594.65,433.41,3.13,11.65,18.0,US,NYSE,800 Fifth Avenue,Atlanta,(404) 879-9631,30301,Waste Management is a leading environmental services company in the industrials sector.,23297,https://www.waste.com,2025-01-31
WAT,Waters Corporation,Healthcare,Life Sciences,50,11.4,175.61,198.49,145.51,1.22,15.4,18.0,US,NYSE,456 Corporate Blvd,New York,(212) 597-5445,10001,Waters Corporation is a leading life sciences company in the healthcare sector.,189358,https://www.waters.com,2025-01-31
WEC,WEC Energy Group,Utilities,Electric Utilities,25,9.1,522.64,730.11,423.22,1.04,57.43,8.0,US,NYSE,456 Corporate Blvd,San Jose,(415) 523-8940,95101,WEC Energy Group is a leading electric utilities company in the utilities sector.,279190,https://www.wec.com,2025-01-31
WFC,Wells Fargo,Financials,Banks,40,19.3,80.17,115.18,62.07,3.21,4.15,6.7,US,NYSE,1500 Broadway,Houston,(206) 512-6465,77001,Wells Fargo is a leading banks company in the financials sector.,257365,https://www.wells.com,2025-01-31
WELL,Welltower,Real Estate,REITs,25,16.9,254.24,302.22,175.62,2.81,15.04,6.4,US,NYSE,555 Market Street,Los Angeles,(213) 263-5221,90001,Welltower is a leading reits company in the real estate sector.,203488,https://www.welltower.com,2025-01-31
WST,West Pharmaceutical Services,Healthcare,Medical Devices,50,54.4,537.53,570.74,414.96,1.26,9.88,10.9,US,NYSE,300 Industrial Parkway,Houston,(206) 872-3248,77001,West Pharmaceutical Services is a leading medical devices company in the healthcare sector.,46529,https://www.west.com,2025-01-31
WDC,Western Digital,Technology,Hardware,60,37.7,446.04,589.31,401.03,3.09,11.83,20.3,US,NASDAQ,789 Innovation Way,Dallas,(214) 636-6118,75201,Western Digital is a leading hardware company in the technology sector.,173140,https://www.western.com,2025-01-31
WY,Weyerhaeuser,Real Estate,REITs,25,15.5,286.03,374.98,223.79,3.08,18.45,6.0,US,NYSE,555 Market Street,Chicago,(312) 905-9582,60601,Weyerhaeuser is a leading reits company in the real estate sector.,71411,https://www.weyerhaeuser.com,2025-01-31
WSM,Williams-Sonoma Inc.,Consumer Discretionary,Retail,40,59.8,275.14,373.65,223.55,2.54,4.6,8.8,US,NYSE,1500 Broadway,San Francisco,(415) 745-2939,94105,Williams-Sonoma Inc. is a leading retail company in the consumer discretionary sector.,97039,https://www.williams-sonoma.com,2025-01-31
WMB,Williams Companies,Energy,Oil & Gas,35,58.1,211.03,282.96,180.68,3.96,3.63,11.8,US,NYSE,555 Market Street,Atlanta,(404) 653-5485,30301,Williams Companies is a leading oil & gas company in the energy sector.,80169,https://www.williams.com,2025-01-31
WTW,Willis Towers Watson,Financials,Insurance,40,14.1,474.09,532.83,405.34,2.75,33.62,10.8,US,NYSE,800 Fifth Avenue,Dallas,(214) 436-4804,75201,Willis Towers Watson is a leading insurance company in the financials sector.,121564,https://www.willis.com,2025-01-31
WDAY,Workday Inc.,Technology,Software,60,28.5,421.81,559.01,312.41,2.26,14.8,25.3,US,NASDAQ,200 Park Avenue,San Jose,(415) 388-7348,95101,Workday Inc. is a leading software company in the technology sector.,258159,https://www.workday.com,2025-01-31
WYNN,Wynn Resorts,Consumer Discretionary,Entertainment,40,17.3,300.09,342.26,214.09,4.36,17.35,22.7,US,NASDAQ,1000 Technology Drive,Atlanta,(404) 960-4323,30301,Wynn Resorts is a leading entertainment company in the consumer discretionary sector.,107749,https://www.wynn.com,2025-01-31
XEL,Xcel Energy,Utilities,Utilities,25,60.8,67.7,97.78,60.72,2.2,1.11,7.4,US,NYSE,1000 Technology Drive,Denver,(303) 637-7633,80201,Xcel Energy is a leading utilities company in the utilities sector.,22429,https://www.xcel.com,2025-01-31
XYL,Xylem Inc.,Industrials,Machinery,40,55.0,376.52,503.81,266.45,4.23,6.85,16.3,US,NYSE,1500 Broadway,Los Angeles,(213) 856-1630,90001,Xylem Inc. is a leading machinery company in the industrials sector.,273470,https://www.xylem.com,2025-01-31
YUM,Yum! Brands,Consumer Discretionary,Restaurants,40,34.0,92.31,129.34,83.18,1.11,2.71,15.7,US,NYSE,123 Main Street,San Jose,(415) 771-7347,95101,Yum! Brands is a leading restaurants company in the consumer discretionary sector.,271099,https://www.yum!.com,2025-01-31
ZBRA,Zebra Technologies,Technology,Electronics,60,62.9,466.14,524.85,338.33,3.98,7.41,29.9,US,NASDAQ,One Commerce Square,Seattle,(206) 370-7921,98101,Zebra Technologies is a leading electronics company in the technology sector.,154860,https://www.zebra.com,2025-01-31
ZBH,Zimmer Biomet,Healthcare,Medical Devices,50,11.1,379.49,476.94,230.31,3.73,34.19,17.7,US,NYSE,1500 Broadway,San Jose,(415) 315-3945,95101,Zimmer Biomet is a leading medical devices company in the healthcare sector.,286974,https://www.zimmer.com,2025-01-31
ZTS,Zoetis,Healthcare,Pharmaceuticals,50,31.6,107.12,131.8,66.58,2.66,3.39,23.5,US,NYSE,One Commerce Square,Boston,(617) 292-5097,02101,Zoetis is a leading pharmaceuticals company in the healthcare sector.,170408,https://www.zoetis.com,2025-01-31
